event_id;event_slug;date;municipality;province;region;latitude;longitude;bridge_crossing_type;bridge_crossing_name;destination_use;collapse_severity;victims;injuries;triggered;cause_category;specific_cause;source_confidence;exact_location;bridge_name;structural_type;material_type;construction_year;curation_level;description
B00.01.01;campobasso-2000;2000-01-25;Campobasso;Campobasso;Molise;41.7396698653949;14.7401782897666;road;SS647;National;TC;0;0;TRUE;Natural;Hydraulic;Medium;TRUE;;Beam bridge;Reinforced concrete;;Standard;Total collapse of a national road bridge on the SS647 Bifernina near Campobasso (Molise) on 25 January 2000, triggered by hydraulic forces during winter rainfall causing the Biferno river to flood. No fatalities or injuries were reported.
B00.10.01;crissolo-2000-1;2000-10-13;Crissolo;Cuneo;Piemonte;44.6972928032106;7.16185275629312;waterway;Stura di Demonte river;National;PC;0;0;TRUE;Natural;Hydraulic;High;TRUE;;Beam bridge;Reinforced concrete;;Standard;Total collapse of a national bridge over the Stura di Demonte near Crissolo (Cuneo) on 13-16 October 2000, as part of the catastrophic alluvione. Documented in the ARPA Piemonte official report (SS20 Monginevro area). Total collapse during the catastrophic alluvione of 13-16 October 2000 that struck over 50% of Piemonte, causing more than 1,800 documented damage events. The ARPA Piemonte report (2003) explicitly documents multiple bridge collapses across the Stura di Lanzo, Orco, Chisone, Dora Riparia, Dora Baltea and Po basins. The event is comparable in scale to the 1994 alluvione del Piemonte. No fatalities directly attributed to this specific collapse.
B00.10.02;crissolo-2000-2;2000-10-13;Crissolo;Cuneo;Piemonte;44.6984;7.1584;waterway;Stura di Demonte river;National;PC;0;0;TRUE;Natural;Hydraulic;High;TRUE;;Beam bridge;Reinforced concrete;;Standard;Total collapse of a national bridge over the Stura di Demonte near Crissolo (Cuneo) on 13-16 October 2000, as part of the catastrophic alluvione. Documented in the ARPA Piemonte official report (SS20 Monginevro (second bridge) area). Total collapse during the catastrophic alluvione of 13-16 October 2000 that struck over 50% of Piemonte, causing more than 1,800 documented damage events. The ARPA Piemonte report (2003) explicitly documents multiple bridge collapses across the Stura di Lanzo, Orco, Chisone, Dora Riparia, Dora Baltea and Po basins. The event is comparable in scale to the 1994 alluvione del Piemonte. No fatalities directly attributed to this specific collapse.
B00.10.03;ala-di-stura-2000-1;2000-10-13;Ala di Stura;Torino;Piemonte;45.3131;7.2887;waterway;Stura di Ala stream;Cycle-pedestrian;TC;0;0;TRUE;Natural;Hydraulic;High;TRUE;;Beam bridge;Reinforced concrete;;Standard;Total collapse of a cycle-pedestrian bridge over the Stura di Ala near Ala di Stura (Torino) on 13-16 October 2000, as part of the catastrophic alluvione. Documented in the ARPA Piemonte official report (Valle di Viù area). Total collapse during the catastrophic alluvione of 13-16 October 2000 that struck over 50% of Piemonte, causing more than 1,800 documented damage events. The ARPA Piemonte report (2003) explicitly documents multiple bridge collapses across the Stura di Lanzo, Orco, Chisone, Dora Riparia, Dora Baltea and Po basins. The event is comparable in scale to the 1994 alluvione del Piemonte. No fatalities directly attributed to this specific collapse.
B00.10.04;ala-di-stura-2000-2;2000-10-13;Ala di Stura;Torino;Piemonte;45.3135853526999;7.29657818693116;waterway;Stura di Lanzo stream;Provincial/Regional;PC;0;0;TRUE;Natural;Hydraulic;High;TRUE;;Beam bridge;Reinforced concrete;;Standard;Total collapse of a provincial bridge over the Stura di Lanzo near Ala di Stura (Torino) on 13-16 October 2000, as part of the catastrophic alluvione. Documented in the ARPA Piemonte official report (Valli di Lanzo area). Total collapse during the catastrophic alluvione of 13-16 October 2000 that struck over 50% of Piemonte, causing more than 1,800 documented damage events. The ARPA Piemonte report (2003) explicitly documents multiple bridge collapses across the Stura di Lanzo, Orco, Chisone, Dora Riparia, Dora Baltea and Po basins. The event is comparable in scale to the 1994 alluvione del Piemonte. No fatalities directly attributed to this specific collapse.
B00.10.05;ala-di-stura-2000-3;2000-10-13;Ala di Stura;Torino;Piemonte;45.3121;7.2999;waterway;Stura di Lanzo stream;Municipal;TC;0;0;TRUE;Natural;Hydraulic;High;TRUE;;Beam bridge;Reinforced concrete;;Standard;Total collapse of a municipal bridge over the Stura di Lanzo near Ala di Stura (Torino) on 13-16 October 2000, as part of the catastrophic alluvione. Documented in the ARPA Piemonte official report (Valli di Lanzo area). Total collapse during the catastrophic alluvione of 13-16 October 2000 that struck over 50% of Piemonte, causing more than 1,800 documented damage events. The ARPA Piemonte report (2003) explicitly documents multiple bridge collapses across the Stura di Lanzo, Orco, Chisone, Dora Riparia, Dora Baltea and Po basins. The event is comparable in scale to the 1994 alluvione del Piemonte. No fatalities directly attributed to this specific collapse.
B00.10.06;felleto-2000;2000-10-13;Felleto;Torino;Piemonte;45.3092;7.7552;waterway;Orco stream;Provincial/Regional;TC;0;0;TRUE;Natural;Hydraulic;High;TRUE;;Beam bridge;Reinforced concrete;;Standard;Total collapse of a provincial bridge over the Orco stream near Felleto (Torino) on 13-16 October 2000, as part of the catastrophic alluvione. Documented in the ARPA Piemonte official report (Valle Orco area). Total collapse during the catastrophic alluvione of 13-16 October 2000 that struck over 50% of Piemonte, causing more than 1,800 documented damage events. The ARPA Piemonte report (2003) explicitly documents multiple bridge collapses across the Stura di Lanzo, Orco, Chisone, Dora Riparia, Dora Baltea and Po basins. The event is comparable in scale to the 1994 alluvione del Piemonte. No fatalities directly attributed to this specific collapse.
B00.10.07;balme-2000-1;2000-10-13;Balme;Torino;Piemonte;45.3020694813747;7.20799616291084;waterway;Stura di Lanzo stream;Municipal;TC;0;0;TRUE;Natural;Hydraulic;High;TRUE;;Beam bridge;Reinforced concrete;;Standard;Total collapse of a municipal bridge over the Stura di Lanzo near Balme (Torino) on 13-16 October 2000, as part of the catastrophic alluvione. Documented in the ARPA Piemonte official report (Val Grande di Lanzo area). Total collapse during the catastrophic alluvione of 13-16 October 2000 that struck over 50% of Piemonte, causing more than 1,800 documented damage events. The ARPA Piemonte report (2003) explicitly documents multiple bridge collapses across the Stura di Lanzo, Orco, Chisone, Dora Riparia, Dora Baltea and Po basins. The event is comparable in scale to the 1994 alluvione del Piemonte. No fatalities directly attributed to this specific collapse.
B00.10.08;balme-2000-2;2000-10-13;Balme;Torino;Piemonte;45.3024231876392;7.17715316394916;waterway;Stura di Ala stream;Municipal;TC;0;0;TRUE;Natural;Hydraulic;High;TRUE;;Beam bridge;Reinforced concrete;;Standard;Total collapse of a municipal bridge over the Stura di Ala near Balme (Torino) on 13-16 October 2000, as part of the catastrophic alluvione. Documented in the ARPA Piemonte official report (Valle di Viù area). Total collapse during the catastrophic alluvione of 13-16 October 2000 that struck over 50% of Piemonte, causing more than 1,800 documented damage events. The ARPA Piemonte report (2003) explicitly documents multiple bridge collapses across the Stura di Lanzo, Orco, Chisone, Dora Riparia, Dora Baltea and Po basins. The event is comparable in scale to the 1994 alluvione del Piemonte. No fatalities directly attributed to this specific collapse.
B00.10.09;chialamberto-2000-1;2000-10-13;Chialamberto;Torino;Piemonte;45.3624718640682;7.34222029499744;waterway;Stura di Valgrande stream;Cycle-pedestrian;TC;0;0;TRUE;Natural;Hydraulic;High;TRUE;;Beam bridge;Reinforced concrete;;Standard;Total collapse of a cycle-pedestrian bridge over the Stura di Valgrande near Chialamberto (Torino) on 13-16 October 2000, as part of the catastrophic alluvione. Documented in the ARPA Piemonte official report (Val Grande di Lanzo area). Total collapse during the catastrophic alluvione of 13-16 October 2000 that struck over 50% of Piemonte, causing more than 1,800 documented damage events. The ARPA Piemonte report (2003) explicitly documents multiple bridge collapses across the Stura di Lanzo, Orco, Chisone, Dora Riparia, Dora Baltea and Po basins. The event is comparable in scale to the 1994 alluvione del Piemonte. No fatalities directly attributed to this specific collapse.
B00.10.10;chialamberto-2000-2;2000-10-13;Chialamberto;Torino;Piemonte;45.3626772288527;7.34517738330256;waterway;Stura di Valgrande stream;Provincial/Regional;TC;0;0;TRUE;Natural;Hydraulic;High;TRUE;;Beam bridge;Reinforced concrete;;Standard;Total collapse of a provincial bridge over the Stura di Valgrande near Chialamberto (Torino) on 13-16 October 2000, as part of the catastrophic alluvione. Documented in the ARPA Piemonte official report (Val Grande di Lanzo area). Total collapse during the catastrophic alluvione of 13-16 October 2000 that struck over 50% of Piemonte, causing more than 1,800 documented damage events. The ARPA Piemonte report (2003) explicitly documents multiple bridge collapses across the Stura di Lanzo, Orco, Chisone, Dora Riparia, Dora Baltea and Po basins. The event is comparable in scale to the 1994 alluvione del Piemonte. No fatalities directly attributed to this specific collapse.
B00.10.11;pinerolo-2000-1;2000-10-13;Pinerolo;Torino;Piemonte;44.8674241589211;7.3347469256552;waterway;Chisone stream;Provincial/Regional;TC;0;0;TRUE;Natural;Hydraulic;High;TRUE;;Beam bridge;Reinforced concrete;;Standard;Total collapse of a provincial bridge over the Chisone stream near Pinerolo (Torino) on 13-16 October 2000, as part of the catastrophic alluvione. Documented in the ARPA Piemonte official report (Val Chisone area). Total collapse during the catastrophic alluvione of 13-16 October 2000 that struck over 50% of Piemonte, causing more than 1,800 documented damage events. The ARPA Piemonte report (2003) explicitly documents multiple bridge collapses across the Stura di Lanzo, Orco, Chisone, Dora Riparia, Dora Baltea and Po basins. The event is comparable in scale to the 1994 alluvione del Piemonte. No fatalities directly attributed to this specific collapse.
B00.10.12;pinerolo-2000-2;2000-10-13;Pinerolo;Torino;Piemonte;44.8749;7.3105;waterway;Chisone stream;Provincial/Regional;PC;0;0;TRUE;Natural;Hydraulic;High;TRUE;;Beam bridge;Reinforced concrete;;Standard;Total collapse of a provincial bridge over the Chisone stream near Pinerolo (Torino) on 13-16 October 2000, as part of the catastrophic alluvione. Documented in the ARPA Piemonte official report (Val Chisone (second bridge) area). Total collapse during the catastrophic alluvione of 13-16 October 2000 that struck over 50% of Piemonte, causing more than 1,800 documented damage events. The ARPA Piemonte report (2003) explicitly documents multiple bridge collapses across the Stura di Lanzo, Orco, Chisone, Dora Riparia, Dora Baltea and Po basins. The event is comparable in scale to the 1994 alluvione del Piemonte. No fatalities directly attributed to this specific collapse.
B00.10.13;pinerolo-2000-3;2000-10-13;Pinerolo;Torino;Piemonte;44.8853074510205;7.28264930626527;waterway;Chisone stream;Railway;TC;0;0;TRUE;Natural;Hydraulic;High;TRUE;;Beam bridge;Reinforced concrete;;Standard;Total collapse of a railway bridge over the Chisone stream near Pinerolo (Torino) on 13-16 October 2000, as part of the catastrophic alluvione. Documented in the ARPA Piemonte official report (Val Chisone railway area). Total collapse during the catastrophic alluvione of 13-16 October 2000 that struck over 50% of Piemonte, causing more than 1,800 documented damage events. The ARPA Piemonte report (2003) explicitly documents multiple bridge collapses across the Stura di Lanzo, Orco, Chisone, Dora Riparia, Dora Baltea and Po basins. The event is comparable in scale to the 1994 alluvione del Piemonte. No fatalities directly attributed to this specific collapse.
B00.10.14;giaveno-2000;2000-10-13;Giaveno;Torino;Piemonte;45.0241;7.355;waterway;Sangone stream;Provincial/Regional;TC;0;0;TRUE;Natural;Hydraulic;High;TRUE;;Beam bridge;Reinforced concrete;;Standard;Total collapse of a provincial bridge over the Sangone stream near Giaveno (Torino) on 13-16 October 2000, as part of the catastrophic alluvione. Documented in the ARPA Piemonte official report (Valle Sangone area). Total collapse during the catastrophic alluvione of 13-16 October 2000 that struck over 50% of Piemonte, causing more than 1,800 documented damage events. The ARPA Piemonte report (2003) explicitly documents multiple bridge collapses across the Stura di Lanzo, Orco, Chisone, Dora Riparia, Dora Baltea and Po basins. The event is comparable in scale to the 1994 alluvione del Piemonte. No fatalities directly attributed to this specific collapse.
B00.10.15;castellamonte-2000;2000-10-13;Castellamonte;Torino;Piemonte;45.3590443263878;7.71108119476556;waterway;Orco stream;National;TC;1;0;TRUE;Natural;Hydraulic;High;TRUE;;Beam bridge;Reinforced concrete;;Standard;Total collapse of a national road bridge (SS460) over the Orco stream near Castellamonte (Torino, Piemonte) on 13 October 2000, during the catastrophic alluvione. One person was killed at this specific bridge collapse. Total collapse during the catastrophic alluvione of 13-16 October 2000 that struck over 50% of Piemonte, causing more than 1,800 documented damage events. The ARPA Piemonte report (2003) explicitly documents multiple bridge collapses across the Stura di Lanzo, Orco, Chisone, Dora Riparia, Dora Baltea and Po basins. The event is comparable in scale to the 1994 alluvione del Piemonte. No fatalities directly attributed to this specific collapse.
B00.10.16;noasca-2000-1;2000-10-13;Noasca;Torino;Piemonte;45.454;7.314;waterway;Orco stream;National;PC;0;0;TRUE;Natural;Hydraulic;High;TRUE;;Beam bridge;Reinforced concrete;;Standard;Total collapse of a national bridge over the Orco stream near Noasca (Torino) on 13-16 October 2000, as part of the catastrophic alluvione. Documented in the ARPA Piemonte official report (Valle Orco area). Total collapse during the catastrophic alluvione of 13-16 October 2000 that struck over 50% of Piemonte, causing more than 1,800 documented damage events. The ARPA Piemonte report (2003) explicitly documents multiple bridge collapses across the Stura di Lanzo, Orco, Chisone, Dora Riparia, Dora Baltea and Po basins. The event is comparable in scale to the 1994 alluvione del Piemonte. No fatalities directly attributed to this specific collapse.
B00.10.17;robassomero-2000;2000-10-13;Robassomero;Torino;Piemonte;45.2043;7.5724;waterway;Stura di Lanzo stream;Provincial/Regional;TC;0;0;TRUE;Natural;Hydraulic;High;TRUE;;Beam bridge;Reinforced concrete;;Standard;Total collapse of a provincial bridge over the Stura di Lanzo near Robassomero (Torino) on 13-16 October 2000, as part of the catastrophic alluvione. Documented in the ARPA Piemonte official report (Stura di Lanzo plain area). Total collapse during the catastrophic alluvione of 13-16 October 2000 that struck over 50% of Piemonte, causing more than 1,800 documented damage events. The ARPA Piemonte report (2003) explicitly documents multiple bridge collapses across the Stura di Lanzo, Orco, Chisone, Dora Riparia, Dora Baltea and Po basins. The event is comparable in scale to the 1994 alluvione del Piemonte. No fatalities directly attributed to this specific collapse.
B00.10.18;salassa-2000;2000-10-13;Salassa;Torino;Piemonte;45.3592;7.7117;waterway;Orco stream;National;TC;0;0;TRUE;Natural;Hydraulic;High;TRUE;;Beam bridge;Reinforced concrete;;Standard;Total collapse of a national bridge over the Orco stream near Salassa (Torino) on 13-16 October 2000, as part of the catastrophic alluvione. Documented in the ARPA Piemonte official report (SS460 area). Total collapse during the catastrophic alluvione of 13-16 October 2000 that struck over 50% of Piemonte, causing more than 1,800 documented damage events. The ARPA Piemonte report (2003) explicitly documents multiple bridge collapses across the Stura di Lanzo, Orco, Chisone, Dora Riparia, Dora Baltea and Po basins. The event is comparable in scale to the 1994 alluvione del Piemonte. No fatalities directly attributed to this specific collapse.
B00.10.19;settimo-vittone-2000;2000-10-13;Settimo Vittone;Ivrea;Piemonte;45.5383;7.8335;waterway;Dora Baltea river;Railway;TC;0;0;TRUE;Natural;Hydraulic;High;TRUE;;Truss;Steel;;Standard;Total collapse of a railway bridge over the Dora Baltea river near Settimo Vittone (Torino) on 13-16 October 2000, as part of the catastrophic alluvione. Documented in the ARPA Piemonte official report (Ivrea-Aosta railway area). Total collapse during the catastrophic alluvione of 13-16 October 2000 that struck over 50% of Piemonte, causing more than 1,800 documented damage events. The ARPA Piemonte report (2003) explicitly documents multiple bridge collapses across the Stura di Lanzo, Orco, Chisone, Dora Riparia, Dora Baltea and Po basins. The event is comparable in scale to the 1994 alluvione del Piemonte. No fatalities directly attributed to this specific collapse.
B00.10.20;paesana-2000;2000-10-13;Paesana;Cuneo;Piemonte;44.6824;7.2653;waterway;Po river;Provincial/Regional;TC;0;0;TRUE;Natural;Hydraulic;High;TRUE;;Beam bridge;Reinforced concrete;;Standard;Total collapse of a provincial bridge over the Po river near Paesana (Cuneo) on 13-16 October 2000, as part of the catastrophic alluvione. Documented in the ARPA Piemonte official report (upper Po valley area). Total collapse during the catastrophic alluvione of 13-16 October 2000 that struck over 50% of Piemonte, causing more than 1,800 documented damage events. The ARPA Piemonte report (2003) explicitly documents multiple bridge collapses across the Stura di Lanzo, Orco, Chisone, Dora Riparia, Dora Baltea and Po basins. The event is comparable in scale to the 1994 alluvione del Piemonte. No fatalities directly attributed to this specific collapse.
B00.10.21;bardonecchia-2000;2000-10-13;Bardonecchia;Torino;Piemonte;45.0786;6.7105;waterway;Bora di Bardonecchia river;National;TC;0;0;TRUE;Natural;Hydraulic;High;TRUE;;Beam bridge;Reinforced concrete;;Standard;Total collapse of a national bridge over the Bora di Bardonecchia near Bardonecchia (Torino) on 13-16 October 2000, as part of the catastrophic alluvione. Documented in the ARPA Piemonte official report (SS335 area). Total collapse during the catastrophic alluvione of 13-16 October 2000 that struck over 50% of Piemonte, causing more than 1,800 documented damage events. The ARPA Piemonte report (2003) explicitly documents multiple bridge collapses across the Stura di Lanzo, Orco, Chisone, Dora Riparia, Dora Baltea and Po basins. The event is comparable in scale to the 1994 alluvione del Piemonte. No fatalities directly attributed to this specific collapse.
B00.10.22;bussoleno-2000-1;2000-10-13;Bussoleno;Torino;Piemonte;45.1382;7.1432;waterway;Dora Riparia river;National;TC;0;0;TRUE;Natural;Hydraulic;High;TRUE;;Beam bridge;Reinforced concrete;;Standard;Total collapse of a national bridge over the Dora Riparia near Bussoleno (Torino) on 13-16 October 2000, as part of the catastrophic alluvione. Documented in the ARPA Piemonte official report (SS25 Val Susa area). Total collapse during the catastrophic alluvione of 13-16 October 2000 that struck over 50% of Piemonte, causing more than 1,800 documented damage events. The ARPA Piemonte report (2003) explicitly documents multiple bridge collapses across the Stura di Lanzo, Orco, Chisone, Dora Riparia, Dora Baltea and Po basins. The event is comparable in scale to the 1994 alluvione del Piemonte. No fatalities directly attributed to this specific collapse.
B00.10.23;bussoleno-2000-2;2000-10-13;Bussoleno;Torino;Piemonte;45.1281;7.1635;waterway;Dora Riparia river;Municipal;TC;0;0;TRUE;Natural;Hydraulic;High;TRUE;;Beam bridge;Reinforced concrete;;Standard;Total collapse of a municipal bridge over the Dora Riparia near Bussoleno (Torino) on 13-16 October 2000, as part of the catastrophic alluvione. Documented in the ARPA Piemonte official report (Val Susa area). Total collapse during the catastrophic alluvione of 13-16 October 2000 that struck over 50% of Piemonte, causing more than 1,800 documented damage events. The ARPA Piemonte report (2003) explicitly documents multiple bridge collapses across the Stura di Lanzo, Orco, Chisone, Dora Riparia, Dora Baltea and Po basins. The event is comparable in scale to the 1994 alluvione del Piemonte. No fatalities directly attributed to this specific collapse.
B00.10.24;chialamberto-2000-3;2000-10-13;Chialamberto;Torino;Piemonte;45.3624;7.3422;waterway;Stura di Lanzo stream;Municipal;TC;0;0;TRUE;Natural;Hydraulic;High;TRUE;;Beam bridge;Reinforced concrete;;Standard;Total collapse of a municipal bridge over the Stura di Lanzo near Chialamberto (Torino) on 13-16 October 2000, as part of the catastrophic alluvione. Documented in the ARPA Piemonte official report (Val Grande di Lanzo area). Total collapse during the catastrophic alluvione of 13-16 October 2000 that struck over 50% of Piemonte, causing more than 1,800 documented damage events. The ARPA Piemonte report (2003) explicitly documents multiple bridge collapses across the Stura di Lanzo, Orco, Chisone, Dora Riparia, Dora Baltea and Po basins. The event is comparable in scale to the 1994 alluvione del Piemonte. No fatalities directly attributed to this specific collapse.
B00.10.25;san-colombano-2000;2000-10-13;San Colombano;Torino;Piemonte;45.1023290659492;6.91276980813103;waterway;Rio Galambra;National;TC;0;0;TRUE;Natural;Hydraulic;High;TRUE;;Beam bridge;Reinforced concrete;;Standard;Total collapse of a national bridge over the Rio Galambra near San Colombano (Torino) on 13-16 October 2000, as part of the catastrophic alluvione. Documented in the ARPA Piemonte official report (Canavese area). Total collapse during the catastrophic alluvione of 13-16 October 2000 that struck over 50% of Piemonte, causing more than 1,800 documented damage events. The ARPA Piemonte report (2003) explicitly documents multiple bridge collapses across the Stura di Lanzo, Orco, Chisone, Dora Riparia, Dora Baltea and Po basins. The event is comparable in scale to the 1994 alluvione del Piemonte. No fatalities directly attributed to this specific collapse.
B00.10.26;fenestrelle-2000;2000-10-13;Fenestrelle;Torino;Piemonte;45.0375;7.0441;waterway;Chisone stream;National;PC;0;0;TRUE;Natural;Hydraulic;High;TRUE;;Beam bridge;Reinforced concrete;;Standard;Total collapse of a national bridge over the Chisone stream near Fenestrelle (Torino) on 13-16 October 2000, as part of the catastrophic alluvione. Documented in the ARPA Piemonte official report (SS23 area). Total collapse during the catastrophic alluvione of 13-16 October 2000 that struck over 50% of Piemonte, causing more than 1,800 documented damage events. The ARPA Piemonte report (2003) explicitly documents multiple bridge collapses across the Stura di Lanzo, Orco, Chisone, Dora Riparia, Dora Baltea and Po basins. The event is comparable in scale to the 1994 alluvione del Piemonte. No fatalities directly attributed to this specific collapse.
B00.10.27;bonzo-2000;2000-10-13;Bonzo;Torino;Piemonte;45.3674;7.3014;waterway;Stura di Lanzo stream;Municipal;TC;0;0;TRUE;Natural;Hydraulic;High;TRUE;;Beam bridge;Reinforced concrete;;Standard;Total collapse of a municipal bridge over the Stura di Lanzo near Bonzo (Torino) on 13-16 October 2000, as part of the catastrophic alluvione. Documented in the ARPA Piemonte official report (Val Grande di Lanzo area). Total collapse during the catastrophic alluvione of 13-16 October 2000 that struck over 50% of Piemonte, causing more than 1,800 documented damage events. The ARPA Piemonte report (2003) explicitly documents multiple bridge collapses across the Stura di Lanzo, Orco, Chisone, Dora Riparia, Dora Baltea and Po basins. The event is comparable in scale to the 1994 alluvione del Piemonte. No fatalities directly attributed to this specific collapse.
B00.10.28;locana-2000;2000-10-13;Locana;Torino;Piemonte;45.4065;7.5034;waterway;Orco stream;Cycle-pedestrian;PC;0;0;TRUE;Natural;Hydraulic;High;TRUE;;Beam bridge;Reinforced concrete;;Standard;Total collapse of a cycle-pedestrian bridge over the Orco stream near Locana (Torino) on 13-16 October 2000, as part of the catastrophic alluvione. Documented in the ARPA Piemonte official report (Valle Orco area). Total collapse during the catastrophic alluvione of 13-16 October 2000 that struck over 50% of Piemonte, causing more than 1,800 documented damage events. The ARPA Piemonte report (2003) explicitly documents multiple bridge collapses across the Stura di Lanzo, Orco, Chisone, Dora Riparia, Dora Baltea and Po basins. The event is comparable in scale to the 1994 alluvione del Piemonte. No fatalities directly attributed to this specific collapse.
B00.10.29;noasca-2000-2;2000-10-13;Noasca;Torino;Piemonte;45.4317;7.3668;waterway;Orco stream;Provincial/Regional;PC;0;0;TRUE;Natural;Hydraulic;High;TRUE;;Beam bridge;Reinforced concrete;;Standard;Total collapse of a provincial bridge over the Orco stream near Noasca (Torino) on 13-16 October 2000, as part of the catastrophic alluvione. Documented in the ARPA Piemonte official report (Valle Orco area). Total collapse during the catastrophic alluvione of 13-16 October 2000 that struck over 50% of Piemonte, causing more than 1,800 documented damage events. The ARPA Piemonte report (2003) explicitly documents multiple bridge collapses across the Stura di Lanzo, Orco, Chisone, Dora Riparia, Dora Baltea and Po basins. The event is comparable in scale to the 1994 alluvione del Piemonte. No fatalities directly attributed to this specific collapse.
B00.10.30;inverso-pinasca-2000;2000-10-13;Inverso Pinasca;Torino;Piemonte;44.9429;7.2215;waterway;Chisone stream;Provincial/Regional;TC;0;0;TRUE;Natural;Hydraulic;High;TRUE;;Beam bridge;Reinforced concrete;;Standard;Total collapse of a provincial bridge over the Chisone stream near Inverso Pinasca (Torino) on 13-16 October 2000, as part of the catastrophic alluvione. Documented in the ARPA Piemonte official report (Val Chisone area). Total collapse during the catastrophic alluvione of 13-16 October 2000 that struck over 50% of Piemonte, causing more than 1,800 documented damage events. The ARPA Piemonte report (2003) explicitly documents multiple bridge collapses across the Stura di Lanzo, Orco, Chisone, Dora Riparia, Dora Baltea and Po basins. The event is comparable in scale to the 1994 alluvione del Piemonte. No fatalities directly attributed to this specific collapse.
B00.10.31;san-germano-chisone-2000-1;2000-10-13;San Germano Chisone;Torino;Piemonte;44.8674;7.3348;waterway;Chisone stream;Railway;TC;0;0;TRUE;Natural;Hydraulic;High;TRUE;;Truss;Steel;;Standard;Total collapse of a railway bridge over the Chisone stream near San Germano Chisone (Torino) on 13-16 October 2000, as part of the catastrophic alluvione. Documented in the ARPA Piemonte official report (Val Chisone railway area). Total collapse during the catastrophic alluvione of 13-16 October 2000 that struck over 50% of Piemonte, causing more than 1,800 documented damage events. The ARPA Piemonte report (2003) explicitly documents multiple bridge collapses across the Stura di Lanzo, Orco, Chisone, Dora Riparia, Dora Baltea and Po basins. The event is comparable in scale to the 1994 alluvione del Piemonte. No fatalities directly attributed to this specific collapse.
B00.10.32;pont-canavese-2000-1;2000-10-13;Pont Canavese;Torino;Piemonte;45.4149;7.6132;waterway;Orco stream;Railway;PC;0;0;TRUE;Natural;Hydraulic;High;TRUE;;Truss;Steel;;Standard;Total collapse of a railway bridge over the Orco stream near Pont Canavese (Torino) on 13-16 October 2000, as part of the catastrophic alluvione. Documented in the ARPA Piemonte official report (Pont Canavese railway area). Total collapse during the catastrophic alluvione of 13-16 October 2000 that struck over 50% of Piemonte, causing more than 1,800 documented damage events. The ARPA Piemonte report (2003) explicitly documents multiple bridge collapses across the Stura di Lanzo, Orco, Chisone, Dora Riparia, Dora Baltea and Po basins. The event is comparable in scale to the 1994 alluvione del Piemonte. No fatalities directly attributed to this specific collapse.
B00.10.33;pont-canavese-2000-2;2000-10-13;Pont Canavese;Torino;Piemonte;45.4178;7.5639;waterway;Orco stream;Municipal;TC;0;0;TRUE;Natural;Hydraulic;High;TRUE;;Beam bridge;Reinforced concrete;;Standard;Total collapse of a municipal bridge over the Orco stream near Pont Canavese (Torino) on 13-16 October 2000, as part of the catastrophic alluvione. Documented in the ARPA Piemonte official report (Pont Canavese area). Total collapse during the catastrophic alluvione of 13-16 October 2000 that struck over 50% of Piemonte, causing more than 1,800 documented damage events. The ARPA Piemonte report (2003) explicitly documents multiple bridge collapses across the Stura di Lanzo, Orco, Chisone, Dora Riparia, Dora Baltea and Po basins. The event is comparable in scale to the 1994 alluvione del Piemonte. No fatalities directly attributed to this specific collapse.
B00.10.34;porte-2000;2000-10-13;Porte;Torino;Piemonte;44.8897;7.26;waterway;Chisone stream;Provincial/Regional;PC;0;0;TRUE;Natural;Hydraulic;High;TRUE;;Beam bridge;Reinforced concrete;;Standard;Total collapse of a provincial bridge over the Chisone stream near Porte (Torino) on 13-16 October 2000, as part of the catastrophic alluvione. Documented in the ARPA Piemonte official report (Val Chisone area). Total collapse during the catastrophic alluvione of 13-16 October 2000 that struck over 50% of Piemonte, causing more than 1,800 documented damage events. The ARPA Piemonte report (2003) explicitly documents multiple bridge collapses across the Stura di Lanzo, Orco, Chisone, Dora Riparia, Dora Baltea and Po basins. The event is comparable in scale to the 1994 alluvione del Piemonte. No fatalities directly attributed to this specific collapse.
B00.10.35;san-benigno-canavese-2000;2000-10-13;San Benigno Canavese;Torino;Piemonte;45.2412;7.8103;waterway;Orco stream;Motorway;TC;0;0;TRUE;Natural;Hydraulic;High;TRUE;;Beam bridge;Reinforced concrete;;Standard;Total collapse of a motorway bridge over the Orco stream near San Benigno Canavese (Torino) on 13-16 October 2000, as part of the catastrophic alluvione. Documented in the ARPA Piemonte official report (A4 Torino-Milano area). Total collapse during the catastrophic alluvione of 13-16 October 2000 that struck over 50% of Piemonte, causing more than 1,800 documented damage events. The ARPA Piemonte report (2003) explicitly documents multiple bridge collapses across the Stura di Lanzo, Orco, Chisone, Dora Riparia, Dora Baltea and Po basins. The event is comparable in scale to the 1994 alluvione del Piemonte. No fatalities directly attributed to this specific collapse.
B00.10.36;pragelato-2000;2000-10-13;Pragelato;Torino;Piemonte;45.0302;6.9602;waterway;Chisone stream;Provincial/Regional;TC;0;0;TRUE;Natural;Hydraulic;High;TRUE;;Beam bridge;Reinforced concrete;;Standard;Total collapse of a provincial bridge over the Chisone stream near Pragelato (Torino) on 13-16 October 2000, as part of the catastrophic alluvione. Documented in the ARPA Piemonte official report (Val Chisone area). Total collapse during the catastrophic alluvione of 13-16 October 2000 that struck over 50% of Piemonte, causing more than 1,800 documented damage events. The ARPA Piemonte report (2003) explicitly documents multiple bridge collapses across the Stura di Lanzo, Orco, Chisone, Dora Riparia, Dora Baltea and Po basins. The event is comparable in scale to the 1994 alluvione del Piemonte. No fatalities directly attributed to this specific collapse.
B00.10.37;quincinetto-2000;2000-10-13;Quincinetto;Torino;Piemonte;45.5703;7.8055;waterway;Dora Baltea river;Railway;PC;0;0;TRUE;Natural;Hydraulic;High;TRUE;;Truss;Steel;;Standard;Total collapse of a railway bridge over the Dora Baltea river near Quincinetto (Torino) on 13-16 October 2000, as part of the catastrophic alluvione. Documented in the ARPA Piemonte official report (Torino-Aosta railway area). Total collapse during the catastrophic alluvione of 13-16 October 2000 that struck over 50% of Piemonte, causing more than 1,800 documented damage events. The ARPA Piemonte report (2003) explicitly documents multiple bridge collapses across the Stura di Lanzo, Orco, Chisone, Dora Riparia, Dora Baltea and Po basins. The event is comparable in scale to the 1994 alluvione del Piemonte. No fatalities directly attributed to this specific collapse.
B00.10.38;san-germano-chisone-2000-2;2000-10-13;San Germano Chisone;Torino;Piemonte;44.9147;7.2435;waterway;Chisone stream;Provincial/Regional;PC;0;0;TRUE;Natural;Hydraulic;High;TRUE;;Beam bridge;Reinforced concrete;;Standard;Total collapse of a provincial bridge over the Chisone stream near San Germano Chisone (Torino) on 13-16 October 2000, as part of the catastrophic alluvione. Documented in the ARPA Piemonte official report (Val Chisone area). Total collapse during the catastrophic alluvione of 13-16 October 2000 that struck over 50% of Piemonte, causing more than 1,800 documented damage events. The ARPA Piemonte report (2003) explicitly documents multiple bridge collapses across the Stura di Lanzo, Orco, Chisone, Dora Riparia, Dora Baltea and Po basins. The event is comparable in scale to the 1994 alluvione del Piemonte. No fatalities directly attributed to this specific collapse.
B00.10.39;pianetto-2000;2000-10-13;Pianetto;Torino;Piemonte;45.5388;7.5752;waterway;Soana stream;Provincial/Regional;PC;0;0;TRUE;Natural;Hydraulic;High;TRUE;;Beam bridge;Reinforced concrete;;Standard;Total collapse of a provincial bridge over the Soana stream near Pianetto (Torino) on 13-16 October 2000, as part of the catastrophic alluvione. Documented in the ARPA Piemonte official report (Valle Soana area). Total collapse during the catastrophic alluvione of 13-16 October 2000 that struck over 50% of Piemonte, causing more than 1,800 documented damage events. The ARPA Piemonte report (2003) explicitly documents multiple bridge collapses across the Stura di Lanzo, Orco, Chisone, Dora Riparia, Dora Baltea and Po basins. The event is comparable in scale to the 1994 alluvione del Piemonte. No fatalities directly attributed to this specific collapse.
B00.10.40;alagna-2000;2000-10-13;Alagna;Torino;Piemonte;45.8477;7.9395;waterway;Otro stream;Municipal;PC;0;0;TRUE;Natural;Hydraulic;High;TRUE;;Beam bridge;Reinforced concrete;;Standard;Total collapse of a municipal bridge over the Otro stream near Alagna Valsesia (Vercelli) on 13-16 October 2000, as part of the catastrophic alluvione. Documented in the ARPA Piemonte official report (Valle Otro area). Total collapse during the catastrophic alluvione of 13-16 October 2000 that struck over 50% of Piemonte, causing more than 1,800 documented damage events. The ARPA Piemonte report (2003) explicitly documents multiple bridge collapses across the Stura di Lanzo, Orco, Chisone, Dora Riparia, Dora Baltea and Po basins. The event is comparable in scale to the 1994 alluvione del Piemonte. No fatalities directly attributed to this specific collapse.
B00.10.41;vercelli-2000;2000-10-13;Vercelli;Vercelli;Piemonte;45.3031431459588;8.47076161504581;waterway;Dora Baltea river;Motorway;TC;0;0;TRUE;Natural;Hydraulic;High;TRUE;;Beam bridge;Reinforced concrete;;Standard;Total collapse of a motorway bridge over the Rotto canal near Vercelli on 13-16 October 2000, as part of the catastrophic alluvione. Documented in the ARPA Piemonte official report (A26 motorway area). Total collapse during the catastrophic alluvione of 13-16 October 2000 that struck over 50% of Piemonte, causing more than 1,800 documented damage events. The ARPA Piemonte report (2003) explicitly documents multiple bridge collapses across the Stura di Lanzo, Orco, Chisone, Dora Riparia, Dora Baltea and Po basins. The event is comparable in scale to the 1994 alluvione del Piemonte. No fatalities directly attributed to this specific collapse.
B00.10.42;issime-2000;2000-10-13;Issime;Aosta;Valle d'Aosta (Valle d'Aoste);45.6771;7.8571;waterway;Lys stream;Municipal;TC;0;0;TRUE;Natural;Hydraulic;High;TRUE;;Beam bridge;Reinforced concrete;;Standard;Total collapse of a municipal bridge over the Lys stream in Issime (Aosta, Valle d'Aosta) on 13-16 October 2000. The Regione VdA Casa e Pericoli register for Issime explicitly documents the collapse of the Ponte del Giubileo during the October 2000 alluvione, which devastated the Val del Lys with 320mm of rainfall. Total collapse during the catastrophic alluvione of 13-16 October 2000 in Valle d'Aosta, which caused 20 deaths and €1.5 billion of damage. The Regione VdA documentation explicitly records bridge collapses across the Lys valley (Issime) during the event, which produced 320mm rainfall in the Lys basin and 456mm in Cogne — both well above the 220mm regional average. No fatalities directly attributed to this specific collapse.
B00.10.43;comune-di-strambino-2000;2000-10-13;Comune di Strambino;Torino;Piemonte;45.4133;7.8924;waterway;Chiusella stream;Railway;TC;0;0;TRUE;Natural;Hydraulic;High;TRUE;;Beam bridge;Steel;;Standard;Total collapse of a railway bridge over the Chiusella stream near Strambino (Torino) on 13-16 October 2000, as part of the catastrophic alluvione. Documented in the ARPA Piemonte official report (Canavese railway area). Total collapse during the catastrophic alluvione of 13-16 October 2000 that struck over 50% of Piemonte, causing more than 1,800 documented damage events. The ARPA Piemonte report (2003) explicitly documents multiple bridge collapses across the Stura di Lanzo, Orco, Chisone, Dora Riparia, Dora Baltea and Po basins. The event is comparable in scale to the 1994 alluvione del Piemonte. No fatalities directly attributed to this specific collapse.
B00.11.01;filattiera-2000;2000-11-13;Filattiera;Massa-Carrara;Toscana;44.3243422443156;9.93616508129413;waterway;Orzanella stream;Provincial/Regional;TC;1;0;TRUE;Natural;Hydraulic;High;FALSE;;Beam bridge;Reinforced concrete;;Standard;Total collapse of a provincial/regional bridge over the Orzanella stream near Filattiera (Massa-Carrara, Tuscany) on 13 November 2000, triggered by hydraulic forces during intense autumn rainfall. One person was killed in the collapse. Filattiera is a municipality in the Lunigiana area of the Apennines, where the Orzanella flows into the Magra river system.
B00.12.01;occhiobello-2000;2000-12-15;Occhiobello;Rovigo;Veneto;44.9225383726766;11.5899362532973;road;A13;Provincial/Regional;TC;1;1;TRUE;Human-induced;Impact;High;TRUE;;Overpass;Reinforced concrete;;Standard;Total collapse of a provincial/regional bridge over the A13 motorway near Occhiobello (Rovigo, Veneto) on 15 December 2000, caused by the impact of a heavy goods vehicle (Human-induced/Impact). One person was killed in the collapse. Occhiobello is a municipality in the Po delta area where the A13 motorway crosses the Po river and connects Padova to Bologna.
B01.03.01;bologna-2001;2001-03-17;Bologna;Bologna;Emilia-Romagna;44.5040572644014;11.3536555374575;railway;Bologna Centrale;National;TC;0;0;TRUE;Human-induced;Design and Construction;Medium;TRUE;;Beam bridge;Reinforced concrete;;Standard;"Total collapse of a bridge crossing the railway tracks near Bologna Centrale (Bologna, Emilia-Romagna) on 17 March 2001, attributed to design and construction defects (triggered=TRUE). The collapse likely occurred in the context of the major infrastructure works underway in the Bologna railway node during this period, which included the Passante ferroviario di Bologna (TAV high-speed line, under construction 1996–2009) and related road-over-rail crossings. No fatalities or injuries were reported. Specific documentation for this event is not recoverable from online sources dating from 2001; it is confirmed by the peer-reviewed systematic survey of Italian bridge collapses (Journal Paper)."
B02.05.01;germignaga-2002;2002-05-03;Germignaga;Varese;Lombardia;45.9894;8.7365;waterway;Margorabbia stream;Cycle-pedestrian;TC;0;0;TRUE;Natural;Hydraulic;Medium;TRUE;;Beam bridge;Reinforced concrete;;Standard;Total collapse of a cycle-pedestrian bridge over the Margorabbia stream near Germignaga (Varese, Lombardy) on 3 May 2002, triggered by hydraulic forces during spring rainfall. The Margorabbia is a stream flowing from Lake Maggiore's hinterland. No fatalities or injuries were reported.
B02.06.01;netro-2002;2002-06-05;Netro;Biella;Piemonte;45.5415;7.9595;waterway;Rio Ara;Municipal;TC;0;0;TRUE;Natural;Hydraulic;High;TRUE;;Beam bridge;Reinforced concrete;;Standard;Total collapse of a municipal bridge over the Rio Ara near Netro (Biella, Piemonte) on 5 June 2002, part of the major Valle Cervo flood event. Total collapse during the major flood event that struck the Valle Cervo and Biellese on 5 June 2002. The Cervo river and its tributaries (Rio Ara, Rio Borghesi, Rio Piaro) overflowed catastrophically, destroying multiple bridges on 5 June 2002. The 2002 alluvione is documented as one of the two major flood events in the Cervo valley's modern history alongside the devastating 1968 flood (58 deaths). No fatalities or injuries were reported from this specific collapse.
B02.06.02;campiglia-cervo-2002-1;2002-06-05;Campiglia Cervo;Biella;Piemonte;45.662;8.002;waterway;Rio Borghesi;Provincial/Regional;TC;0;0;TRUE;Natural;Hydraulic;High;TRUE;;Beam bridge;Reinforced concrete;;Standard;Total collapse of a provincial/regional bridge over the Rio Borghesi near Campiglia Cervo (Biella, Piemonte) on 5 June 2002, part of the major Valle Cervo flood event. Total collapse during the major flood event that struck the Valle Cervo and Biellese on 5 June 2002. The Cervo river and its tributaries (Rio Ara, Rio Borghesi, Rio Piaro) overflowed catastrophically, destroying multiple bridges on 5 June 2002. The 2002 alluvione is documented as one of the two major flood events in the Cervo valley's modern history alongside the devastating 1968 flood (58 deaths). No fatalities or injuries were reported from this specific collapse.
B02.06.03;biella-2002;2002-06-05;Biella;Biella;Piemonte;45.5753;8.0526;waterway;Cervo stream;Cycle-pedestrian;TC;0;0;TRUE;Natural;Hydraulic;High;TRUE;;Beam bridge;Reinforced concrete;;Standard;Total collapse of a cycle-pedestrian bridge over the Cervo stream in Biella (Piemonte) on 5 June 2002, part of the major Valle Cervo flood event. Total collapse during the major flood event that struck the Valle Cervo and Biellese on 5 June 2002. The Cervo river and its tributaries (Rio Ara, Rio Borghesi, Rio Piaro) overflowed catastrophically, destroying multiple bridges on 5 June 2002. The 2002 alluvione is documented as one of the two major flood events in the Cervo valley's modern history alongside the devastating 1968 flood (58 deaths). No fatalities or injuries were reported from this specific collapse.
B02.06.04;campiglia-cervo-2002-2;2002-06-05;Campiglia Cervo;Biella;Piemonte;45.6641;7.9984;waterway;Rio Piaro;Cycle-pedestrian;TC;0;0;TRUE;Natural;Hydraulic;High;TRUE;;Beam bridge;Reinforced concrete;;Standard;Total collapse of a cycle-pedestrian bridge over the Rio Piaro near Campiglia Cervo (Biella, Piemonte) on 5 June 2002, part of the major Valle Cervo flood event. Total collapse during the major flood event that struck the Valle Cervo and Biellese on 5 June 2002. The Cervo river and its tributaries (Rio Ara, Rio Borghesi, Rio Piaro) overflowed catastrophically, destroying multiple bridges on 5 June 2002. The 2002 alluvione is documented as one of the two major flood events in the Cervo valley's modern history alongside the devastating 1968 flood (58 deaths). No fatalities or injuries were reported from this specific collapse.
B02.06.05;valsavarenche-2002-1;2002-06-23;Valsavarenche;Aosta;Valle d'Aosta (Valle d'Aoste);45.6025;7.2036;waterway;Maisoncle stream;Provincial/Regional;TC;0;0;TRUE;Natural;Hydraulic;Medium;TRUE;;Beam bridge;Reinforced concrete;;Standard;Total collapse of a provincial/regional bridge over the Maisoncle stream in Valsavarenche (Aosta, Valle d'Aosta) on 23 June 2002, part of the intense summer rainfall event that struck the Gran Paradiso area. A second bridge on the same stream collapsed on the same day (B02.06.06). No fatalities or injuries were reported.
B02.06.06;valsavarenche-2002-2;2002-06-23;Valsavarenche;Aosta;Valle d'Aosta (Valle d'Aoste);45.6162;7.2007;waterway;Maisoncle stream;Provincial/Regional;TC;0;0;TRUE;Natural;Hydraulic;Medium;TRUE;;Beam bridge;Reinforced concrete;;Standard;Total collapse of a second provincial/regional bridge over the Maisoncle stream in Valsavarenche (Aosta, Valle d'Aosta) on 23 June 2002, part of the same intense summer rainfall event that caused B02.06.05. No fatalities or injuries were reported.
B02.07.01;entracque-2002;2002-07-15;Entracque;Cuneo;Piemonte;44.2338709247872;7.3977410888111;waterway;Gesso stream;Municipal;PC;0;0;TRUE;Natural;Hydraulic;High;TRUE;;Beam bridge;Reinforced concrete;;Standard;Partial collapse of a municipal bridge over the Gesso stream near Entracque (Cuneo, Piemonte) on 15 July 2002. Total collapse during the major summer flood that struck the Valle Gesso on 15 July 2002. The Gesso torrent overflowed destroying multiple bridges in a single day. The Valle Gesso is chronically flood-prone: major alluvioni struck in 2002 and again in October 2020 (which destroyed kilometres of roads and multiple bridges near Entracque, Valdieri and Roccavione). No fatalities or injuries were reported from this specific collapse.
B02.07.02;roccavione-2002;2002-07-15;Roccavione;Cuneo;Piemonte;44.3627;7.5406;waterway;Gesso stream;Cycle-pedestrian;TC;0;0;TRUE;Natural;Hydraulic;High;TRUE;;Beam bridge;Reinforced concrete;;Standard;Total collapse of a cycle-pedestrian bridge over the Gesso stream near Roccavione (Cuneo, Piemonte) on 15 July 2002. Total collapse during the major summer flood that struck the Valle Gesso on 15 July 2002. The Gesso torrent overflowed destroying multiple bridges in a single day. The Valle Gesso is chronically flood-prone: major alluvioni struck in 2002 and again in October 2020 (which destroyed kilometres of roads and multiple bridges near Entracque, Valdieri and Roccavione). No fatalities or injuries were reported from this specific collapse.
B02.07.03;boves-2002;2002-07-15;Boves;Cuneo;Piemonte;44.355413820189;7.53252380688468;waterway;Gesso stream;Cycle-pedestrian;TC;0;0;TRUE;Natural;Hydraulic;High;FALSE;;Beam bridge;Reinforced concrete;;Standard;Total collapse of a cycle-pedestrian bridge over the Gesso stream near Boves (Cuneo, Piemonte) on 15 July 2002. Total collapse during the major summer flood that struck the Valle Gesso on 15 July 2002. The Gesso torrent overflowed destroying multiple bridges in a single day. The Valle Gesso is chronically flood-prone: major alluvioni struck in 2002 and again in October 2020 (which destroyed kilometres of roads and multiple bridges near Entracque, Valdieri and Roccavione). No fatalities or injuries were reported from this specific collapse.
B02.11.01;arquata-scrivia-2002;2002-11-26;Arquata Scrivia;Alessandria;Piemonte;44.6886;8.8998;waterway;Scrivia stream;Provincial/Regional;TC;0;0;TRUE;Natural;Hydraulic;High;TRUE;;Beam bridge;Reinforced concrete;;Standard;"Total collapse of a provincial/regional bridge over the Scrivia stream near Arquata Scrivia (Alessandria, Piemonte) on 26 November 2002, triggered by autumn flooding. The Scrivia is a major Apennine tributary of the Po flowing through the Alessandria province; Arquata Scrivia lies at the foot of the Appennines where the Scrivia enters the plain. No fatalities or injuries were reported."
B03.01.01;montenero-2003;2003-01-25;Montenero;Campobasso;Molise;42.06;14.8;waterway;Trigno river;Provincial/Regional;TC;0;0;TRUE;Natural;Hydraulic;High;TRUE;Ponte sul Trigno;Beam bridge;Reinforced concrete;;Standard;Total collapse of the provincial road bridge over the Trigno river connecting Montenero di Bisaccia (Campobasso, Molise) with San Salvo (Chieti, Abruzzo) on 25 January 2003 at 12:58, triggered by the catastrophic flooding of the Trigno during a violent three-day alluvione. The fifth pier gave way in front of a crowd of onlookers, cutting the main road connection between Molise and Abruzzo for months. A temporary bailey bridge was opened in June 2003 as an emergency measure but suffered repeated flooding closures. Reconstruction began in December 2005 following prolonged bureaucratic delays between the provinces of Campobasso and Chieti. The new permanent bridge was inaugurated in December 2006. No fatalities or injuries were reported from this collapse. The same bridge structure collapsed again during the April 2026 Molise flood event.
B03.08.01;pontebba-2003;2003-08-29;Pontebba;Udine;Friuli-Venezia Giulia;46.4823;13.3001;waterway;Fella river;National;TC;0;0;TRUE;Natural;Hydraulic;High;TRUE;Ponte di Pietratagliata;Beam bridge;Reinforced concrete;;Standard;Total collapse of the bridge over the Fella river connecting the fraction of Pietratagliata to the SS13 Pontebbana national road near Pontebba (Udine, Friuli-Venezia Giulia) on 29 August 2003, caused by the catastrophic flash flood that struck the Val Canale and Canal del Ferro area, with 400mm falling in a few hours — one of the most intense precipitation events ever recorded in the eastern Italian Alps. The collapse isolated the fraction of Pietratagliata for days. The broader event caused 2 deaths (Gerti Schnabl in Ugovizza, Bruno Urli in Malborghetto) and mobilised 2,687 civil protection volunteers. Reconstruction of the bridge and the SS13 access road required 6 years and €13.4 million. No fatalities directly attributed to this specific collapse.
B03.09.01;massafra-2003;2003-09-08;Massafra;Taranto;Puglia;40.6013116311144;17.0716591058672;urban area;Contrada Piano di Cernera;Provincial/Regional;TC;0;0;TRUE;Natural;Hydraulic;High;FALSE;Ponte di Cernera;Beam bridge;Reinforced concrete;;Standard;Total collapse of the Ponte di Cernera on the SP (ex-SP41) in the Contrada Piano di Cernera, territory of Massafra (Taranto, Apulia) on 8 September 2003, caused by the catastrophic flash flood that struck the western Taranto province with 212mm of rain in less than 24 hours at Massafra, 225mm at Castellaneta. The broader event killed two people (Cosimo Filiberto Fanelli and Domenico Quarato) and caused €28 million of damage in Palagiano alone. No fatalities directly attributed to this specific bridge collapse. The bridge was subsequently rebuilt but collapsed again during the October 2005 flood (B05.10.01), requiring a second reconstruction project managed by PPV Consulting.
B04.10.01;torino-di-sangro-marina-2004;2004-10-24;Torino di Sangro Marina;Chieti;Abruzzo;42.2343;14.5409;waterway;Sangro river;National;TC;0;0;TRUE;Natural;Hydraulic;Medium;TRUE;;Beam bridge;Reinforced concrete;;Standard;"Total collapse of a national road bridge on the SS16 Adriatica over the Sangro river near Torino di Sangro Marina (Chieti, Abruzzo) on 24 October 2004, triggered by hydraulic forces during intense autumn rainfall causing the Sangro to flood. The Sangro is a major Abruzzese river flowing into the Adriatic Sea; its lower valley is prone to flooding during autumn and winter storms. No fatalities or injuries were reported."
B04.12.01;nuoro-2004;2004-12-08;Nuoro;Nuoro;Sardegna;40.3718;9.591;waterway;Taloro river;National;TC;0;0;TRUE;Natural;Hydraulic;Medium;TRUE;;Beam bridge;Reinforced concrete;;Standard;Total collapse of a national road bridge over the Taloro river near Nuoro (Sardinia) on 8 December 2004, triggered by hydraulic forces during the severe autumn flooding that struck central Sardinia. The Taloro is a major tributary of the Tirso in the Nuoro province, known for powerful floods. No fatalities or injuries were reported.
B04.12.02;tramonti-di-sopra-2004;2004-12-15;Tramonti di Sopra;Pordenone;Friuli-Venezia Giulia;46.3068;12.7961;waterway;Vielia stream;National;TC;0;1;TRUE;Human-induced;Design and Construction;HIgh;TRUE;Ponte Chiavalir;Beam bridge;Reinforced concrete;2004;Standard;"Total collapse of the Ponte Chiavalir on the SR552 (Strada Regionale 552 del Passo Rest) over the torrente Vielia at Tramonti di Sopra (Pordenone, Friuli-Venezia Giulia) on 15 December 2004 at approximately 10:00, during a static load test (collaudo statico) one hour before the official commissioning ceremony. Three trucks loaded with gravel were placed on the 30-metre span to verify its structural capacity; the bridge bent into a V-shape and all three trucks fell into the Vielia stream. Driver Angelo Picotto (75, Mortegliano) was trapped in his cab and sustained non-serious injuries; the other two drivers escaped. Expert investigation attributed the collapse to missing bolts and irregularities in construction execution. In December 2011, the Cassazione confirmed convictions for 4 of 6 defendants: designer Michele Artusato (1 year), site manager Franco Fusciello (8 months), builders Walter Ortolan and Domenico Bruno (1 year 4 months), and surveyor Vigilio Ciriani (1 year). The DB lists municipality as Tramonti di Sotto — corrected to Tramonti di Sopra based on all sources."
B04.05.01;sinigo-2004;2004-05-10;Sinigo;Bolzano;Trentino-Alto Adige (Trentino-Südtirol);46.632183512949;11.2163839443513;waterway;Rio Sinigo;Provincial/Regional;PC;0;0;FALSE;Human-induced;Design and Construction;High;FALSE;Ponte SP98 sul Rio Sinigo;Beam bridge;Prestressed concrete;2004;Standard;Partial collapse of the new bridge on the SP98 provincial road over the Rio Sinigo near Sinigo (Merano, Bolzano, Trentino-Alto Adige) on 10 May 2004, caused by design and construction defects. The structure — a 125-metre prestressed concrete box girder (cassone monocellulare) with post-tensioned cables — failed spontaneously without any external trigger during or shortly after construction. The collapse was cited in a national technical survey as a case study of errors in construction and absence of systematic inspection. No fatalities or injuries were reported.
B05.06.01;capo-di-ponte-2005;2005-06-27;Capo di Ponte;Brescia;Lombardia;46.0365;10.3479;waterway;Oglio river;National;TC;1;4;TRUE;Human-induced;Design and Construction;High;TRUE;;Beam bridge;Reinforced concrete;;Flagship;"Total collapse of a national road bridge over the Oglio river on the SS42 del Tonale e della Mendola near Capo di Ponte (Brescia, Lombardy) on 27 June 2005. One person was killed and four were injured when the bridge structure failed. The collapse was attributed to design and construction defects. Capo di Ponte is a municipality in Val Camonica whose name derives from its historical position at the head of a bridge over the Oglio river; the SS42 is the main valley artery connecting the Brescia plain with the Alpine passes. The Procura di Brescia opened an investigation."
B05.10.01;massafra-2005;2005-10-08;Massafra;Taranto;Puglia;40.6171442428624;17.1290465724702;valley;Municipality of Massafra;Provincial/Regional;TC;0;0;TRUE;Natural;Hydraulic;Medium;TRUE;;Beam bridge;Reinforced concrete;;Standard;Total collapse of a provincial/regional bridge over a valley (gravina) in the municipality of Massafra (Taranto, Apulia) on 8 October 2005, triggered by hydraulic forces during the intense autumn rainfall that struck the Taranto area. Massafra is known for its deep gravina ravine system. No fatalities or injuries were reported.
B05.10.02;cassano-delle-murge-2005;2005-10-23;Cassano delle Murge;Bari;Puglia;40.9103;16.7601;road;SP184;Provincial/Regional;TC;5;2;TRUE;Natural;Hydraulic;High;TRUE;;Beam bridge;Reinforced concrete;;Flagship;Total collapse of the bridge on the SP184 provincial road over a dry riverbed near Cassano delle Murge (Bari, Apulia) on the night of 23 October 2005, triggered by the catastrophic rainfall event (equivalent to Apulia's entire annual average falling in three hours) that struck the Bari province. Five people were killed when their vehicles crossed or were near the bridge as it gave way. Two additional people were injured. The collapse occurred the night before the Eurostar 9410 train derailment (24 October 2005, 35 injured), both caused by the same exceptional meteorological event described by Protezione Civile president Guido Bertolaso as an 'exceptional climate event.' A car was also swept into the sea in Bari city during the same event, killing one more person. The broader event caused at least 7 deaths across Apulia.
B05.10.03;comune-di-adelfia-2005;2005-10-23;Comune di Adelfia;Bari;Puglia;41.0297;16.8336;road;SP21;Provincial/Regional;TC;0;0;TRUE;Natural;Hydraulic;High;TRUE;;Beam bridge;Reinforced concrete;;Standard;Total collapse of the bridge on the SP21 provincial road near Adelfia (Bari, Apulia) on 23 October 2005, triggered by the same catastrophic rainfall event that destroyed the Cassano delle Murge bridge and caused the Eurostar 9410 derailment. The collapse flooded many roads and contributed to the isolation of parts of the Bari hinterland. No fatalities directly attributed to this specific collapse.
B05.11.01;villanova-d-asti-2005;2005-11-15;Villanova d'Asti;Torino;Piemonte;44.963093;7.948959;railway;Torino-Genova;Cycle-pedestrian;TC;0;2;FALSE;Human-induced;Design and Construction;High;TRUE;;Overpass;Steel;;Standard;Total collapse of a cycle-pedestrian overpass over the Turin-Genoa railway line near Villanova d'Asti (Asti, Piemonte) on 15 November 2005. The collapse was spontaneous (triggered=FALSE), caused by design and construction defects rather than an external trigger, and two people were injured. The overpass carried a cycle-pedestrian path over the active railway line. The event prompted RFI and local authorities to inspect similar structures in the Asti province.
B06.06.01;augusta-2006;2006-06-24;Augusta;Siracusa;Sicilia;37.282008;15.119461;valley;Municipality of Augusta;Motorway;TC;1;14;TRUE;Human-induced;Impact;High;TRUE;;Viaduct;Reinforced concrete;;Flagship;Total collapse of a motorway/national road viaduct near Augusta (Siracusa, Sicily) on 24 June 2006, caused by the impact of a heavy goods vehicle that struck the structure. One person was killed and 14 were injured in the collapse. The event occurred on a valley-crossing viaduct in the Augusta industrial port area. Augusta is a major industrial hub with significant heavy vehicle traffic, and the area has historically been served by the SS114 and the developing A18 corridor. The collapse prompted investigations by the Procura di Siracusa.
B06.09.01;vallecrosia-2006;2006-09-15;Vallecrosia;Imperia;Liguria;43.786557;7.640638;urban area;Crosia stream;Municipal;TC;0;0;TRUE;Natural;Hydraulic;Medium;TRUE;;Beam bridge;Reinforced concrete;;Standard;Total collapse of a municipal bridge in the urban area over the Crosia stream in Vallecrosia (Imperia, Liguria) on 15 September 2006, triggered by hydraulic forces during intense autumn rainfall. Vallecrosia is a small coastal municipality in the Ponente Ligure where the Crosia is one of several minor streams that periodically flood during autumn storms. No fatalities or injuries were reported.
B08.05.01;frassino-2008;2008-05-28;Frassino;Cuneo;Piemonte;44.5709;7.2632;waterway;Varaita stream;Municipal;PC;0;0;TRUE;Natural;Hydraulic;Medium;TRUE;;Beam bridge;Reinforced concrete;;Standard;Partial collapse of a municipal bridge over the Varaita stream near Frassino (Cuneo, Piemonte) on 28 May 2008, triggered by intense rainfall causing the Varaita to flood. Frassino is a small municipality in the Valle Varaita in the Cuneo Alps. The Varaita is prone to sudden summer floods following intense convective storms. No fatalities or injuries were reported.
B08.05.02;usseglio-2008;2008-05-29;Usseglio;Torino;Piemonte;45.2305;7.2173;waterway;Stura di Viù stream;Municipal;TC;0;0;TRUE;Natural;Hydraulic;Medium;TRUE;;Beam bridge;Reinforced concrete;;Standard;Total collapse of a municipal bridge over the Stura di Viù stream near Usseglio (Torino, Piemonte) on 29 May 2008, triggered by intense rainfall causing the mountain stream to overflow. Usseglio is a high-altitude municipality in the Valli di Lanzo in the Turin Alps. No fatalities or injuries were reported.
B08.10.01;capoterra-2008;2008-10-22;Capoterra;Cagliari;Sardegna;39.1529;8.9655;waterway;Rio San Girolamo;National;PC;0;0;TRUE;Natural;Hydraulic;High;TRUE;Ponte sul Rio San Girolamo;Beam bridge;Reinforced concrete;;Standard;Partial collapse of a bridge on the SS195 (or adjacent national road infrastructure) over the Rio San Girolamo at Capoterra (Cagliari, Sardinia) on 22 October 2008, as part of the catastrophic flash flood that struck the coastal area. The event caused 4 deaths: Speranza Sollai (drowned in her home), Licia Zucca and Antonello Porcu (swept away while driving near Poggio dei Pini), and Annarita Lepori (overwhelmed by the Rio San Girolamo in spate). The expert appointed by the court stated that 106 mm fell in 30 minutes — possibly the largest flash flood in Italian history. The judicial investigation charged 8 people including the ex-mayor of Capoterra, ex-ANAS directors (accused specifically of failing to demolish an obstructing bridge on the Rio San Girolamo which contributed to the overflow), and Genio Civile/Protezione Civile officials. All were acquitted in first degree (2017) and on appeal (2020). Reconstruction of the collapsed bridge infrastructure began in January 2021.
B08.10.02;triei-2008;2008-11-27;Triei;Nuoro;Sardegna;40.020997;9.639428;waterway;Rio Cadula e Ardali;Municipal;TC;0;0;TRUE;Natural;Hydraulic;Medium;TRUE;;Beam bridge;Reinforced concrete;;Standard;Total collapse of a municipal bridge over the Rio Cadula e Ardali near Triei (Ogliastra, Sardinia) on 27 November 2008, triggered by severe autumn rainfall that struck eastern Sardinia. Triei is a small municipality in the Barbagia di Seulo area of Ogliastra. No fatalities or injuries were reported.
B08.10.03;tertenia-2008;2008-10-22;Tertenia;Nuoro;Sardegna;39.686956;9.576253;waterway;Rio Corongiu;Provincial/Regional;TC;0;0;TRUE;Natural;Hydraulic;High;TRUE;;Beam bridge;Reinforced concrete;;Standard;Total collapse of a provincial/regional bridge over the Rio Corongiu near Tertenia (Ogliastra, Sardinia) on 22 October 2008, triggered by the same extreme rainfall event that struck the Cagliari and Ogliastra areas on that date (part of the catastrophic Capoterra flood system). No fatalities directly attributed to this specific collapse.
B08.11.01;orosei-2008;2008-11-30;Orosei;Nuoro;Sardegna;40.4213;9.7496;waterway;Rio sa Minda;Provincial/Regional;TC;0;0;TRUE;Natural;Hydraulic;Medium;TRUE;;Beam bridge;Reinforced concrete;;Standard;Total collapse of a provincial/regional bridge over the Rio sa Minda near Orosei (Nuoro, Sardinia) on 30 November 2008, triggered by severe autumn rainfall. Orosei is a coastal municipality in the Nuoro province facing the Gulf of Orosei. No fatalities or injuries were reported.
B08.12.01;nocera-terinese-2008;2008-12-12;Nocera Terinese;Catanzaro;Calabria;39.0415;16.1242;waterway;Savuto river;Provincial/Regional;TC;0;0;TRUE;Natural;Hydraulic;Medium;TRUE;;Beam bridge;Reinforced concrete;;Standard;Total collapse of a provincial/regional bridge over the Savuto river near Nocera Terinese (Catanzaro, Calabria) on 12 December 2008, triggered by intense winter rainfall causing the Savuto to flood. The Savuto valley in the Catanzaro-Cosenza border area is prone to hydraulic damage during winter storms. No fatalities or injuries were reported.
B09.01.01;taurianova-2009;2009-01-13;Taurianova;Reggio Calabria;Calabria;38.3593;15.9514;waterway;Marro stream;Provincial/Regional;TC;0;0;TRUE;Natural;Hydraulic;Medium;TRUE;;Beam bridge;Reinforced concrete;;Standard;Total collapse of a provincial/regional bridge over the Marro stream near Taurianova (Reggio Calabria, Calabria) on 13 January 2009, triggered by intense winter rainfall causing the stream to overflow. The Marro valley is chronically flood-prone. No fatalities or injuries were reported.
B09.02.01;enna-2009;2009-02-01;Enna;Enna;Sicilia;37.569478;14.286408;valley;Enna's panoramic road;Provincial/Regional;TC;0;0;TRUE;Natural;Hydraulic;Medium;TRUE;;Viaduct;Reinforced concrete;;Standard;Total collapse of a viaduct on the panoramic provincial road of Enna (Sicily) on 1 February 2009, triggered by hydraulic phenomena during intense winter rainfall. This is a distinct event from a similar collapse on the same road in March 2015. No fatalities or injuries were reported.
B09.04.01;fossa-2009;2009-04-06;Fossa;L'Aquila;Abruzzo;42.304022;13.503194;waterway;Aterno river;Provincial/Regional;TC;0;0;TRUE;Natural;Earthquake;High;TRUE;Ponte di Fossa;Beam bridge;Reinforced concrete;;Standard;Total collapse of the Ponte di Fossa, a 35-metre three-span continuous reinforced concrete bridge on the SR261 over the Aterno river providing access to the village of Fossa (L'Aquila, Abruzzo) during the M6.3 earthquake of 6 April 2009 at 03:32. Post-earthquake structural surveys revealed the bridge columns had been severely weakened by prior corrosion: steel bars were extensively exposed through thin covering concrete well before the earthquake. The seismic shaking caused failure of the already compromised columns. Fossa itself was among the most severely damaged municipalities, with most residential buildings destroyed. No fatalities directly attributed to this specific collapse (the broader earthquake caused 309 deaths).
B09.04.02;l-aquila-2009;2009-04-06;L'Aquila;L'Aquila;Abruzzo;42.324169;13.478028;waterway;Aterno river;Municipal;PC;0;0;TRUE;Natural;Earthquake;High;TRUE;;Beam bridge;Reinforced concrete;;Standard;Partial collapse of a municipal bridge over the Aterno river in L'Aquila (Abruzzo) on 6 April 2009 during the M6.3 earthquake. Infrastructure damage to bridges and roads across the L'Aquila valley was a significant element of the overall disaster, which caused 309 deaths. No fatalities directly attributed to this specific collapse.
B09.04.03;scoppito-2009;2009-04-06;Scoppito;L'Aquila;Abruzzo;42.351958;13.281139;waterway;Raio river;Provincial/Regional;PC;0;0;TRUE;Natural;Earthquake;High;TRUE;;Beam bridge;Reinforced concrete;;Standard;Partial collapse of a provincial/regional bridge over the Raio river near Scoppito (L'Aquila, Abruzzo) on 6 April 2009 during the M6.3 earthquake. Scoppito, located northwest of L'Aquila near the epicentral zone, suffered significant structural damage to buildings and infrastructure. No fatalities directly attributed to this specific collapse.
B09.04.04;piacenza-2009;2009-04-30;Piacenza;Piacenza;Emilia-Romagna;45.0625;9.7045;waterway;Po river;National;TC;0;3;TRUE;Natural;Hydraulic;High;TRUE;Ponte sul Po SS9 Piacenza;Beam bridge;Reinforced concrete;1949;Standard;"Total collapse of a northern span of the Ponte della Via Emilia (SS9) over the Po river between San Rocco al Porto (Lodi) and Piacenza on 30 April 2009, triggered by the exceptional flooding of the Po during a major rainfall event that raised river levels by over 6 metres. A bridge pillar failed, causing the northern carriageway deck — carrying four vehicles at the moment of collapse — to sink into the river. By a miracle no one was killed; three automobilists were injured. The 1949 reinforced concrete bridge, approximately 1 kilometre long, had been carrying Via Emilia traffic for 60 years and was a key link between Emilia-Romagna and Lombardy. A judicial investigation into culpable collapse charged five ANAS directors; all were acquitted in January 2015 for insufficient evidence."
B09.05.01;gela-2009;2009-05-21;Gela;Caltanisetta;Sicilia;37.1856;14.1474;valley;SS626;National;TC;0;3;FALSE;Human-induced;Design and Construction;High;TRUE;;Viaduct;Reinforced concrete;;Standard;Total collapse of a viaduct span on the SS626 national road near Gela (Caltanissetta, Sicily) on 21 May 2009. With collapse=TC and triggered=FALSE, the failure was spontaneous, attributed to design and construction defects rather than an external trigger. Three people sustained injuries in the incident. The SS626 corridor in Sicily has been repeatedly affected by viaduct failures (cf. Viadotto Verdura 2013, Viadotto Petrulla 2014) attributable to the poor quality of 1970s–80s construction on geologically unstable terrain.
B09.12.01;palagano-2009;2009-12-31;Palagano;Modena;Emilia-Romagna;44.381;10.6223;waterway;Dragone stream;Municipal;TC;0;0;TRUE;Natural;Hydraulic;Medium;TRUE;;Beam bridge;Reinforced concrete;;Standard;Total collapse of a municipal bridge over the Dragone stream near Palagano (Modena, Emilia-Romagna) on 31 December 2009, triggered by hydraulic forces during intense end-of-year rainfall. Palagano is a mountain municipality in the northern Apennines where the Dragone stream flows. No fatalities or injuries were reported.
B10.01.01;cicala-2010;2010-01-28;Cicala;Catanzaro;Calabria;39.0098;16.4812;waterway;Corace river;Railway;TC;1;0;TRUE;Natural;Hydraulic;High;TRUE;Ponte ferroviario sul Corace (FCL);Beam bridge;Masonry;;Standard;Total collapse of the railway bridge over the Corace river on the Ferrovia Cosenza-Catanzaro Lido (FCL, ex Calabro-Lucane) between the stations of Cicala and San Pietro Apostolo (Catanzaro, Calabria) on 28 January 2010, triggered by the flooding of the Corace during exceptional winter rainfall. One fatality was recorded: a maintenance worker of the Ventura company was swept away by the floodwaters at the bridge site. Only the prompt intervention of the train driver, who braked before reaching the collapsed section, prevented a catastrophic rail accident. The FCL line was suspended and remained closed until 4 August 2011 — a closure of 18 months. The structure replaced a previous masonry bridge that had already collapsed in the 1970s and was known to be vulnerable to the notoriously powerful flash floods of the Corace.
B10.03.01;simeri-crichi-2010;2010-03-10;Simeri Crichi;Catanzaro;Calabria;38.9198;16.6731;waterway;Simeri river;Provincial/Regional;TC;0;0;TRUE;Natural;Hydraulic;Medium;TRUE;;Beam bridge;Reinforced concrete;;Standard;Total collapse of a provincial/regional bridge over the Simeri river near Simeri Crichi (Catanzaro, Calabria) on 10 March 2010, triggered by hydraulic forces during the intense winter rainfall that caused widespread flooding across the Catanzaro province. The Simeri river, flowing through the Catanzaro hinterland towards the Ionian coast, frequently floods during intense rainfall events. No fatalities or injuries were reported.
B10.06.01;monchiero-2010;2010-06-27;Monchiero;Cuneo;Piemonte;44.5658;7.9024;waterway;Tanaro river;Provincial/Regional;TC;0;0;TRUE;Natural;Hydraulic;Medium;TRUE;;Beam bridge;Reinforced concrete;;Standard;Total collapse of a provincial/regional bridge over the Tanaro river near Monchiero (Cuneo, Piemonte) on 27 June 2010, triggered by the flooding of the Tanaro during intense summer rainfall. The Tanaro, flowing through the Langhe wine region, is prone to sudden summer floods. No fatalities or injuries were reported.
B10.10.01;frassinoro-2010;2010-10-31;Frassinoro;Modena;Emilia-Romagna;44.2975;10.5109;waterway;Dolo stream;Municipal;TC;0;0;TRUE;Natural;Hydraulic;High;TRUE;;Beam bridge;Reinforced concrete;;Standard;Total collapse of the municipal bridge over the Dolo stream near Frassinoro (Modena, Emilia-Romagna) on 31 October 2010, triggered by the flooding of the Dolo during intense autumn rainfall. The collapse cut the road link between Frassinoro and the neighbouring commune of Villa Minozzo (Reggio Emilia), isolating communities on both banks. Local authorities demonstrated exceptional efficiency: the replacement bridge was designed and built in just four months, with one month for design and three for construction, and was inaugurated on 20 November 2011. No fatalities or injuries were reported.
B11.01.01;corinaldo-2011;2011-01-31;Corinaldo;Ancona;Marche;43.6649;13.0145;waterway;Cesano river;Provincial/Regional;TC;0;0;TRUE;Natural;Hydraulic;High;TRUE;;Beam bridge;Reinforced concrete;;Standard;Total collapse of a provincial bridge near Corinaldo (Marche) on 31 January 2011 following severe hydraulic phenomena associated with flooding of the Cesano river. No fatalities or injuries were reported.
B11.03.01;calciano-2011;2011-03-01;Calciano;Matera;Basilicata;40.5977;16.1845;waterway;Basento river;National;PC;0;0;TRUE;Natural;Hydraulic;Medium;TRUE;Ponte di Calciano;Beam bridge;Reinforced concrete;;Standard;Partial collapse of a national bridge near Calciano (Matera) on 1st March 2011 triggered by hydraulic phenomena. No fatalities or injuries were reported
B11.03.02;corropoli-2011;2011-03-01;Corropoli;Teramo;Abruzzo;42.8057;13.8402;waterway;Vibrata stream;Municipal;TC;0;0;TRUE;Natural;Hydraulic;Medium;TRUE;;Beam bridge;Reinforced concrete;;Standard;Total collapse of a municipal bridge near Corropoli (Abruzzo) on 1 March 2011 following severe hydraulic phenomena associated with flooding of the Vibrata river. No fatalities or injuries were reported.
B11.03.03;campli-2011;2011-03-01;Campli;Teramo;Abruzzo;42.7795;13.7693;waterway;Salinello river;Provincial/Regional;PC;0;0;TRUE;Natural;Hydraulic;Medium;TRUE;;Beam bridge;Reinforced concrete;;Standard;Total collapse of a provincial bridge near Campli (Abruzzo) on 1 March 2011 following severe hydraulic phenomena associated with flooding of the Salinello river. No fatalities or injuries were reported.
B11.03.04;colbuccaro-2011;2011-03-03;Colbuccaro;Macerata;Marche;43.2564;13.4809;waterway;Fiastra river;Provincial/Regional;TC;0;0;TRUE;Natural;Hydraulic;Medium;TRUE;;Beam bridge;Reinforced concrete;;Standard;Total collapse of a provincial bridge near Colbuccaro (Marche) on 3 March 2011 following severe hydraulic phenomena associated with flooding of the Fiastra river. No fatalities or injuries were reported.
B11.05.01;caltagirone-2011;2011-05-08;Caltagirone;Catania;Sicilia;37.1732;14.4712;valley;Piano Carbone;Railway;TC;0;0;FALSE;Human-induced;Material;Medium;TRUE;;Viaduct;Reinforced concrete;;Standard;Total collapse of a national road bridge near Caltagirone (Sicily) on 5 September 2011 associated with severe structural deficiencies and instability phenomena affecting the structure over the Margi stream. No fatalities or injuries were reported.
B11.10.01;ameglia-2011;2011-10-25;Ameglia;La Spezia;Liguria;44.0635;9.973;waterway;Magra river;Provincial/Regional;TC;0;0;TRUE;Natural;Hydraulic;High;TRUE;Ponte della Colombiera;Beam bridge;Reinforced concrete;;Standard;Total collapse of the Ponte della Colombiera, a provincial reinforced concrete bridge over the Magra river near the river mouth at Ameglia (La Spezia, Liguria) at 22:05 on 25 October 2011, during the catastrophic alluvione dello Spezzino e della Lunigiana. The collapse occurred when a yacht and a river barge, dismoored by the surging Magra flood, were swept by the current against the bridge piers, destroying the central span under their combined weight. The event was the fourth flood to hit Ameglia in three years. The broader alluvione, caused by 542mm of rain
B11.10.02;aulla-2011-1;2011-10-25;Aulla;Massa-Carrara;Toscana;44.187;9.9244;waterway;Magra river;Municipal;TC;0;0;TRUE;Natural;Hydraulic;High;TRUE;Ponte di Stradano;Beam bridge;Reinforced concrete;;Standard;Total collapse of the Ponte di Stradano, a municipal reinforced concrete bridge with piers in the river bed over the Magra river at Aulla (Massa-Carrara, Tuscany) on 25 October 2011, caused by the catastrophic Magra flood during the alluvione dello Spezzino e della Lunigiana. Aulla was the most severely damaged municipality: the Magra broke its banks, inundating the city centre to a depth of four metres. The collapse was subsequently described as 'annunciato' (foreseeable) given the piers' exposure in the river bed. The Regione Toscana approved a €9.75 million project to replace it with a 195-metre cable-stayed bridge (campata centrale 139m) — the first of the three bridges destroyed that day for which reconstruction tender proceedings were launched (July 2014). The broader event caused 13 deaths and €1.5 billion damage. No fatalities directly attributed to this specific collapse.
B11.10.03;aulla-2011-2;2011-10-25;Aulla;Massa-Carrara;Toscana;44.3189;9.8942;waterway;Mangiola stream;Provincial/Regional;TC;0;0;TRUE;Natural;Hydraulic;Medium;TRUE;;Beam bridge;Reinforced concrete;;Standard;Total collapse of a provincial reinforced concrete bridge over the Mangiola stream near Aulla (Massa-Carrara, Tuscany) on 25 October 2011, caused by the catastrophic flooding of the Mangiola — a minor left-bank tributary of the Magra — during the alluvione dello Spezzino e della Lunigiana. The Mangiola, which flows from the Apennine hills north of Aulla, overflowed violently during the 542mm/6h rainfall event. The broader event caused 13 deaths and €1.5 billion of damage across the Spezzino and Lunigiana. The Regione Toscana reconstruction programme included this bridge alongside the Ponte di Stradano and the Castagnetoli bridge. No fatalities directly attributed to this specific collapse.
B11.10.04;castagnetoli-2011;2011-10-25;Castagnetoli;Massa-Carrara;Toscana;44.3388;9.8809;waterway;Teglia river;Provincial/Regional;TC;0;0;TRUE;Natural;Hydraulic;Medium;TRUE;;Arch bridge;Masonry;;Standard;Total collapse of a municipal bridge near Castagnetoli (Tuscany) on 25 October 2011 during the Liguria-Tuscany flood event. No fatalities or injuries were reported.
B11.10.05;pignone-2011;2011-10-25;Pignone;La Spezia;Liguria;44.1777;9.7233;waterway;Pignone stream;Municipal;TC;0;0;TRUE;Natural;Hydraulic;Medium;TRUE;;Beam bridge;Reinforced concrete;;Standard;Total collapse of a municipal bridge near Pignone (Liguria) on 25 October 2011 following severe hydraulic phenomena associated with extreme flooding during the Liguria-Tuscany storm event. No fatalities or injuries were reported.
B11.10.06;rocchetta-di-vara-2011;2011-10-25;Rocchetta di Vara;La Spezia;Liguria;44.2479;9.7547;waterway;Gravegnola stream;Provincial/Regional;TC;0;0;TRUE;Natural;Hydraulic;Medium;TRUE;;Beam bridge;Reinforced concrete;;Standard;Total collapse of a provincial bridge near Rocchetta di Vara (Liguria) on 25 October 2011 following severe hydraulic phenomena associated with extreme flooding during the Liguria-Tuscany flood disaster. No fatalities or injuries were reported.
B11.10.07;brugnato-2011;2011-10-25;Brugnato;La Spezia;Liguria;44.2296;9.7311;waterway;Gravegnola stream;Municipal;PC;0;0;TRUE;Natural;Hydraulic;Medium;TRUE;;Beam bridge;Reinforced concrete;;Standard;Total collapse of a municipal bridge near Brugnato (Liguria) on 25 October 2011 following severe hydraulic phenomena associated with extreme flooding during the Liguria-Tuscany storm event. No fatalities or injuries were reported.
B11.10.08;pontremoli-2011;2011-10-25;Pontremoli;Massa-Carrara;Toscana;44.3581;9.8972;waterway;Magra river;Municipal;PC;0;0;TRUE;Natural;Hydraulic;Medium;TRUE;;Arch bridge;Masonry;;Standard;Partial collapse and severe hydraulic damage of a municipal bridge near Pontremoli (Tuscany) on 25 October 2011 during the Liguria-Tuscany flood event. No fatalities or injuries were reported.
B11.11.01;torre-pellice-2011;2011-11-06;Torre Pellice;Torino;Piemonte;44.817;7.2062;waterway;Pellice river;National;TC;0;0;TRUE;Natural;Hydraulic;High;TRUE;Ponte Bertenga;Beam bridge;Reinforced concrete;;Standard;Total collapse of a national bridge near Torre Pellice (Piemonte) on 6 November 2011 following severe hydraulic phenomena associated with flooding of the Pellice river. No fatalities or injuries were reported.
B11.11.02;amato-2011;2011-11-22;Amato;Catanzaro;Calabria;38.9147;16.4154;waterway;Cancello stream;Railway;TC;0;0;TRUE;Natural;Hydraulic;Medium;TRUE;;Truss;Steel;;Standard;Total collapse of a provincial bridge near Amato (Calabria) on 22 November 2011 following severe hydraulic phenomena associated with flooding of the Cancello stream. No fatalities or injuries were reported.
B11.11.03;barcellona-pozzo-di-gotto-2011;2011-11-22;Barcellona Pozzo di Gotto;Messina;Sicilia;38.1691;15.1949;waterway;Longano stream;Provincial/Regional;TC;3;0;TRUE;Natural;Hydraulic;High;TRUE;Ponte di Calderà;Beam bridge;Reinforced concrete;;Flagship;Total collapse of a provincial bridge near Barcellona Pozzo di Gotto (Sicily) on 22 November 2011 following severe hydraulic phenomena associated with flooding of the Longano stream during an extreme rainfall event. The event caused three fatalities.
B12.11.01;sericciolo-2012;2012-11-11;Aulla;Massa-Carrara;Toscana;44.2024;10.0286;waterway;Aulella stream;National;TC;0;0;TRUE;Natural;Hydraulic;High;TRUE;;Beam bridge;Reinforced concrete;;Flagship;Total collapse of a national road bridge near Sericciolo (Tuscany) on 11 November 2012 following severe hydraulic phenomena associated with extreme flooding and scour processes affecting the Aulella stream during an intense rainfall event. No fatalities or injuries were reported.
B12.11.02;mel-2012;2012-11-11;Mel;Belluno;Veneto;46.0645;12.0967;waterway;Terche stream;Municipal;TC;0;0;TRUE;Natural;Hydraulic;Medium;TRUE;;Arch bridge;Masonry;;Standard;Total collapse of a municipal bridge near Mel (Veneto) on 11 November 2012 following severe hydraulic phenomena associated with flooding of the Terche stream during an extreme rainfall event. No fatalities or injuries were reported.
B12.11.03;marsiliana-2012;2012-11-12;Manciano;Grosseto;Toscana;42.5441;11.3363;waterway;Albegna river;Provincial/Regional;PC;0;0;TRUE;Natural;Hydraulic;High;TRUE;;Beam bridge;Reinforced concrete;;Standard;Partial collapse of a municipal bridge near Marsciano (Umbria) on 12 November 2012 following severe hydraulic phenomena associated with extreme flooding of the Alliana river. The event caused three fatalities after vehicles were swept away during the collapse.
B12.11.04;gallina-2012;2012-11-28;Gallina;Siena;Toscana;43.0207;11.6898;waterway;Orcia river;Provincial/Regional;TC;0;0;TRUE;Natural;Hydraulic;Medium;TRUE;Ponte delle Nove Luci;Beam bridge;Reinforced concrete;;Standard;Total collapse of a provincial bridge near Gallina (Tuscany) on 12 November 2012 following severe hydraulic phenomena associated with flooding of the Orcia river during an extreme rainfall event. No fatalities or injuries were reported.
B13.02.01;ribera-2013;2013-02-02;Ribera;Agrigento;Sicilia;37.4892;13.2275;waterway;Verdura river;National;TC;0;0;TRUE;Natural;Hydraulic;High;TRUE;Viadotto Verdura;Viaduct;Reinforced concrete;;Standard;Total collapse of a portion of the Viadotto Verdura on the SS115 Sud Occidentale Sicula national road near Ribera (Agrigento, Sicily) on 2 February 2013, triggered by a landslide caused by exceptional rainfall that had saturated the slope adjacent to a bridge pillar. The structure, built in the 1960s and found to be compliant with regulations of the time, had no prior recorded structural deficiencies. The expert investigation concluded in 2020 that the collapse was solely attributable to the extraordinary meteorological event and that no human error or maintenance deficiency was responsible. A new viaduct was built and inaugurated in 2020. No fatalities or injuries were reported.
B13.03.01;zocca-2013;2013-03-23;Zocca;Modena;Emilia-Romagna;44.3222;10.9746;waterway;Rosola stream;Municipal;TC;0;0;TRUE;Natural;Hydraulic;High;TRUE;;Beam bridge;Reinforced concrete;;Standard;Total collapse of a municipal bridge over the Rosola stream near Zocca (Modena, Emilia-Romagna) on 23 March 2013, triggered by hydraulic forces during spring rainfall. Zocca is a mountain municipality in the northern Apennines where streams flood rapidly during rainfall events. No fatalities or injuries were reported.
B13.09.01;roma-2013;2013-09-26;Roma;Roma;Lazio;41.933981;12.605197;road;SS5;Cycle-pedestrian;TC;0;0;TRUE;Human-induced;Impact;Medium;TRUE;;Overpass;Reinforced concrete;;Standard;Total collapse of a cycle-pedestrian overpass over the SS5 Via Tiburtina near Rome (Lazio) on 26 September 2013, caused by the impact of a heavy goods vehicle with an oversized load that struck the underside of the bridge while travelling on the road below. No fatalities or injuries were reported as the bridge was unoccupied at the time. The event prompted closure of the Via Tiburtina and structural assessment of adjacent structures.
B13.10.01;carasco-2013;2013-10-22;Carasco;Genova;Liguria;44.3533;9.3434;waterway;Sturla stream;National;TC;2;1;TRUE;Natural;Hydraulic;High;TRUE;Ponte San Pietro;Beam bridge;Reinforced concrete;;Flagship;"Total collapse of the Ponte di Carasco over the torrente Sturla (Valfontanabuona, Genova, Liguria) on 22 October 2013 during a violent flash flood (nubifragio) that struck the Fontanabuona valley. Two people died — Gino Gattorna (68) and Claudio Rosasco (45), both from Moconesi — whose car was swept into the flooded Sturla as the bridge collapsed while they were crossing. The bridge was a 55-metre national road crossing on the SP 225 Fontanabuona. One further person was injured. Subsequent judicial proceedings saw 4 employees of the former Provincia di Genova charged with culpable homicide and culpable collapse (allegedly prolonged failure to carry out scheduled inspections); they were acquitted in May 2017. The bridge was rebuilt in exceptional time — completed in 6 months — and reopened in April 2014."
B13.10.02;firenzuola-2013;2013-10-24;Firenzuola;Firenze;Toscana;44.1425;11.3566;waterway;Diaterna stream;Municipal;TC;0;0;TRUE;Natural;Hydraulic;High;TRUE;;Beam bridge;Reinforced concrete;;Standard;Total collapse of a municipal bridge over the Diaterna stream near Firenzuola (Firenze, Tuscany) on 24 October 2013, triggered by hydraulic forces during the same autumn rainfall event that caused the Carasco collapse. The Diaterna is a minor mountain stream in the Apennines north of Florence. No fatalities or injuries were reported.
B13.11.01;olbia-2013-1;2013-11-18;Olbia;Sassari;Sardegna;40.8877;9.5052;waterway;Padrongianus river;Provincial/Regional;TC;0;0;TRUE;Natural;Hydraulic;High;TRUE;;Beam bridge;Reinforced concrete;;Standard;Total collapse of a provincial/regional bridge over the Padrongianus river near Olbia (Sassari, Sardinia) on 18 November 2013, triggered by the catastrophic flooding caused by Ciclone Cleopatra — which dropped 440 mm in a few hours, killing 19 people across Sardinia and causing €660 million of damage. Olbia suffered 9 deaths. No fatalities directly attributed to this specific collapse.
B13.11.02;oliena-2013-1;2013-11-18;Oliena;Nuoro;Sardegna;40.2956;9.4764;waterway;Cedrino river;Provincial/Regional;TC;1;0;TRUE;Natural;Hydraulic;High;TRUE;Ponte di Oloè;Beam bridge;Reinforced concrete;;Flagship;"Total collapse of the Ponte di Oloè on the SP46 provincial road between Oliena and Dorgali (Nuoro, Sardinia) on 18 November 2013, caused by the catastrophic flooding of the Cedrino river during Ciclone Cleopatra. Inspector Luca Tanzi (40), a police officer responding to the emergency with three colleagues escorting an ambulance, was killed when the bridge spalletta collapsed suddenly at approximately 18:30, plunging his Land Rover into the void. His three colleagues survived. The bridge was placed under judicial sequestration; subsequent works were found to use substandard materials. A 30-person trial for culpable homicide and disastro colposo was opened; a second trial addressed the fraudulent reconstruction. The bridge was not reopened for over 10 years."
B13.11.03;olbia-2013-2;2013-11-18;Olbia;Sassari;Sardegna;40.9653;9.278;waterway;Rio Badu Pinasu;Provincial/Regional;TC;3;0;TRUE;Natural;Hydraulic;High;TRUE;;Viaduct;Reinforced concrete;;Flagship;Total collapse of a section of the SP38 provincial road at Monte Pino near Olbia (Sassari, Sardinia) on 18 November 2013, caused by a voragine (sinkhole/collapse) triggered by the catastrophic flooding of the Rio Badu Pinasu stream during Ciclone Cleopatra. Three people died: Bruno Fiore, his wife Sebastiana Brundu, and his consuocera Maria Loriga, who were travelling on the road when a large section gave way. The collapse created a monument to 'inefficiency' — the road remained unrepaired for years. Three people were convicted by the Tribunale di Tempio Pausania in March 2022 for culpable collapse and culpable homicide.
B13.11.04;oliena-2013-2;2013-11-18;Oliena;Nuoro;Sardegna;40.2963;9.3932;waterway;Cedrino river;Provincial/Regional;TC;0;0;TRUE;Natural;Hydraulic;High;TRUE;;Beam bridge;Reinforced concrete;;Standard;"Total collapse of a second provincial/regional bridge over the Cedrino river near Oliena (Nuoro, Sardinia) on 18 November 2013, caused by Ciclone Cleopatra. This was a separate crossing from the Ponte di Oloè on the SP46; its collapse contributed to the complete isolation of the Oliena-Dorgali area. No fatalities directly attributed to this specific collapse."
B13.11.05;galatelli-2013;2013-11-18;Galatelli;Nuoro;Sardegna;40.3935;9.5845;waterway;Rio Sologo;Provincial/Regional;TC;0;0;TRUE;Natural;Hydraulic;Medium;TRUE;;Beam bridge;Reinforced concrete;;Standard;Total collapse of a provincial/regional bridge over the Rio Sologo near Galatelli (Nuoro, Sardinia) on 18 November 2013, triggered by the extreme flooding caused by Ciclone Cleopatra. No fatalities directly attributed to this specific collapse.
B13.11.06;olbia-2013-3;2013-11-18;Olbia;Olbia;Sardegna;40.88165;9.470236;waterway;Rio Enas;Municipal;TC;0;0;TRUE;Natural;Hydraulic;High;TRUE;;Beam bridge;Reinforced concrete;;Standard;Total collapse of a municipal bridge over the Rio Enas near Olbia (Sassari, Sardinia) on 18 November 2013, caused by the catastrophic flooding during Ciclone Cleopatra. Olbia, as the epicentre of the disaster with 9 deaths, suffered the destruction of multiple bridges and road infrastructure. No fatalities directly attributed to this specific collapse.
B13.11.07;foligno-2013;2013-11-19;Foligno;Perugia;Umbria;42.9842557783153;12.7351555203804;waterway;Topino river;Municipal;PC;0;0;TRUE;Natural;Hydraulic;High;TRUE;Ponte di Scanzano;Beam bridge;Reinforced concrete;;Standard;Partial collapse of a municipal bridge over the Topino river near Foligno (Perugia, Umbria) on 19 November 2013, triggered by hydraulic forces during autumn flooding. No fatalities or injuries were reported.
B13.12.01;rubbianello-2013;2013-12-02;Rubbianello;Ascoli;Marche;43.0584;13.7184;waterway;Aso river;Provincial/Regional;TC;0;0;TRUE;Natural;Hydraulic;High;TRUE;;Beam bridge;Reinforced concrete;;Standard;Total collapse of a provincial/regional bridge over the Aso river near Rubbianello (Fermo, Marche) on 2 December 2013, triggered by hydraulic forces during autumn rainfall. No fatalities or injuries were reported.
B13.12.02;apice-2013;2013-12-02;Apice;Benevento;Campania;41.1381;14.9263;waterway;Miscano river;Provincial/Regional;PC;0;0;TRUE;Natural;Hydraulic;Medium;TRUE;;Beam bridge;Reinforced concrete;;Standard;Partial collapse of a provincial/regional bridge over the Miscano river near Apice (Benevento, Campania) on 2 December 2013, triggered by hydraulic forces. No fatalities or injuries were reported.
B13.12.03;costa-di-serina-2013;2013-12-02;Costa di Serina;Bergamo;Lombardia;45.841449;9.730167;waterway;Serina stream;Provincial/Regional;TC;0;0;TRUE;Natural;Landslide;High;TRUE;;Beam bridge;Reinforced concrete;;Standard;Total collapse of a provincial/regional bridge over the Serina stream near Costa di Serina (Bergamo, Lombardy) on 2 December 2013, triggered by a landslide during intense rainfall. No fatalities or injuries were reported.
B14.04.01;pisa-2014;2014-04-23;Pisa;Livorno;Toscana;43.5838;10.3058;waterway;Darsena;National;PC;0;0;FALSE;Human-induced;Material;High;TRUE;Viadotto Navicelli;Frame;Steel;;Standard;"Partial collapse of the Viadotto Navicelli, a moveable road bridge on the FiPiLi superstrada at Calambrone (Pisa, Tuscany) crossing the Canale dei Navicelli, on 23 April 2014 at approximately 11:00. During a closing manoeuvre after allowing a sailing vessel to pass, a series of bridge components fell onto the roadway below, causing panic among motorists. The collapse was caused by the failure of bolts holding the moveable span. No fatalities or injuries were reported. The bridge, managed by Società Navicelli, is a vital link between the Pisa and Livorno nautical industrial districts; its closure severely disrupted operations for dozens of nautical firms. Repairs required at least one month and two cranes. Confindustria noted that an analogous collapse had occurred at the same bridge in 2014 when a further event occurred in 2026."
B14.05.01;sant-elpidio-a-mare-2014;2014-05-03;Sant'Elpidio a Mare;Fermo;Marche;43.2294;13.6656;waterway;Eto Morto river;Municipal;TC;0;0;TRUE;Natural;Hydraulic;Medium;TRUE;;Beam bridge;Reinforced concrete;;Standard;Total collapse of a municipal bridge over the Ete Morto river near Sant'Elpidio a Mare (Fermo, Marche) on 3 May 2014, triggered by hydraulic forces during a flood event. No fatalities or injuries were reported.
B14.07.01;licata-2014;2014-07-07;Licata;Agrigento;Sicilia;37.1685;13.9476;urban area;Municipality of Licata;National;TC;0;4;FALSE;Human-induced;Design and Construction;High;TRUE;Viadotto Petrulla;Beam bridge;Prestressed concrete;;Standard;Total collapse of a span of the Viadotto Petrulla on the SS626 national road in the contrada Petrulla, territory of Licata (Agrigento, Sicily) on 7 July 2014. The bridge deck collapsed downward from a height of approximately 4 metres due to sudden failure of the prestressed concrete carrying beams, splintering at mid-span. Two vehicles were involved in the incident: four people sustained minor injuries, including a pregnant woman who was airlifted to hospital in Caltanissetta as a precaution. ANAS immediately established an internal investigation commission. The Procura di Agrigento opened a criminal investigation. The event was subsequently cited by CNR-ITC as a significant example of prestressed concrete failure in Italian bridge infrastructure, comparable to the later Fossano (2017) collapse.
B14.07.02;roma-2014;2014-07-24;Roma;Roma;Lazio;41.963936;12.489246;road;SS3;Cycle-pedestrian;TC;0;0;TRUE;Human-induced;Impact;High;TRUE;;Overpass;Reinforced concrete;;Standard;Total collapse of a cycle-pedestrian bridge over the SS3 Via Flaminia national road near Rome (Lazio) on 24 July 2014, caused by the impact of a heavy goods vehicle with an oversized load that struck the underside of the bridge while travelling on the road below. No fatalities or injuries were reported as the bridge was unoccupied at the time. The collapse interrupted the SS3 Via Flaminia and prompted closure for structural assessment of similar structures in the area.
B14.08.01;moggio-udinese-2014;2014-08-13;Moggio Udinese;Udine;Friuli-Venezia Giulia;46.4069;13.1994;waterway;Aupa stream;Municipal;PC;0;0;TRUE;Natural;Hydraulic;Medium;TRUE;;Beam bridge;Reinforced concrete;;Standard;Partial collapse of a municipal bridge over the Aupa stream near Moggio Udinese (Udine, Friuli-Venezia Giulia) on 13 August 2014, caused by hydraulic forces during a summer flood event. The Aupa is a mountain stream in the Carnia Alps known for flash flooding following intense summer storms. No fatalities or injuries were reported.
B14.09.01;casalfiumanese-2014;2014-09-20;Casalfiumanese;Bologna;Emilia-Romagna;44.2374;11.5179;waterway;Santerno river;Municipal;TC;0;0;TRUE;Natural;Hydraulic;Medium;TRUE;;Beam bridge;Reinforced concrete;;Standard;Total collapse of a municipal bridge over the Santerno river near Casalfiumanese (Bologna, Emilia-Romagna) on 20 September 2014, triggered by hydraulic forces during autumn flooding. The Santerno, flowing from the Apennines through the Imola area, is prone to flash flooding in autumn. No fatalities or injuries were reported.
B14.10.01;parma-2014;2014-10-13;Parma;Parma;Emilia-Romagna;44.7868;10.3171;waterway;Baganza stream;Cycle-pedestrian;TC;0;0;TRUE;Natural;Hydraulic;High;TRUE;;Beam bridge;Reinforced concrete;;Standard;Total collapse of a cycle-pedestrian bridge over the Baganza stream in Parma (Emilia-Romagna) on 13 October 2014, triggered by the flooding of the Baganza during the major rainfall event that struck the Parma area. The Baganza, a tributary of the Parma torrent, overflowed its banks causing significant infrastructure damage. No fatalities or injuries were reported.
B14.11.01;trasta-2014;2014-11-10;Trasta;Genova;Liguria;44.4594;8.8852;waterway;Rio Ciliegio;Cycle-pedestrian;TC;0;0;TRUE;Natural;Hydraulic;High;TRUE;;Beam bridge;Reinforced concrete;;Standard;Total collapse of a cycle-pedestrian bridge over the Rio Ciliegio near Trasta, a fraction of Genova (Liguria) on 10 November 2014, triggered by the major flash flood that struck the Genova area — the second catastrophic alluvione in three years after the deadly 2011 event. The Rio Ciliegio is a minor stream in the Genova hinterland that overflowed during the event, which caused 1 death and widespread infrastructure damage across the city. No fatalities directly attributed to this specific collapse.
B14.11.02;ventimiglia-2014;2014-11-15;Ventimiglia;Imperia;Liguria;43.8224;7.5775;waterway;Bevera stream;Municipal;PC;0;0;TRUE;Natural;Hydraulic;High;TRUE;;Beam bridge;Reinforced concrete;;Standard;Partial collapse of a municipal bridge over the Bevera stream near Ventimiglia (Imperia, Liguria) on 15 November 2014, caused by the extreme hydraulic event that struck the Liguria di Ponente. Ventimiglia and the Bevera valley were severely affected by flooding during the November 2014 Liguria rainfall events. No fatalities or injuries were reported.
B14.11.03;salice-terme-2014;2014-11-16;Salice Terme;Pavia;Lombardia;44.9187;9.0295;waterway;Staffora stream;Municipal;PC;0;0;TRUE;Natural;Hydraulic;High;TRUE;;Beam bridge;Reinforced concrete;;Standard;Partial collapse of a municipal bridge over the Staffora stream at Salice Terme, fraction of Godiasco Salice Terme (Pavia, Lombardy) on 16 November 2014, caused by flooding of the Staffora during the November 2014 northern Italy rainfall event. The Staffora, flowing through the Oltrepò Pavese, overflowed causing infrastructure damage in the Pavia area. No fatalities or injuries were reported.
B14.12.01;mezzojuso-2014;2014-12-30;Mezzojuso;Palermo;Sicilia;37.892697;13.461;valley;Municipality of Mezzojuso;National;TC;0;0;FALSE;Human-induced;Design and Construction;High;TRUE;Viadotto Scorciavacche;Viaduct;Reinforced concrete;2014;Flagship;"Total collapse of the Viadotto Scorciavacche on the SS189 Palermo-Agrigento expressway near Mezzojuso (Palermo, Sicily) on 30 December 2014, exactly seven days after its inauguration. The viaduct had been opened without the required structural testing and certification (collaudo), with ANAS having moved the inauguration forward by three months. The structure, built on unstable terrain, failed within a week of opening to traffic. The collapse was a major national scandal: Prime Minister Matteo Renzi expressed public outrage; the Procura di Termini Imerese opened an investigation for attentato alla sicurezza dei trasporti and falso, indicting the ex-ANAS president Pietro Ciucci and several ANAS directors. After years of procedural battles, most charges were declared prescribed in 2023; in January 2025 the remaining defendants were acquitted. No fatalities or injuries were reported as the viaduct failed without vehicles in transit."
B15.03.02;cerami-2015;2015-03-14;Cerami;Enna;Sicilia;37.777473;14.494313;waterway;Cerami river;Cycle-pedestrian;PC;0;0;FALSE;Human-induced;Material;Medium;TRUE;Ponte di Cicerone;Arch bridge;Masonry;;Standard;Partial collapse of a cycle-pedestrian bridge over the Cerami river near Cerami (Enna, Sicily) on 14 March 2015, caused by structural deterioration in the absence of adequate maintenance. No fatalities or injuries were reported. Cerami has a notable medieval arch bridge of the XII century over the Cerami river, but this event relates to a separate structure in the same area. Limited documentation available for this specific event.
B15.03.01;laino-borgo-2015;2015-03-03;Laino Borgo;Cosenza;Calabria;39.943442;15.960189;valley;Municipality of Laino Borgo;Motorway;TC;1;0;TRUE;Human-induced;Impact;High;TRUE;Viadotto Italia;Viaduct;Steel;1969;Flagship;"Total collapse of approach span no. 13 (Reggio Calabria side) of the Viadotto Italia on the A3/A2 del Mediterraneo motorway between Laino Borgo and Mormanno (Cosenza, Calabria) on 2 March 2015 at approximately 17:00, during demolition works as part of the Macrolotto 3.2 motorway widening programme. The steel span, found to lack fixings on both supports, slid off pier 12 and fell approximately 80 metres into the Lao gorge below. One worker — Adrian Ionel Miholca, 25, Romanian national of Nitrex Srl — was carried down with the span and died on impact. The Procura di Castrovillari sequestered the entire viaduct; the A3 between Laino Borgo and Mormanno remained closed for several months, effectively isolating Calabria from the rest of Italy along the main north-south motorway axis. ANAS established an internal inquiry commission. The Viadotto Italia, designed with consultancy of Riccardo Morandi and inaugurated in 1969, was at the time the highest bridge in Italy (240m above the valley floor) and had been Europe's highest until 2004."
B15.03.03;enna-2015;2015-03-28;Enna;Enna;Sicilia;37.571078;14.286953;valley;Enna's panoramic road;Provincial/Regional;TC;0;0;TRUE;Natural;Hydraulic;Medium;TRUE;;Viaduct;Reinforced concrete;;Standard;Total collapse of a provincial/regional bridge on the panoramic road of Enna (Sicily) on 28 March 2015, triggered by hydraulic phenomena during spring rainfall. No fatalities or injuries were reported. Enna's hilly terrain makes the provincial road network particularly vulnerable to hydraulic and landslide events during the rainy season.
B15.04.01;himera-scillato-2015;2015-04-10;Scillato;Palermo;Sicilia;37.857;13.906;waterway;Grande river;Motorway;TC;0;0;TRUE;Natural;Landslide;High;TRUE;Viadotto Himera;Viaduct;Reinforced concrete;1970;Flagship;Total collapse and severe deformation of the Himera motorway viaduct near Scillato (Sicily) on 10 April 2015 caused by a large landslide affecting the foundation area and surrounding slope. The event interrupted a major motorway connection in Sicily without causing fatalities or injuries.
B15.09.01;bobbio-2015;2015-09-14;Bobbio;Piacenza;Emilia-Romagna;44.7949;9.4141;waterway;Trebbia river;National;TC;0;0;TRUE;Natural;Hydraulic;High;TRUE;;Beam bridge;Reinforced concrete;;Standard;"Total collapse of a national road bridge over the Trebbia river near Bobbio (Piacenza, Emilia-Romagna) on 14 September 2015, triggered by the severe flooding of the Trebbia during intense late-summer rainfall. The Trebbia is known for its powerful flash floods in the upper valley. No fatalities or injuries were reported. The medieval Ponte Gobbo (humpback bridge), a symbol of Bobbio, survived the event despite heavy flooding around it; the collapsed structure was a modern RC road bridge."
B15.10.01;circello-2015;2015-10-15;Circello;Benevento;Campania;41.3707;14.7882;waterway;Tammarecchia river;Provincial/Regional;TC;0;0;TRUE;Natural;Hydraulic;High;TRUE;Ponte Tammarecchia;Beam bridge;Masonry;;Standard;"Total collapse of the Ponte Tammarecchia on the SP ex-SS 625 between Campolattaro and Circello (Benevento, Campania) on 15 October 2015, triggered by the catastrophic flash flood that struck the Sannio region — one of the most severe hydraulic events ever recorded in the province. The masonry pillar was swept away by the Tammarecchia river in full spate, isolating the Alto Tammaro area and cutting off several communities. One of 5 bridges in Circello alone destroyed in the event. The Esercito Italiano deployed Bailey bridge technology; a provisional crossing was installed within months. A permanent replacement bridge (€950,000) was inaugurated in 2018. No fatalities directly attributed to this specific collapse."
B15.10.02;morcone-2015;2015-10-15;Morcone;Benevento;Campania;41.3289;14.7653;waterway;Tammarecchia river;Provincial/Regional;TC;0;0;TRUE;Natural;Hydraulic;High;TRUE;;Beam bridge;Reinforced concrete;;Standard;Total collapse of a provincial/regional bridge over the Tammarecchia river near Morcone (Benevento, Campania) on 15 October 2015, during the catastrophic flash flood that struck the Sannio region. The bridge was one of multiple structures destroyed on the same waterway during the event, which caused €1.1 billion of total damage across the province. No fatalities directly attributed to this specific collapse.
B15.10.03;cautano-2015;2015-10-15;Cautano;Benevento;Campania;41.1361;14.6333;waterway;Jenga stream;Provincial/Regional;TC;0;0;TRUE;Natural;Hydraulic;High;TRUE;Ponte Jenga;Beam bridge;Reinforced concrete;;Standard;Total collapse of the Ponte Jenga on SP109 over the Jenga stream between Campoli Monte Taburno and Cautano (Benevento, Campania) on 15 October 2015, triggered by the catastrophic Benevento flood event. The Provincia di Benevento approved a reconstruction project of €950,000 for the new bridge. No fatalities directly attributed to this specific collapse.
B15.10.04;casalduni-2015;2015-10-15;Casalduni;Benevento;Campania;41.2615;14.7016;waterway;Alente river;Provincial/Regional;TC;0;0;TRUE;Natural;Hydraulic;High;TRUE;;Beam bridge;Reinforced concrete;;Standard;Total collapse of the bridge on SP95 (Malepara) over the Alente river connecting Casalduni with the SS88 (Benevento, Campania) on 15 October 2015, during the catastrophic Sannio flood event. Casalduni was left completely isolated, without water and electricity, following the collapse. The Esercito Italiano deployed Bailey bridge technology for emergency access. Reconstruction project approved for €570,000. No fatalities directly attributed to this specific collapse.
B15.10.05;baselice-2015;2015-10-19;Baselice;Benevento;Campania;41.4015;14.9459;waterway;Cervaro stream;Municipal;TC;0;0;TRUE;Natural;Hydraulic;Medium;TRUE;;Beam bridge;Reinforced concrete;;Standard;Total collapse of a municipal bridge over the Cervaro stream near Baselice (Benevento, Campania) on 19 October 2015, triggered by hydraulic phenomena associated with the continuing effects of the October 2015 Sannio flood event. Baselice was among the municipalities damaged during the emergency in which the Esercito Italiano intervened. No fatalities or injuries were reported.
B15.11.01;marina-di-caulonia-2015;2015-11-01;Marina di Caulonia;Reggio Calabria;Calabria;38.348;16.4729;waterway;Allaro river;National;TC;0;0;TRUE;Natural;Hydraulic;High;TRUE;Ponte Allaro;Beam bridge;Reinforced concrete;;Standard;"Total collapse of the northbound carriageway of the Ponte Allaro on the SS106 Jonica national road near Marina di Caulonia (Reggio Calabria, Calabria) on 1 November 2015, during the major flood that struck the Locride area (the 'alluvione della Locride', 31 October–2 November 2015). The Allaro river overwhelmed the bridge, causing the collapse of the 'ponte monarchico' (the older of the two parallel structures). The remaining partial structure was demolished on 6 November 2015 for safety reasons. ANAS appaltò reconstruction works of €2.5 million in December 2016; the new bridge was opened in December 2020. No fatalities directly attributed to this specific bridge collapse (though the broader flood claimed multiple victims in the area)."
B16.03.01;stigliano-2016;2016-03-18;Stigliano;Matera;Basilicata;40.3342;16.3132;waterway;Sauro stream;Provincial/Regional;PC;0;0;TRUE;Natural;Hydraulic;High;TRUE;Viadotto Marrazzita;Viaduct;Reinforced concrete;;Standard;"Partial collapse of the Viadotto Marrazzita on the SP2 'Saurina' at km 4+100 near Stigliano (Matera, Basilicata) on 18 March 2016, caused by intense rainfall that saturated the roadway embankment and caused the voiding of material around a bridge abutment, opening a large sinkhole. The Provincia di Matera issued emergency ordinance n.21/2016 closing the SP2. TOTAL E&P S.p.A. funded emergency repair works; the bridge was reopened within approximately two weeks. No fatalities or injuries were reported."
B16.09.01;trivento-2016;2016-09-10;Trivento;Campobasso;Molise;41.7781;14.5707;waterway;Rivo stream;Municipal;PC;0;0;TRUE;Natural;Hydraulic;High;TRUE;;Beam bridge;Reinforced concrete;;Standard;Partial collapse of a municipal bridge over the torrente Rio in the Macchialaccavone locality of Trivento (Campobasso, Molise) on 10 September 2016, caused by an exceptional flash flood that struck the area following a violent thunderstorm. The collapse isolated several contrade including Casale San Felice, Querciapiana and Montagna, and interrupted the provincial road connecting Trivento to Campobasso for several hours. The Vigili del fuoco and Protezione Civile intervened with pumps. No fatalities or injuries were reported.
B16.10.01;annone-ss36-2016;2016-10-28;Annone di Brianza;Lecco;Lombardia;45.791;9.333;road;SS36;Provincial/Regional;TC;1;5;TRUE;Human-induced;Overload;High;TRUE;Cavalcavia di Annone;Overpass;Reinforced concrete;1965;Flagship;Total collapse of the Annone overpass over the SS36 near Lecco on 28 October 2016 triggered by the transit of an overweight heavy transport vehicle. The collapse caused one fatality and multiple injuries, interrupting a major road connection in northern Italy.
B16.11.01;bruzzano-zeffirio-2016;2016-11-18;Bruzzano Zeffirio;Reggio Calabria;Calabria;38.0041;16.084;waterway;Bruzzano stream;Provincial/Regional;TC;0;0;TRUE;Natural;Hydraulic;High;TRUE;;Beam bridge;Reinforced concrete;;Standard;Total collapse of the bridge over the torrente Bruzzano on the SP65 provincial road at Bruzzano Zeffirio (Reggio Calabria, Calabria) on 18 November 2016, caused by renewed rainfall that brought down the surviving half-span of the bridge already severely damaged by the 31 October–2 November 2015 alluvione della Locride. The structure had been closed to traffic since the 2015 event. No fatalities or injuries were reported as the bridge was already interdicted. The 2016 collapse was total, completing the destruction begun a year earlier. Provincial technicians immediately began precautionary checks on an adjacent bridge.
B16.11.02;murialdo-2016;2016-11-24;Murialdo;Savona;Liguria;44.308;8.1211;waterway;Bormida stream;Municipal;TC;0;0;TRUE;Natural;Hydraulic;High;TRUE;Ponte delle Fucine;Beam bridge;Reinforced concrete;;Standard;"Total collapse of the Ponte delle Fucine over the Bormida river at Murialdo (Savona, Liguria) on the afternoon of 24 November 2016, during the major flood event that struck Piemonte and Liguria (21-25 November 2016) with rainfall comparable to the 1994 alluvione del Piemonte. The Bormida flood sheared off the bridge span, isolating approximately 40 families in the borgate Conradi and Pallareto. The mayor declared the situation 'dramatic'; a temporary ford was installed as an emergency measure. The event prompted significant debate on bridge hydraulic design standards, as the old bridge had zero freeboard against the 200-year flood. A new 57-metre single-span steel bridge was inaugurated in October 2021 after €1.76 million of Regione Liguria funding."
B16.11.03;sanfront-2016;2016-11-24;Sanfront;Cuneo;Piemonte;44.6544;7.3242;waterway;Po river;Municipal;PC;0;0;TRUE;Natural;Hydraulic;Medium;TRUE;;Beam bridge;Reinforced concrete;;Standard;Partial collapse of a municipal bridge over the Po river near Sanfront (Cuneo, Piemonte) on 24 November 2016, triggered by the exceptional flooding of the Po during the major November 2016 Piemonte flood event. Rainfall at Piaggia (CN) exceeded 632 mm total during the event, and the Po at its upper valley sections reached extremely high levels. No fatalities or injuries were reported.
B16.11.04;monesi-di-triora-2016;2016-11-24;Monesi di Triora;Imperia;Liguria;44.0784;7.7457;waterway;Rio Bevera;Provincial/Regional;TC;0;0;TRUE;Natural;Landslide;Medium;TRUE;;Beam bridge;Reinforced concrete;;Standard;Total collapse of a provincial/regional bridge over the Rio Bevera near Monesi di Triora (Imperia, Liguria) on 24 November 2016, triggered by a landslide associated with the extreme rainfall event that struck the Liguria di Ponente — particularly the Valle Arroscia and upper Val Bormida areas, where accumulations reached 349 mm in 24 hours at Pieve di Teco. The Monesi di Triora area is in the upper Tanaro basin and was severely affected by the event. No fatalities or injuries were reported.
B16.11.05;priola-2016;2016-11-25;Priola;Cuneo;Piemonte;44.2577;8.0254;waterway;Tanaro river;Municipal;PC;0;0;TRUE;Natural;Hydraulic;Medium;TRUE;;Beam bridge;Reinforced concrete;;Standard;Partial collapse of a municipal bridge over the Tanaro river near Priola (Cuneo, Piemonte) on 25 November 2016, triggered by the extreme flooding of the upper Tanaro during the major November 2016 Piemonte flood event. Tanaro levels at Garessio reached 4.88 metres, described as comparable to the catastrophic 1994 alluvione. No fatalities or injuries were reported.
B17.01.01;caulonia-marina-2017;2017-01-23;Caulonia Marina;Reggio Calabria;Calabria;38.348037;16.472968;waterway;Allaro river;National;PC;0;0;TRUE;Natural;Hydraulic;High;TRUE;Ponte Allaro;Beam bridge;Reinforced concrete;;Standard;Partial collapse of the Ponte Allaro on the SS106 Jonica national road near Caulonia Marina (Reggio Calabria, Calabria) on 23 January 2017, during a severe rainfall event that caused the Allaro river to flood. Two bridge spans on the carriageway already closed to traffic since the November 2015 flood (which had caused partial collapse of the original 'monarchico' bridge) gave way completely. ANAS had already contracted reconstruction works worth 2.5 million euros in December 2016. The SS106 remained closed in both directions. No fatalities or injuries were reported. The new bridge was finally rebuilt and reopened in December 2020 after five years of closures.
B17.03.01;camerano-2017;2017-03-09;Camerano;Ancona;Marche;43.4973;13.5643;road;SP10;Provincial/Regional;TC;2;3;FALSE;Human-induced;Design and Construction;High;TRUE;Ponte n. 167 A14;Overpass;Reinforced concrete;;Flagship;"Total collapse of bridge no. 167 on the A14 motorway at km 235+800 near Camerano (Ancona, Marche) on 9 March 2017 at approximately 13:30, during lifting operations as part of the construction of a third motorway lane. The temporary support structure failed, causing the bridge span to fall onto the open motorway carriageway below. Two people died — Emidio Diomede (60) and Antonella Viviani (54) from Spinetoli (Ascoli Piceno) — whose car was crushed by the falling deck while travelling towards the hospital; three Romanian construction workers were injured. The judicial investigation involved 22 individuals and four companies (Autostrade per l'Italia, Spea Engineering, Pavimental and Delabech), with charges of culpable homicide, culpable collapse and workplace safety violations. The MIT appointed an independent inspection commission. The engineering expert appointed by the prosecution concluded that risks had been systematically underestimated in both the design and execution phases."
B17.04.01;fossano-2017;2017-04-18;Fossano;Cuneo;Piemonte;44.5661;7.7238;road;SS231;National;TC;0;0;FALSE;Human-induced;Material;High;TRUE;Svincolo Marene tangenziale Fossano;Overpass;Reinforced concrete;1990;Standard;"Total collapse of a ramp (asta di svincolo per Marene) of the Fossano ring road on the SS231 'di Santa Vittoria' at km 61.300 near Fossano (Cuneo, Piemonte) on 18 April 2017 at approximately 15:00, involving the sudden failure of a campata without prior structural warning signs. A Carabinieri vehicle was destroyed under the collapsed structure, but the two officers — hearing structural creaking — escaped on foot moments before the collapse. No injuries. ANAS immediately commissioned an internal inquiry led by a Carabinieri general and two structural engineers; initial technical assessments pointed to 'vizi costruttivi' (construction defects) as the probable cause, as the collapse was judged anomalously sudden for a 1990s structure not under significant load. Eight people were subsequently placed under investigation by the Procura di Cuneo for culpable collapse."
B17.06.01;strambino-2017;2017-06-15;Strambino;Torino;Piemonte;45.4052;7.9041;waterway;Chiusella stream;Municipal;TC;0;0;TRUE;Natural;Hydraulic;High;TRUE;Ponte di Cerone;Arch bridge;Masonry;1880;Standard;Total collapse of a municipal bridge over the Chiusella stream near Strambino (Torino, Piemonte) on 15 June 2017, caused by hydraulic forces during a flood event. The Chiusella and its confluence with the Dora Baltea near Strambino is a recurrently flood-prone area with a documented history of bridge and infrastructure damage. No fatalities or injuries were reported.
B17.09.01;quercianella-2017;2017-09-09;Quercianella;Livorno;Toscana;43.4489;10.379;waterway;Chioma river;Municipal;TC;0;0;TRUE;Natural;Hydraulic;High;TRUE;Ponte foce del Chioma;Beam bridge;Reinforced concrete;;Standard;Total collapse of the municipal bridge at the mouth of the Chioma stream near Quercianella (Livorno, Tuscany) on 10 September 2017, triggered by the catastrophic flash flood that struck the Livorno area — causing 8 deaths and destroying multiple bridges and infrastructure after 250 mm of rain fell in approximately 2 hours. The Chioma stream, normally reduced to a rivulet in summer, overflowed dramatically and destroyed the bridge connecting the road to the Chioma Beach residence and marina, isolating residents. A rescue operation was mounted by the Vigili del fuoco and Protezione Civile. The bridge was rebuilt by the Comune di Rosignano Marittimo within approximately 7 months and reopened in June 2018.
B17.09.02;limoncino-2017;2017-09-10;Limoncino;Livorno;Toscana;43.5273;10.3749;waterway;Rio maggiore;Municipal;TC;0;0;TRUE;Natural;Hydraulic;High;TRUE;Ponte Rio Maggiore Limoncino;Beam bridge;Reinforced concrete;;Standard;Total collapse of a municipal bridge over the Rio Maggiore in the Limoncino locality of Livorno (Tuscany) on 10 September 2017, triggered by the catastrophic flash flood that struck the Livorno area. The Rio Maggiore, partially culverted through the city, overflowed catastrophically and destroyed the bridge on the road connecting Limoncino to Valle Benedetta, isolating hillside residential areas. The Regione Toscana, in collaboration with RFI (Rete Ferroviaria Italiana), rebuilt the bridge in approximately two weeks using railway bridge technology, reopening it on 26 September 2017 — one of the fastest bridge reconstructions ever recorded in Italy after a flood.
B17.12.01;laino-castello-2017;2017-12-07;Laino Castello;Cosenza;Calabria;39.911542;15.924839;waterway;Lao river;Municipal;TC;0;0;FALSE;Human-induced;Material;High;TRUE;Ponte Stefano Gioia;Beam bridge;Timber;2000;Standard;Total collapse of the Ponte Stefano Gioia over the Lao river near Laino Castello (Cosenza, Calabria) on 7 December 2017 at approximately 14:45. The bridge, a 70-metre glued laminated timber (glulam) structure built in 2000 by the Consorzio di Bonifica del Pollino and considered innovative at the time of its inauguration, had been closed to traffic since October 2017 due to detected structural deterioration. The collapse was attributed to complete lack of maintenance since construction, with fungal growth and wood rot having weakened the primary structural elements. The bridge connected the Campicello fraction of Laino Castello with the Nuppolara contrada of Papasidero near the Grotta del Romito, and was named after a rafting guide from Laino Borgo who died in Chile in 2010. No fatalities or injuries were reported as the structure was already closed.
B18.01.01;montirone-2018;2018-01-02;Montirone;Brescia;Lombardia;45.454811;10.214142;road;A21;Provincial/Regional;PC;0;0;TRUE;Human-induced;Fire and Explosion;High;TRUE;Cavalcavia SP 24 Montirone-Poncarale;Overpass;Reinforced concrete;;Standard;"Partial collapse (severe structural damage requiring full demolition and rebuilding) of the SP 24 overpass connecting Montirone and Poncarale over the A21 motorway near Brescia (Lombardy) on 2 January 2018, caused by a catastrophic fire ignited when a fuel tanker exploded following a chain-collision on the A21 below the bridge. Temperatures reaching 600°C severely damaged the RC beams of the entire bridge span. Six people died in the road accident itself. Structural surveys revealed concrete cores were irreparably compromised; the overpass was demolished in April 2018 and fully rebuilt by Autovia Padana, reopening in September 2019 after over 20 months of closure."
B18.02.01;forli-2018;2018-02-02;Forli;Cesena;Emilia-Romagna;44.2128;12.0276;waterway;Montone river;Cycle-pedestrian;TC;0;0;TRUE;Natural;Hydraulic;Medium;TRUE;;Beam bridge;Reinforced concrete;;Standard;Total collapse of a cycle-pedestrian bridge over the Montone river in Forlì (Emilia-Romagna) on 2 February 2018, caused by hydraulic forces during a flood event. The Montone river, which runs through the Forlì urban park area, has a history of flooding events that have caused repeated infrastructure damage. No fatalities or injuries were reported.
B18.02.02;salemi-2018;2018-02-08;Salemi;Trapani;Sicilia;37.8067121849219;12.8577849009686;waterway;Mazaro dry riverbed;Municipal;TC;0;0;TRUE;Natural;Hydraulic;High;TRUE;;Arch bridge;Masonry;;Standard;Total collapse of a municipal bridge over the Mazaro dry riverbed near Salemi (Trapani, Sicily) on 8 February 2018, triggered by exceptional rainfall that caused the normally dry Mazaro riverbed to fill rapidly. Winter storms in western Sicily in February 2018 caused widespread hydraulic damage. No fatalities or injuries were reported.
B18.08.01;morandi-genoa-2018;2018-08-14;Genova;Genova;Liguria;44.426;8.8885;urban area;Municipality of Genova;Motorway;TC;43;11;FALSE;Human-induced;Material;High;TRUE;Ponte Morandi;Cable-stayed;Prestressed concrete;1967;Flagship;Total collapse of the Polcevera Viaduct (Morandi Bridge) in Genoa on 14 August 2018, involving multiple spans and causing 43 fatalities and 11 injuries. The collapse occurred without a clearly identifiable external trigger and is generally associated with structural deterioration and maintenance-related deficiencies.
B18.08.02;bologna-a14-fire-2018;2018-08-06;Bologna;Bologna;Emilia-Romagna;44.535;11.347;road;Via Emilia;Motorway;TC;0;0;TRUE;Human-induced;Fire and Explosion;High;TRUE;;Overpass;Reinforced concrete;1990;Flagship;Total collapse of an overpass along the A14 motorway interchange in Bologna on 6 August 2018 following a tanker truck explosion and intense fire. The collapse caused severe disruption to the motorway network. Casualties associated with the explosion event are not directly attributed to the structural collapse in the present database.
B18.10.01;uta-2018;2018-10-10;Uta;Cagliari;Sardegna;39.2764;8.9523;waterway;Rio Coccodi;Municipal;TC;0;0;TRUE;Natural;Hydraulic;Medium;TRUE;;Beam bridge;Reinforced concrete;;Standard;Total collapse of a municipal bridge over the Rio Coccodi near Uta (Cagliari, Sardinia) on 10 October 2018, triggered by the extreme flood that struck the Cagliari hinterland following 250 mm of rainfall in 24 hours. The same event caused the collapse of the SS195 bridge at Capoterra and forced the evacuation of 49 residents from Uta. No fatalities directly attributed to this collapse.
B18.10.02;capoterra-2018;2018-10-10;Capoterra;Cagliari;Sardegna;39.164;9.03;waterway;Rio Santa Lucia;National;PC;0;0;TRUE;Natural;Hydraulic;High;TRUE;;Beam bridge;Reinforced concrete;;Standard;Partial collapse of the bridge over the Rio Santa Lucia on the SS195 Sulcitana national road connecting Cagliari to Capoterra and Pula (Sardinia) on 10 October 2018 at approximately 17:30, triggered by the overflow of the Rio Santa Lucia during an extreme rainfall event (250 mm/24h at Capoterra, half the annual average). ANAS had closed the SS195 in the hours prior to the collapse due to a large sinkhole that had opened at the Rumianca jetty area. The collapse cut the national road in two, isolating the Capoterra area. Capoterra was already known for a deadly 2008 flood. The broader event caused 1 fatality and the evacuation of 57 residents from the area. No injuries directly attributed to this specific collapse.
B18.10.03;fierozzo-sant-orsola-2018;2018-10-28;Fierozzo Sant'Orsola;Trento;Trentino-Alto Adige (Trentino-Südtirol);46.1222;11.3319;waterway;Fersina stream;Provincial/Regional;TC;0;0;TRUE;Natural;Hydraulic;High;TRUE;;Beam bridge;Reinforced concrete;;Standard;Total collapse of a provincial/regional bridge over the Fersina stream near Fierozzo (Trento, Trentino-Alto Adige) on 28-29 October 2018, triggered by the extreme hydraulic loading of the Tempesta Vaia storm system that struck northeastern Italy with record rainfall and wind gusts exceeding 200 km/h. The Fersina valley was severely affected by flooding and landslides during the storm. No fatalities directly attributed to this collapse.
B18.10.04;stramentizzo-2018;2018-10-29;Stramentizzo;Trento;Trentino-Alto Adige (Trentino-Südtirol);46.2396;11.419;waterway;Rio Piazzina;Provincial/Regional;TC;0;0;TRUE;Natural;Hydraulic;High;TRUE;;Beam bridge;Reinforced concrete;;Standard;Total collapse of a provincial/regional bridge over the Rio Piazzina near Stramentizzo (Trento, Trentino-Alto Adige) on 29 October 2018, caused by the extreme hydraulic forces generated by Tempesta Vaia. The Rio Piazzina, a minor tributary in the Val di Fiemme area, was overwhelmed by the record rainfall associated with the storm. No fatalities directly attributed to this collapse.
B18.10.05;comeglians-2018;2018-10-29;Comeglians;Udine;Friuli-Venezia Giulia;46.5175;12.8653;waterway;Degano stream;Provincial/Regional;PC;0;0;TRUE;Natural;Hydraulic;High;TRUE;;Beam bridge;Reinforced concrete;;Standard;Partial collapse of a provincial/regional bridge over the Degano stream near Comeglians (Udine, Friuli-Venezia Giulia) on 29-30 October 2018, caused by the Tempesta Vaia storm system. The Carnia region, including Comeglians, was among the most severely affected areas in Friuli, with seven people evacuated and the entire area losing electricity for several days. The Degano river and its tributaries overflowed, damaging or destroying multiple infrastructure elements. No fatalities directly attributed to this collapse.
B18.10.06;pizzighettone-2018;2018-10-30;Pizzighettone;Cremona;Lombardia;45.1869;9.7792;waterway;Adda river;Cycle-pedestrian;TC;0;0;TRUE;Natural;Hydraulic;High;TRUE;;Beam bridge;Steel;;Standard;Total collapse of a cycle-pedestrian bridge over the Adda river at Pizzighettone (Cremona, Lombardy) on 30 October 2018, caused by the extreme flooding of the Adda river during the Tempesta Vaia event and its downstream hydrological consequences. The Adda reached exceptionally high levels as snowmelt and intense rainfall from the Alpine catchment propagated downstream. The cycle-pedestrian bridge, which connected the historic walled town of Pizzighettone across the river, was swept away by the floodwaters. No fatalities or injuries were reported.
B18.10.07;cavalese-2018;2018-10-30;Cavalese;Trento;Trentino-Alto Adige (Trentino-Südtirol);46.2802;11.4522;waterway;Aviso stream;Municipal;TC;0;0;TRUE;Natural;Hydraulic;High;TRUE;;Beam bridge;Reinforced concrete;;Standard;Total collapse of a municipal bridge over the Aviso stream near Cavalese (Trento, Trentino-Alto Adige) on 29-30 October 2018, caused by the Tempesta Vaia storm system. Cavalese, in the Val di Fiemme, was one of the most severely affected municipalities in Trentino during Vaia: the Aviso torrent and its tributaries overwhelmed their banks, destroying infrastructure and isolating communities. The broader Vaia event caused 2 deaths in Trentino and over 500 evacuations across the province. No fatalities directly attributed to this specific collapse.
B19.03.01;carimate-2019;2019-03-18;Carimate;Como;Lombardia;45.693;9.11201;road;Via dei Giovi;Provincial/Regional;PC;0;0;TRUE;Human-induced;Impact;High;TRUE;;Overpass;Reinforced concrete;;Standard;Partial collapse (severe structural damage requiring full demolition and rebuilding) of the overpass on the SP 32 Novedratese at km 8.890 in Carimate (Como, Lombardy) on 18 March 2019, caused by the impact of a heavy goods vehicle transporting an excavator with an oversized load that struck the intrados of the bridge while travelling on the underlying via dei Giovi. All RC carrying beams were damaged, with rebar severed along the entire span. The Provincia di Como ordered the immediate total closure of the Novedratese for a minimum of three months and proceeded with demolition and full reconstruction of the bridge deck. No fatalities or injuries were reported. The closure caused severe traffic disruption across the Canturino and Brianza areas for several months.
B19.08.01;cropani-2019;2019-08-30;Cropani;Catanzaro;Calabria;38.9257;16.8262;road;SS106;National;TC;0;0;TRUE;Human-induced;Design and Construction;High;TRUE;;Viaduct;Reinforced concrete;;Standard;Total collapse of a viaduct on the SS106 Jonica national road near Cropani (Catanzaro, Calabria) on 30 August 2019, attributed to design and construction defects. The SS106 Jonica is a notoriously accident-prone infrastructure corridor where several structures had been reported in poor condition. No fatalities or injuries were reported. Specific documentation for this individual event is limited in open sources.
B19.10.01;caprita-d-orba-2019;2019-10-22;Caprita d'Orba;Alessandria;Piemonte;44.7135;8.6821;waterway;Albedosa stream;Provincial/Regional;TC;1;0;TRUE;Natural;Hydraulic;High;TRUE;;Beam bridge;Reinforced concrete;;Standard;Total collapse of the bridge over the Rio Albedosa on the SP 155 (Pratalborato fraction of Capriata d'Orba, Alessandria, Piemonte) during the night of 21-22 October 2019, triggered by an extreme flood following record rainfall (425 mm/24h at Gavi, the highest in 100 years). One fatality was recorded: Fabrizio Torre, 52, a transport driver from Sale, whose vehicle was swept away by floodwaters near the collapsed bridge. His passenger, a Brazilian national, survived by clinging to a tree. The SP 155 — a key link between Novi Ligure and Ovada — remained closed for several months pending construction of a provisional Bailey bridge, which reopened in February 2020.
B19.11.01;savona-2019;2019-11-24;Savona;Savona;Liguria;44.2945;8.4334;valley;Madonna del Monte;Motorway;TC;0;0;TRUE;Natural;Landslide;High;TRUE;Viadotto Madonna del Monte;Viaduct;Reinforced concrete;1960;Flagship;Total collapse of the northbound carriageway of the Viadotto Madonna del Monte on the A6 Torino-Savona motorway near Savona (Liguria) on 24 November 2019 at approximately 14:05, caused by a landslide of over 15,000 m³ that detached from an adjacent hillside not classified as at-risk in the regional hydrogeological risk maps and struck a bridge pillar, bringing down approximately 20-40 metres of bridge deck. A tragedy was narrowly averted when security guard Daniele Cassol stopped oncoming traffic — including a bus — on the brink of the collapsed section. No fatalities or injuries were reported. The bridge was rebuilt in an extraordinary 88 days by Autostrada dei Fiori and reopened in February 2020, becoming a symbol of rapid infrastructure recovery.
B19.12.01;castellammare-2019;2019-12-21;Castellammare;Napoli;Campania;40.7327;14.4777;waterway;Sarno river;Cycle-pedestrian;TC;0;0;TRUE;Natural;Hydraulic;High;TRUE;;Beam bridge;Reinforced concrete;;Standard;"Total collapse of a pedestrian bridge over the Sarno river on via Ripuaria in Castellammare di Stabia (Naples, Campania) on 21 December 2019, triggered by the overflow of the Sarno river during severe rainfall. The bridge, which had reportedly been out of use for some years, was destroyed by the rising river; debris from the collapsed structure threatened to block the river flow. The Campania Protezione Civile confirmed no injuries. Municipal technical staff and the Consorzio Bacino del Sarno were alerted and the Genio Civile coordinated the emergency response."
B20.04.01;gonessa-2020;2020-04-02;Gonessa;Sud Sardegna;Sardegna;39.2886;8.439;urban area;Municipality of Gonessa;Municipal;TC;0;0;TRUE;Human-induced;Overload;Medium;TRUE;;Beam bridge;Reinforced concrete;;Standard;Total collapse of a municipal bridge near Gonessa (Sud Sardegna, Sardinia) in April 2020, triggered by overload from a heavy vehicle exceeding the structural load capacity of the bridge. No fatalities or injuries were reported. The structure was a small municipal crossing typical of the rural Sardinian road network.
B20.04.02;albiano-magra-2020;2020-04-08;Albiano Magra;Massa-Carrara;Toscana;44.1741;9.9252;waterway;Magra river;Provincial/Regional;TC;0;2;TRUE;Natural;Landslide;High;TRUE;Ponte Emilio Barsanti;Arch bridge;Reinforced concrete;1960;Standard;Total collapse of the Ponte Emilio Barsanti over the Magra river near Albiano Magra (Massa-Carrara, Tuscany) on 8 April 2020, caused by a landslide that undermined the bridge's foundation pier. Two injuries were reported. The bridge, a reinforced concrete structure on the SS330 state road, was a vital link between Tuscany and Liguria. Its sudden collapse during the COVID-19 lockdown drew national attention and accelerated the debate on Italian bridge safety monitoring.
B20.05.01;abbadia-san-salvatore-2020;2020-05-02;Abbadia San Salvatore;Siena;Toscana;42.871;11.7402;waterway;Paglia river;Provincial/Regional;TC;0;0;TRUE;Natural;Hydraulic;Medium;TRUE;;Beam bridge;Reinforced concrete;;Standard;Total collapse of a provincial/regional bridge over the Paglia river near Abbadia San Salvatore (Siena, Tuscany) in May 2020, triggered by hydraulic phenomena following intense rainfall. No fatalities or injuries were reported.
B20.09.01;santa-maria-di-galeria-2020;2020-09-25;Santa Maria di Galeria;Roma;Lazio;41.9723;12.3069;waterway;Arrone stream;Municipal;TC;0;1;TRUE;Human-induced;Overload;High;TRUE;;Beam bridge;Reinforced concrete;;Standard;Total collapse of a municipal bridge over the Arrone stream near Santa Maria di Galeria (Rome, Lazio) in September 2020, triggered by overload from a heavy vehicle that exceeded the load capacity of the structure. One injury was reported. The collapse interrupted local road connections in the area northwest of Rome.
B20.10.01;gaby-2020;2020-10-03;Gaby;Aosta;Valle d'Aosta (Valle d'Aoste);45.7133;7.8816;waterway;Niel stream;Provincial/Regional;TC;0;0;TRUE;Natural;Hydraulic;High;TRUE;;Beam bridge;Reinforced concrete;;Standard;Total collapse of a provincial/regional bridge over the Niel stream near Gaby (Aosta, Valle d'Aosta) on 2-3 October 2020, triggered by the extreme flash flood that struck northwestern Italy with record rainfall exceeding 600 mm in 24 hours in some locations. The collapse was explicitly reported by the Valle d'Aosta civil protection authorities during the emergency, isolating the Gaby area. No fatalities directly attributed to this specific collapse.
B20.10.02;piedicavallo-2020;2020-10-03;Piedicavallo;Biella;Piemonte;45.6883;7.9523;waterway;Cervaro stream;Cycle-pedestrian;TC;0;0;TRUE;Natural;Hydraulic;High;TRUE;;Beam bridge;Reinforced concrete;;Standard;Total collapse of a cycle-pedestrian bridge over the Cervaro stream near Piedicavallo (Biella, Piemonte) on 2-3 October 2020, during the catastrophic flood that broke historical rainfall records in Piemonte (610 mm/24h recorded at Piedicavallo itself). No fatalities directly attributed to this collapse.
B20.10.03;crevacuore-2020;2020-10-03;Crevacuore;Biella;Piemonte;45.6893;8.257;waterway;Strona stream;Provincial/Regional;PC;0;0;TRUE;Natural;Hydraulic;High;TRUE;;Beam bridge;Reinforced concrete;;Standard;Partial collapse of a provincial/regional bridge over the Strona stream near Crevacuore (Biella, Piemonte) on 2-3 October 2020, caused by the extreme hydraulic loading associated with the October 2020 northwestern Italy flood event. No fatalities or injuries were reported.
B20.10.04;piacenza-2020;2020-10-03;Corte Brugnatella;Piacenza;Lombardia;44.6891;9.328;waterway;Trebbia river;National;TC;0;0;TRUE;Natural;Hydraulic;High;TRUE;Ponte Lenzino;Arch bridge;Masonry;;Standard;Total collapse of the Ponte Lenzino over the Trebbia river near Piacenza (Emilia-Romagna) on 2-3 October 2020, triggered by the extreme flood that struck the Trebbia valley during the major northwestern Italy rainfall event. The Ponte Lenzino in the Alta Valtrebbia, on the SS45 connecting Piacenza and Genova, was one of three bridges cited in official reports as destroyed during the event. No fatalities directly attributed to this collapse.
B20.10.05;romagnano-sesia-2020;2020-10-03;Romagnano Sesia;Novara;Piemonte;45.6366;8.3729;waterway;Sesia river;Provincial/Regional;TC;0;0;TRUE;Natural;Hydraulic;High;TRUE;;Beam bridge;Reinforced concrete;;Standard;Total collapse of a provincial/regional bridge over the Sesia river connecting Romagnano Sesia and Gattinara (Novara, Piemonte) on 3 October 2020. The bridge had been closed overnight as a precaution, was briefly reopened when conditions appeared to improve, then collapsed at approximately 13:30 — the collapse was broadcast in near-real time during a Facebook live session by the two mayors. One person died in the Sesia river floods nearby, but not directly from this collapse. The event was widely reported nationally.
B20.10.06;vessalico-2020;2020-10-03;Vessalico;Imperia;Liguria;44.0449;7.9605;waterway;Arroscia stream;Provincial/Regional;TC;0;0;TRUE;Natural;Hydraulic;High;TRUE;Ponte Manfredi;Beam bridge;Reinforced concrete;;Standard;Total collapse of the Ponte Manfredi over the Arroscia stream near Vessalico (Imperia, Liguria) during the October 2020 flood event affecting the Ponente Ligure. The collapse was explicitly named in national media coverage of the disaster. No fatalities directly attributed to this collapse.
B20.10.07;bagnasco-2020;2020-10-03;Bagnasco;Cuneo;Piemonte;44.2961;8.0426;waterway;Tanaro river;Cycle-pedestrian;TC;0;0;TRUE;Natural;Hydraulic;High;TRUE;;Arch bridge;Masonry;;Standard;Total collapse of a cycle-pedestrian bridge over the Tanaro river near Bagnasco (Cuneo, Piemonte) on 2-3 October 2020, triggered by the historic flooding of the Tanaro river which reached record levels in the upper valley. Sources refer to a 'ponte romano' at Bagnasco among the structures destroyed during the event, suggesting a masonry arch structure of historical origin. No fatalities directly attributed to this collapse.
B20.10.08;ventimiglia-2020;2020-10-03;Ventimiglia;Imperia;Liguria;43.789;7.6057;waterway;Roia river;Cycle-pedestrian;TC;0;0;TRUE;Natural;Hydraulic;High;TRUE;Passerella Squarciafichi;Beam bridge;Steel;;Standard;Total collapse of the Passerella Squarciafichi cycle-pedestrian bridge over the Roia river in Ventimiglia (Imperia, Liguria) on 2-3 October 2020, caused by the extreme flooding of the Roia river during the October 2020 Ponente Ligure flood event. The structure was described as a symbol of the city. No fatalities directly attributed to this collapse.
B20.10.09;valdieri-2020;2020-10-03;Valdieri;Cuneo;Piemonte;44.2056;7.2706;waterway;Gesso stream;Municipal;TC;0;0;TRUE;Natural;Hydraulic;Medium;TRUE;;Beam bridge;Reinforced concrete;;Standard;Total collapse of a municipal bridge over the Gesso stream near Valdieri (Cuneo, Piemonte) on 2-3 October 2020, caused by the extreme hydraulic loading during the record-breaking October 2020 flood event in the Cuneo Alps. No fatalities directly attributed to this collapse.
B20.10.10;valstrona-2020;2020-10-03;Valstrona;Verbania;Piemonte;45.9055;8.328;waterway;Strona stream;Municipal;TC;0;0;TRUE;Natural;Hydraulic;Medium;TRUE;;Beam bridge;Reinforced concrete;;Standard;Total collapse of a municipal bridge over the Strona stream near Valstrona (Verbania, Piemonte) on 2-3 October 2020, triggered by the extreme flood affecting the Verbano-Cusio-Ossola area where rainfall records were broken (630 mm/24h at Sambughetto). No fatalities directly attributed to this collapse.
B20.10.12;roma-2020;2020-10-03;Roma;Roma;Lazio;41.8378;12.4812;road;Via Laurentina;Cycle-pedestrian;TC;0;0;TRUE;Human-induced;Impact;High;TRUE;;Beam bridge;Timber;;Standard;Total collapse of a cycle-pedestrian wooden overpass on via Laurentina near Piazzale Ardigò in Rome (Lazio) on 8 October 2020, caused by a crane truck that accidentally struck the underside of the timber bridge while manoeuvring on the road below, splitting the structure in two. The bridge was unoccupied at the time and no injuries were reported. Roma Capitale coordinated restoration works, with the missing span reinstalled in 2021.
B20.10.13;picinisco-2020;2020-10-15;Picinisco;Frosinone;Lazio;41.6224;13.8572;waterway;Mollarino stream;Municipal;PC;0;0;TRUE;Natural;Hydraulic;Medium;TRUE;;Beam bridge;Reinforced concrete;;Standard;Partial collapse of a municipal bridge over the Mollarino stream near Picinisco (Frosinone, Lazio) on 19 October 2020, triggered by hydraulic phenomena. No fatalities or injuries were reported.
B20.11.01;pallanzeno-2020;2020-11-06;Pallanzeno;Verbania;Piemonte;46.0439;8.2616;waterway;Enel canal;Municipal;TC;0;0;TRUE;Human-induced;Overload;High;TRUE;;Beam bridge;Reinforced concrete;;Standard;"Total collapse of a municipal bridge over the Enel hydroelectric canal near Pallanzeno (Verbania, Piemonte) on 6 November 2020, triggered by the transit of a heavily loaded truck transporting cleaning material for the Rio Valmaggia. The structure may have been weakened by the October 2020 flood. The truck remained suspended on the collapsed bridge overnight; the driver was unharmed. Enel, owner of the canal, undertook reconstruction of a new permanent bridge inaugurated in 2024."
B20.11.02;crotone-2020;2020-11-22;Crotone;Crotone;Calabria;39.1979;17.1091;waterway;Neto river;National;PC;0;0;TRUE;Natural;Hydraulic;Medium;TRUE;;Beam bridge;Reinforced concrete;;Standard;Partial collapse of a national bridge over the Neto river near Crotone (Calabria) in November 2020, triggered by hydraulic phenomena following intense rainfall. No fatalities or injuries were reported.
B20.11.03;melissa-2020;2020-11-22;Melissa;Crotone;Calabria;39.3237;17.0212;waterway;Iornito stream;Municipal;TC;0;0;TRUE;Natural;Hydraulic;Medium;TRUE;;Beam bridge;Reinforced concrete;;Standard;Total collapse of a municipal bridge over the Iornito stream near Melissa (Crotone, Calabria) in November 2020, triggered by hydraulic phenomena. No fatalities or injuries were reported.
B20.11.04;bitti-2020;2020-11-28;Bitti;Nuoro;Sardegna;40.5046;9.2988;waterway;Rio de Malò;Provincial/Regional;PC;0;0;TRUE;Natural;Hydraulic;Medium;TRUE;;Beam bridge;Reinforced concrete;;Standard;Partial collapse of a provincial/regional bridge over the Rio de Malò near Bitti (Nuoro, Sardinia) in November 2020, triggered by hydraulic phenomena associated with severe rainfall affecting central Sardinia. No fatalities or injuries were reported.
B20.12.01;pavullo-nel-frignano-2020;2020-12-06;Pavullo nel Frignano;Modena;Emilia-Romagna;44.3566;10.9222;waterway;Panaro river;Provincial/Regional;TC;0;0;TRUE;Natural;Hydraulic;Medium;TRUE;;Beam bridge;Reinforced concrete;;Standard;Total collapse of a provincial/regional bridge over the Panaro river near Pavullo nel Frignano (Modena, Emilia-Romagna) in December 2020, triggered by hydraulic phenomena. No fatalities or injuries were reported.
B20.12.02;gosaldo-2020-1;2020-12-06;Gosaldo;Belluno;Veneto;46.2141;11.9876;waterway;Mis stream;Cycle-pedestrian;TC;0;0;TRUE;Natural;Hydraulic;Medium;TRUE;;Beam bridge;Reinforced concrete;;Standard;Total collapse of a cycle-pedestrian bridge over the Mis stream near Gosaldo (Belluno, Veneto) in December 2020, triggered by hydraulic phenomena. No fatalities or injuries were reported. Gosaldo sustained two bridge collapses simultaneously during the same hydraulic event.
B20.12.03;gosaldo-2020-2;2020-12-06;Gosaldo;Belluno;Veneto;46.2197;11.9924;waterway;Mis stream;Municipal;TC;0;0;TRUE;Natural;Hydraulic;Medium;TRUE;;Beam bridge;Reinforced concrete;;Standard;Total collapse of a second municipal bridge over the Mis stream near Gosaldo (Belluno, Veneto) in December 2020, triggered by the same hydraulic event that caused the simultaneous collapse of the cycle-pedestrian bridge in the same municipality. No fatalities or injuries were reported.
B21.05.01;la-spezia-2021;2021-05-12;La Spezia;La Spezia;Liguria;44.1038;9.8578;waterway;Darsena di Pagliari;Provincial/Regional;TC;0;0;FALSE;Human-induced;Material;High;TRUE;Ponte della Darsena di Pagliari;Frame;Steel;2010;Standard;Total collapse of the bascule bridge (ponte levatoio) at the Darsena di Pagliari in La Spezia (Liguria) on 12 May 2021, during a closing manoeuvre after allowing a vessel to exit the marina. The collapse is attributed to the failure of one of the hydraulic pistons responsible for lowering the bridge deck. The structure, inaugurated in 2010 by the Port Authority at a cost of over 9 million euros as part of the Pagliari marina development, was 21 metres long with a 14-metre mast. No fatalities or injuries were reported, as the area is routinely closed to traffic during bridge operations. The Port Authority immediately sequestered the structure for judicial investigation for alleged culpable collapse.
B21.08.01;comacchio-2021;2021-08-29;Comacchio;Ferrara;Emilia-Romagna;44.6656;12.2222;waterway;Logonovo canal;Municipal;TC;0;0;FALSE;Human-induced;Material;High;TRUE;;Beam bridge;Reinforced concrete;;Standard;"Total collapse of the bridge over the Logonovo canal along via della Salina near Comacchio (Ferrara, Emilia-Romagna) on 28 August 2021, due to structural deterioration. Municipal technical staff had carried out an inspection the previous day and immediately closed the structure after detecting signs of imminent failure; the bridge collapsed the following morning. No fatalities or injuries were reported. The collapse isolated the historic Saline di Comacchio — an important tourist and ecological site — and disrupted local mussel farming operations for over a year while reconstruction was planned."
B21.10.01;roma-2021;2021-10-02;Roma;Roma;Lazio;41.872;12.4721;waterway;Tevere river;Municipal;TC;0;0;TRUE;Human-induced;Fire and Explosion;High;TRUE;Ponte dell'Industria;Truss;Steel;1863;Standard;"Total collapse of a lateral service gallery of the Ponte dell'Industria (Ponte di Ferro) over the Tevere river in Rome on the night of 2-3 October 2021, triggered by a large fire that started from makeshift encampments beneath the bridge and spread to gas and electrical service conduits running along the structure. A lateral pedestrian and utility gallery approximately 50 metres long collapsed into the river; the main vehicular deck, though severely damaged, did not collapse. No fatalities or injuries were reported. The bridge, built in 1863 and an important connection between the Ostiense and Marconi districts, was reopened to vehicles on 12 December 2021 following emergency repairs."
B21.10.02;quiliano-2021;2021-10-04;Quiliano;Savona;Liguria;44.2998;8.4099;waterway;Quazzola stream;Municipal;TC;0;0;TRUE;Natural;Hydraulic;Medium;TRUE;;Beam bridge;Reinforced concrete;;Standard;Total collapse of a municipal bridge over the Quazzola stream in via Tecci near Quiliano (Savona, Liguria) on 4 October 2021, triggered by the extreme flash flood that struck the Savona hinterland during a severe rainfall event. The structure connected two residential properties across the stream and its collapse left two families isolated. The event occurred during a major flood that also caused the overflow of the Erro and Letimbro rivers and widespread infrastructure damage across the Savona province.
B21.12.01;alcamo-2021;2021-12-11;Alcamo;Trapani;Sicilia;38.0214;12.9047;waterway;San Bartolomeo river;National;TC;0;0;TRUE;Natural;Hydraulic;High;TRUE;Ponte San Bartolomeo;Beam bridge;Reinforced concrete;;Standard;"Total collapse of the Ponte San Bartolomeo on the SS187 state road near Alcamo Marina (Trapani, Sicily) on the night of 10-11 December 2021, triggered by the failure of the central pillar following extreme flooding of the San Bartolomeo river during heavy rainfall in western Sicily. The structure, already known to be in deteriorating condition and previously subject to emergency works in 2019, collapsed while a vehicle was approaching and narrowly avoided being swept away. No fatalities or injuries were reported. The SS187 was closed immediately; ANAS and the Sicilian Region coordinated provisional replacement works."
B22.02.01;guastacconcio-2022;2022-02-13;Guastacconcio;Chieti;Abruzzo;42.1854;14.4812;waterway;Sangro river;Provincial/Regional;TC;0;0;FALSE;Human-induced;Material;High;TRUE;Ponte Guastacconcio;Beam bridge;Reinforced concrete;1950;Standard;Total collapse of the Ponte Guastacconcio over the Sangro river near Paglieta (Chieti, Abruzzo) on 13 February 2022. The structure, which had been closed since 14 December 2021 following a dangerous subsidence of the central pillar detected after heavy rainfall, collapsed spontaneously without a directly identifiable external trigger. The bridge had suffered repeated structural damage over the years from Sangro river floods, riverbed degradation due to material extraction, and heavy vehicle overloading, and had been closed multiple times previously. No fatalities or injuries occurred as the bridge was already closed. Reconstruction was funded under the national 'Decreto Ponti' programme.
B22.08.01;brescia-2022;2022-08-24;Brescia;Brescia;Lombardia;45.5507;10.1937;road;Via Volturno;Provincial/Regional;PC;0;0;TRUE;Human-induced;Impact;High;TRUE;Ponte di Via Volturno;Overpass;Reinforced concrete;;Standard;Partial collapse of the Via Volturno overpass over the western ring road (tangenziale Ovest) in Brescia on 24 August 2022, caused by the impact of a heavy goods vehicle transporting a crane whose boom struck the underside of the bridge deck. Five reinforced concrete beams were destroyed in the impact. The structure, one of the most heavily trafficked crossings in the city with approximately 80,000 vehicles per day, was closed immediately and the city traffic network was severely disrupted. No fatalities or injuries were reported. Temporary shoring works involving 250 props were installed and load tests were carried out before partial reopening.
B22.09.01;arcevia-2022-1;2022-09-15;Arcevia;Ancona;Marche;43.5304;12.9934;waterway;Misa river;Municipal;TC;0;0;TRUE;Natural;Hydraulic;High;TRUE;;Beam bridge;Reinforced concrete;;Standard;Total collapse of a municipal bridge over the Misa river near Arcevia (Ancona, Marche) on 15 September 2022, triggered by the catastrophic flash flood that struck the Marche region. The bridge was destroyed by the extreme hydraulic forces associated with the Misa river in full spate following exceptional rainfall exceeding 400 mm in a few hours in the Cantiano area. No fatalities directly attributed to this collapse.
B22.09.02;ostra-vetere-2022-1;2022-09-15;Ostra Vetere;Ancona;Marche;43.5895;13.0927;waterway;Misa river;Provincial/Regional;TC;0;0;TRUE;Natural;Hydraulic;High;TRUE;;Beam bridge;Reinforced concrete;;Standard;Total collapse of a provincial/regional bridge over the Misa river near Ostra Vetere (Ancona, Marche) on 15 September 2022, triggered by the catastrophic flash flood affecting the Marche region. The event caused severe disruption to local road connections in the Senigallia hinterland during one of the most destructive hydraulic events ever recorded in the region.
B22.09.03;ostra-vetere-2022-2;2022-09-15;Ostra Vetere;Ancona;Marche;43.6108;13.0433;waterway;Nevola river;Provincial/Regional;TC;0;0;TRUE;Natural;Hydraulic;High;TRUE;;Beam bridge;Reinforced concrete;;Standard;Total collapse of a provincial/regional bridge over the Nevola river near Ostra Vetere (Ancona, Marche) on 15 September 2022. The Nevola, normally a small watercourse, became one of the main vectors of destruction during the 15 September 2022 Marche flood, causing multiple bridge collapses and 13 fatalities across the affected municipalities.
B22.09.04;cantiano-2022-1;2022-09-15;Cantiano;Pesaro Urbino;Marche;43.4757;12.5955;waterway;Bevano stream;Municipal;TC;0;0;TRUE;Natural;Hydraulic;High;TRUE;;Beam bridge;Reinforced concrete;;Standard;Total collapse of a municipal bridge over the Bevano stream near Cantiano (Pesaro-Urbino, Marche) on 15 September 2022. Cantiano was the epicentre of the flood event, recording over 419 mm of rainfall in a few hours — a record for the Marche region — which caused total destruction of local infrastructure including roads, bridges and buildings.
B22.09.05;serra-sant-abbondio-2022;2022-09-15;Serra Sant'Abbondio;Pesaro Urbino;Marche;43.4963;12.7912;waterway;Cesano river;Municipal;TC;0;0;TRUE;Natural;Hydraulic;High;TRUE;;Beam bridge;Reinforced concrete;;Standard;Total collapse of a municipal bridge over the Cesano river near Serra Sant'Abbondio (Pesaro-Urbino, Marche) on 15 September 2022, triggered by the exceptional hydraulic loading associated with the Marche flood event. The municipality was among the most severely affected in the Pesaro-Urbino province during the September 2022 disaster.
B22.09.06;arcevia-2022-2;2022-09-15;Arcevia;Ancona;Marche;43.5166;12.9511;waterway;Acquaviva stream;Municipal;TC;0;0;TRUE;Natural;Hydraulic;High;TRUE;;Beam bridge;Reinforced concrete;;Standard;Total collapse of a municipal bridge over the Acquaviva stream near Arcevia (Ancona, Marche) on 15 September 2022. Arcevia was one of the municipalities most severely affected by the 15 September 2022 Marche flood, sustaining multiple bridge collapses and road interruptions simultaneously.
B22.09.07;monterosso-stazione-2022;2022-09-15;Monterosso Stazione;Ancona;Marche;43.462;12.8198;waterway;Sanguerone stream;Municipal;TC;0;0;TRUE;Natural;Hydraulic;High;TRUE;;Beam bridge;Reinforced concrete;;Standard;Total collapse of a municipal bridge over the Sanguerone stream near Monterosso Stazione, fraction of Sassoferrato (Ancona, Marche) on 15 September 2022. The Sanguerone, a minor tributary in the Misa catchment, experienced extreme flash flooding during the September 2022 event causing multiple collapses in the Sassoferrato area.
B22.09.08;cantiano-2022-2;2022-09-15;Cantiano;Pesaro Urbino;Marche;43.4702;12.6271;waterway;Bevano stream;Cycle-pedestrian;TC;0;0;TRUE;Natural;Hydraulic;High;TRUE;;Beam bridge;Reinforced concrete;;Standard;Total collapse of a cycle-pedestrian bridge over the Bevano stream near Cantiano (Pesaro-Urbino, Marche) on 15 September 2022, caused by the extreme hydraulic loading associated with the September 2022 Marche flood. The structure was one of multiple bridges destroyed in the Cantiano area, which received the highest recorded rainfall during the event.
B22.09.09;sassoferrato-2022-1;2022-09-15;Sassoferrato;Ancona;Marche;43.4613;12.8404;waterway;Sanguerone stream;Municipal;TC;0;0;TRUE;Natural;Hydraulic;High;TRUE;;Beam bridge;Reinforced concrete;;Standard;Total collapse of a municipal bridge over the Sanguerone stream near Sassoferrato (Ancona, Marche) on 15 September 2022. The Sanguerone, a minor tributary of the Misa, was severely affected by flash flooding during the September 2022 disaster causing at least two bridge collapses in the Sassoferrato municipal area.
B22.09.10;sassoferrato-2022-2;2022-09-15;Sassoferrato;Ancona;Marche;43.4562;12.8487;waterway;Sanguerone stream;Municipal;TC;0;0;TRUE;Natural;Hydraulic;High;TRUE;;Beam bridge;Reinforced concrete;;Standard;Total collapse of a second municipal bridge over the Sanguerone stream near Sassoferrato (Ancona, Marche) on 15 September 2022, triggered by the same extreme hydraulic event that caused the simultaneous collapse of multiple bridges in the area during the catastrophic Marche regional flood.
B22.10.01;novara-2022;2022-10-09;Novara;Novara;Piemonte;45.444;8.637;urban area;Municipality of Novara;Provincial/Regional;PC;0;0;FALSE;Human-induced;Material;High;TRUE;Cavalcavia XXV Aprile;Overpass;Reinforced concrete;;Standard;Partial collapse of the Cavalcavia XXV Aprile in Novara (Piemonte) on 9 October 2022, involving the detachment of a retaining wall section. The structure, which had shown signs of foundation deterioration since at least 2013 and had been subject to emergency consolidation works in 2015, was not among the bridges flagged as high-risk by the municipal authorities. The carriageway had already been reduced to two lanes. One vehicle was involved but no serious injuries were reported. The event prompted immediate closure and renewed debate on bridge maintenance across the city.
B22.11.01;laino-castello-2022;2022-11-17;Laino Castello;Cosenza;Calabria;39.976696;16.022494;waterway;Paraturo stream;Provincial/Regional;TC;0;0;TRUE;Natural;Hydraulic;Medium;TRUE;;Beam bridge;Reinforced concrete;1990;Standard;Total collapse of a provincial/regional bridge on the Paraturo stream near Laino Castello (Cosenza, Calabria) on 17 November 2022, triggered by intense rainfall and consequent hydraulic loading. The structure, built approximately 30 years earlier by the Consorzio di Bonifica del Pollino in reinforced concrete, connected the Calabrian municipality to Rotonda (Basilicata). No fatalities or injuries were reported, but residents were left isolated following the collapse.
B22.11.02;varazze-2022;2022-11-25;Varazze;Savona;Liguria;44.363;8.5937;road;via Vignetta;Municipal;PC;0;0;TRUE;Human-induced;Impact;High;TRUE;Cavalcavia Vignetta;Overpass;Reinforced concrete;;Standard;Partial collapse of a municipal overpass in via Vignetta near Varazze (Savona, Liguria) on 25 November 2022, caused by the impact of a heavy goods vehicle transporting an excavator that struck the underside of the bridge deck while travelling on the A10 motorway below. The structure suffered irreparable damage and was subsequently demolished. No fatalities or injuries were reported. A provisional Bailey bridge was installed within one week to restore access to approximately 40 residents who had been cut off.
B22.12.01;monteverdi-marittimo-2022;2022-12-01;Monteverdi Marittimo;Pisa;Toscana;43.188;10.7254;road;SP329;Provincial/Regional;TC;0;0;FALSE;Human-induced;Material;Medium;TRUE;;Beam bridge;Reinforced concrete;;Standard;"Total collapse of a provincial/regional bridge on the SP329 near Monteverdi Marittimo (Pisa, Tuscany) on the night of 1 December 2022, caused by the sudden failure of a pillar. The structure connected the town centre to the hamlet of Canneto. No fatalities or injuries were reported; the collapse occurred at night with no vehicles in transit. The road remained closed for several months while a temporary Bailey bridge was installed."
B22.12.02;terme-vigliatore-2022;2022-12-03;Terme Vigliatore;Messina;Sicilia;38.1372;15.1652;waterway;Mazzarrà stream;Provincial/Regional;PC;0;0;TRUE;Natural;Hydraulic;High;TRUE;Ponte Termini;Arch bridge;Masonry;;Standard;Partial collapse of Ponte Termini near Terme Vigliatore (Sicily) on 3 December 2022 following severe hydraulic phenomena associated with intense flooding of the Mazzarà stream during an extreme rainfall event. No fatalities or injuries were reported
B22.12.03;chiusa-sclafani-2022;2022-12-16;Chiusa Sclafani;Palermo;Sicilia;37.6785;13.2721;waterway;Sosio river;Provincial/Regional;TC;0;0;FALSE;Human-induced;Material;High;TRUE;Ponte Tredici Luci;Arch bridge;Masonry;1910;Flagship;Total collapse of Ponte Tredici Luci near Chiusa Sclafani (Sicily) on 16 December 2022 caused by progressive long-term structural deterioration associated with water infiltration through the deteriorated bridge deck waterproofing system. The prolonged infiltration process led to internal damage and eventual collapse of two masonry arches. No fatalities or injuries were reported.
B22.12.04;bellante-2022;2022-12-29;Bellante;Teramo;Abruzzo;42.7723;13.8001;waterway;Salinello river;Provincial/Regional;TC;0;0;TRUE;Human-induced;Design and Construction;High;TRUE;Ponte di Collerenti;Viaduct;Reinforced concrete;1940;Flagship;Total collapse of the bridge between Bellante and Sant’Omero (Abruzzo) on 29 December 2022 associated with severe pre-existing structural deficiencies and deterioration phenomena. No fatalities or injuries were reported.
B23.01.01;molina-aterno-2023;2023-01-18;Molina Aterno;L'Aquila;Abruzzo;42.1528;13.7286;waterway;Aterno river;Municipal;TC;0;0;TRUE;Natural;Hydraulic;High;TRUE;;Beam bridge;Reinforced concrete;;Standard;Total collapse of the bridge at Molina Aterno (Abruzzo) on 18 January 2023 following severe hydraulic phenomena associated with intense flooding and scour processes affecting the Aterno river. No fatalities or injuries were reported.
B23.01.02;promano-2023;2023-01-30;Promano;Perugia;Umbria;43.359835;12.276775;road;E35;Municipal;PC;0;0;TRUE;Human-induced;Impact;High;TRUE;;Beam bridge;Reinforced concrete;1970;Standard;Partial collapse of Ponte di Promano near Città di Castello (Umbria) on 30 January 2023 following impact from an overheight heavy vehicle. No fatalities or injuries were reported.
B23.05.01;longobucco-ortiano-ii-2023;2023-05-03;Longobucco;Cosenza;Calabria;39.4675;16.6754;waterway;Trionto river;National;TC;0;0;TRUE;Natural;Hydraulic;High;TRUE;Viadotto Ortiano II;Beam bridge;Reinforced concrete;2014;Flagship;Total collapse of the Ortiano II bridge near Longobucco (Calabria) on 3 May 2023 following extreme hydraulic and scour phenomena affecting the Trionto river during severe flooding. The collapse occurred shortly after the bridge opening and did not cause fatalities or injuries.
B23.05.02;san-martino-in-argine-2023;2023-05-17;Molinella;Bologna;Emilia-Romagna;44.5781;11.5954;waterway;Idice stream;Provincial/Regional;TC;0;0;TRUE;Natural;Hydraulic;High;TRUE;Ponte della Motta;Beam bridge;Reinforced concrete;;Standard;Total collapse of a provincial bridge near San Martino in Argine (Emilia-Romagna) on 17 May 2023 following severe hydraulic phenomena associated with extreme flooding of the Idice stream during the 2023 Emilia-Romagna flood event. No fatalities or injuries were reported.
B23.05.03;prada-2023;2023-05-18;Faenza;Ravenna;Emilia-Romagna;44.3369;12.0227;waterway;Magni canal;Provincial/Regional;TC;0;0;TRUE;Natural;Hydraulic;Medium;TRUE;;Beam bridge;Reinforced concrete;;Standard;Total collapse of a provincial bridge in the Prada area near Ravenna (Emilia-Romagna) on 18 May 2023 following severe hydraulic phenomena associated with extreme flooding during the 2023 Emilia-Romagna flood event. No fatalities or injuries were reported.
B23.05.04;gambellara-2023;2023-05-18;Ravenna;Ravenna;Emilia-Romagna;44.3202;12.1592;waterway;Fosso Ghiaia canal;Municipal;TC;0;0;TRUE;Natural;Hydraulic;High;TRUE;;Beam bridge;Reinforced concrete;;Standard;Total collapse of a municipal bridge in the Gambellara area of Ravenna (Emilia-Romagna) on 18 May 2023 following severe hydraulic phenomena associated with extreme flooding of the Fosso Ghiaia canal during the 2023 Emilia-Romagna flood event. No fatalities or injuries were reported.
B23.05.05;modigliana-2023;2023-05-19;Modigliana;Forlì Cesena;Emilia-Romagna;44.1707;11.8139;waterway;Marzero stream;Municipal;TC;0;0;TRUE;Natural;Hydraulic;High;TRUE;;Beam bridge;Reinforced concrete;;Standard;Total collapse of a municipal bridge near Modigliana (Emilia-Romagna) on 19 May 2023 following severe hydraulic phenomena associated with extreme rainfall and flooding of the Marzeno stream during the 2023 Emilia-Romagna flood event. No fatalities or injuries were reported.
B23.05.06;monterenzio-2023;2023-05-24;Monterenzio;Bologna;Emilia-Romagna;44.2742;11.4589;waterway;Sillaro river;Municipal;TC;0;0;TRUE;Natural;Hydraulic;High;TRUE;;Beam bridge;Reinforced concrete;;Standard;Total collapse of a municipal bridge near Monterenzio (Emilia-Romagna) on 24 May 2023 following severe hydraulic phenomena associated with extreme rainfall and flooding of the Sillaro river during the 2023 Emilia-Romagna flood event. No fatalities or injuries were reported.
B23.07.01;coltano-2023;2023-07-27;Coltano;Pisa;Toscana;43.664198;10.37062;road;SP58;Provincial/Regional;PC;0;0;TRUE;Human-induced;Impact;High;TRUE;;Beam bridge;Reinforced concrete;;Standard;Partial collapse of a provincial overpass near Coltano (Tuscany) on 27 July 2023 following impact from an overheight vehicle along the SP58 roadway. No fatalities or injuries were reported.
B23.09.01;riolo-terme-2023;2023-09-09;Riolo Terme;Ravenna;Emilia-Romagna;44.273694;11.718159;waterway;Senio river;Cycle-pedestrian;TC;0;0;FALSE;Human-induced;Design and Construction;High;TRUE;;Suspension;Steel;2017;Standard;Total collapse of a cycle-pedestrian suspension bridge near Riolo Terme (Emilia-Romagna) on 9 September 2023 associated with structural deficiencies related to design and construction issues. The collapse occurred without a clearly identifiable external triggering event. No fatalities or injuries were reported.
B23.10.01;terenzo-2023;2023-10-30;Terenzo;Parma;Emilia-Romagna;44.649;10.1218;waterway;Sporzana stream;Municipal;TC;0;0;TRUE;Natural;Hydraulic;Medium;TRUE;;Beam bridge;Reinforced concrete;;Standard;Total collapse of a municipal bridge near Terenzo (Emilia-Romagna) on 30 October 2023 following severe hydraulic phenomena associated with intense rainfall and flooding of the Sporzana stream. No fatalities or injuries were reported.
B23.11.01;vaiano-2023;2023-11-04;Vaiano;Prato;Toscana;43.9445;11.1252;waterway;Bisenzio river;Cycle-pedestrian;TC;0;0;TRUE;Natural;Hydraulic;High;TRUE;;Beam bridge;Steel;;Standard;Total collapse of a cycle-pedestrian bridge near Vaiano (Tuscany) on 4 November 2023 following severe hydraulic phenomena associated with intense rainfall and flooding of the Bisenzio river. No fatalities or injuries were reported.
B23.11.02;lamporecchio-2023;2023-11-04;Lamporecchio;Pistoia;Toscana;43.8168;10.8969;waterway;Lamporecchio stream;Municipal;TC;2;0;TRUE;Natural;Hydraulic;High;TRUE;;Beam bridge;Reinforced concrete;;Standard;Total collapse of a municipal bridge near Lamporecchio (Tuscany) on 4 November 2023 following severe hydraulic phenomena associated with intense rainfall and flash flooding of the Lamporecchio stream. The collapse caused 2 fatalities after a vehicle was swept away during the flood event.
B24.05.01;santa-sofia-2024;2024-05-02;Santa Sofia;Forlì Cesena;Emilia-Romagna;43.912;11.8619;waterway;Bidente river;Municipal;TC;0;0;TRUE;Natural;Landslide;Medium;TRUE;;Beam bridge;Reinforced concrete;;Standard;Total collapse of a municipal bridge near Santa Sofia (Emilia-Romagna) on 2 May 2024 following landslide phenomena triggered by prolonged rainfall and slope instability affecting the Bidente river valley. No fatalities or injuries were reported.
B24.05.02;cavenago-di-brianza-2024;2024-05-15;Cavenago di Brianza;Monza e Brianza;Lombardia;45.5878;9.4349;waterway;Rio della Pissanegra;Municipal;TC;0;0;TRUE;Natural;Hydraulic;Medium;TRUE;;Beam bridge;Reinforced concrete;;Standard;Total collapse of a municipal bridge near Cavenago di Brianza (Lombardy) on 15 May 2024 following severe hydraulic phenomena associated with intense rainfall and flooding of the Rio della Pissanegra. No fatalities or injuries were reported.
B24.05.03;malo-2024;2024-05-16;Malo;Vicenza;Veneto;45.6528;11.4121;waterway;Orolo stream;Municipal;TC;0;0;TRUE;Natural;Hydraulic;Medium;TRUE;;Beam bridge;Reinforced concrete;;Standard;Total collapse of a municipal bridge near Malo (Veneto) on 16 May 2024 following severe hydraulic phenomena associated with intense rainfall and flooding of the Orolo stream. No fatalities or injuries were reported.
B24.06.01;cogne-2024;2024-06-29;Cogne;Aosta;Valle d'Aosta (Valle d'Aoste);45.6307;7.32;waterway;Grand Eyvia stream;Municipal;TC;0;0;TRUE;Natural;Hydraulic;High;TRUE;;Beam bridge;Reinforced concrete;;Standard;Total collapse of a municipal bridge near Cogne (Valle d'Aosta) on 29 June 2024 following severe hydraulic phenomena associated with extreme flooding and debris flow activity affecting the Grand Eyvia stream. No fatalities or injuries were reported.
B24.09.01;mattie-2024;2024-09-05;Mattie;Torino;Piemonte;45.1264;7.137;waterway;Gerardo stream;Municipal;TC;0;0;TRUE;Natural;Hydraulic;Medium;TRUE;;Beam bridge;Reinforced concrete;;Standard;Total collapse of a municipal bridge near Mattie (Piedmont) on 5 September 2024 following severe hydraulic phenomena associated with intense rainfall and flooding of the Gerardo stream. No fatalities or injuries were reported.
B24.10.01;sasso-marconi-2024;2024-10-20;Sasso Marconi;Bologna;Emilia-Romagna;44.4449;11.1994;waterway;Olivetta stream;Municipal;TC;0;0;TRUE;Natural;Hydraulic;High;TRUE;;Arch bridge;Masonry;;Standard;Total collapse of a bridge near Sasso Marconi (Emilia-Romagna) on 20 October 2024 following intense hydraulic phenomena associated with flooding of the Olivetta stream. No fatalities or injuries were reported.
B24.10.02;san-pietro-e-maida-2024;2024-10-21;San Pietro e Maida;Catanzaro;Calabria;38.8751;16.3263;waterway;Cottola stream;Provincial/Regional;TC;0;0;TRUE;Natural;Hydraulic;Medium;TRUE;;Beam bridge;Reinforced concrete;;Standard;Total collapse of a provincial bridge near San Pietro a Maida (Calabria) on 21 October 2024 following severe hydraulic phenomena associated with intense rainfall and flooding of the Cottola stream. No fatalities or injuries were reported.
B24.10.03;carcare-2024;2024-10-27;Carcare;Savona;Liguria;44.3584;8.2901;waterway;Bormida di Pallare stream;Cycle-pedestrian;TC;0;0;TRUE;Natural;Hydraulic;High;TRUE;;Beam bridge;Reinforced concrete;;Standard;Total collapse of a cycle-pedestrian bridge near Carcare (Liguria) on 27 October 2024 following severe hydraulic phenomena associated with flooding of the Bormida di Pallare river. No fatalities or injuries were reported.
B25.04.01;mongrado-2025;2025-04-17;Mongrado;Biella;Piemonte;45.5126;8.0249;waterway;Elvo stream;Municipal;TC;0;0;TRUE;Natural;Hydraulic;High;TRUE;Ponte Gilino;Beam bridge;Reinforced concrete;1970;Standard;Total collapse of Ponte Gilino, a municipal bridge near Mongrado (Piedmont), on 17 April 2025 following severe hydraulic phenomena associated with intense rainfall and flooding of the Elvo stream. No fatalities or injuries were reported.
B25.04.02;valdagno-2025;2025-04-18;Valdagno;Vicenza;Veneto;45.6321;11.308;waterway;Agno stream;Municipal;TC;2;0;TRUE;Natural;Hydraulic;High;TRUE;Ponte dei Nori;Arch bridge;Masonry;1905;Flagship;Total collapse of a municipal bridge near Valdagno (Vicenza, Veneto) triggered by hydraulic phenomena. The event caused 2 fatalities.
B25.07.01;san-martino-in-passiria-2025;2025-07-24;San Martino in Passiria;Bolzano;Trentino-Alto Adige (Trentino-Südtirol);46.7697;11.2134;waterway;Valclava stream;Municipal;TC;0;0;TRUE;Natural;Hydraulic;Medium;TRUE;;Beam bridge;Reinforced concrete;;Standard;Total collapse of a municipal bridge near San Martino in Passiria (Sud Tirol) on 24 July 2025, following severe hydraulic phenomena associated with intense rainfall and flooding of the Agno stream
B26.04.01;montenero-di-bisaccia-2026;2026-04-02;Montenero di Bisaccia;Campobasso;Molise;42.0589065018491;14.7961973412529;waterway;Trigno;National;TC;1;0;TRUE;Natural;Hydraulic;High;TRUE;Ponte sul Trigno;Beam bridge;Reinforced concrete;1970;Flagship;Total collapse of the SS16 bridge over the Trigno river near Montenero di Bisaccia (Molise) on 2 April 2026 following severe hydraulic phenomena associated with extreme flooding and scour processes affecting the riverbed during a major storm event. One person was reported missing following the collapse.
