source_id;event_id;source_role;source_type;source_title;source_url;publication_date;access_date;language;notes
SRC0001;B18.08.01;Official/Technical;MIT;Relazione della Commissione Ispettiva Ministeriale sul crollo del Viadotto Polcevera;https://www.mit.gov.it/sites/default/files/media/notizia/2018-09/Comm_Isp_Mit%20Relaz_Viadotto_Polcevera_%20parte1.pdf;2018-09-14;2026-05-06;IT;Official technical report published by the Italian Ministry of Infrastructure and Transport
SRC0002;B18.08.01;News;ANSA;Le 43 vittime del crollo del ponte Morandi;https://www.ansa.it/liguria/notizie/2018/08/18/-le-43-vittime-del-crollo-del-ponte-morandi_9f53cd46-1b85-45ae-a23a-dc92c9c5cef3.html;2018-08-18;2026-05-06;IT;National news agency coverage
SRC0003;B18.08.01;Scientific;Journal Paper;Bridge collapses in Italy across the 21st century: survey and statistical analysis;https://doi.org/10.1080/15732479.2025.2483500;2025-01-01;2026-05-06;EN;Peer-reviewed paper including Morandi Bridge case
SRC0004;B23.05.01;News;Il Regionale;Crollo del viadotto a Longobucco, Anas riapre la SS177;https://www.ilregionale.it/2023/08/01/crollo-del-viadotto-a-longobucco-anas-riapre-la-ss-177/;2023-08-01;2026-05-06;IT;Article reporting official ANAS technical statements regarding the collapse and subsequent interventions
SRC0005;B23.05.01;News;Rai News;Longobucco, crolla il viadotto Ortiano 2 sulla statale 177;https://www.rainews.it/tgr/calabria/video/2023/05/longobucco-viadotto-trionto-anas-ss177-maltempo-fa2b56ca-af8b-48e2-a89e-96bdc9cff09f.html;2023-05-03;2026-05-06;IT;National news coverage with video documentation
SRC0006;B23.05.01;Scientific;Journal Paper;Bridge collapses in Italy across the 21st century: survey and statistical analysis;https://doi.org/10.1080/15732479.2025.2483500;2025-01-01;2026-05-06;EN;Peer-reviewed paper including Morandi Bridge case
SRC0007;B15.04.01;Official/Technical;Protezione Civile;OCDPC n. 258 del 30 maggio 2015 – interventi urgenti per il dissesto del viadotto Himera I;https://www.protezionecivile.gov.it/static/d4fa6433b548527b0a2cd60928fc26c9/OCDPC_258_del_30_maggio_2015_Viadotto_Himera_I.pdf;2015-05-30;2026-05-06;IT;Official civil protection document regarding the Himera viaduct landslide emergency
SRC0008;B15.04.01;News;ANSA;Cede pilone su Palermo-Catania, chiusa autostrada A19;https://www.ansa.it/sicilia/notizie/2015/04/10/cede-pilone-su-palermo-catania-chiusa-autostrada-a19_2d3558f3-0be7-4128-83cf-0862bcac719a.html;2015-04-10;2026-05-06;IT;Initial national news coverage of the Himera viaduct collapse caused by landslide phenomena
SRC0009;B16.10.01;Official/Technical;MIT;Incontro al Mit sul cavalcavia di Annone;https://www.mit.gov.it/comunicazione/news/incontro-al-mit-sul-cavalcavia-di-annone;2017-02-14;2026-05-06;IT;Official Ministry communication regarding technical investigations and reconstruction after the collapse
SRC0010;B16.10.01;News;ANSA;Crolla cavalcavia: un morto e 4 feriti;https://www.ansa.it/lombardia/notizie/2016/10/28/crolla-cavalcavia-un-morto-e-4-feriti_44ac9ecb-01b8-4aa7-ac5a-b7fa307cbcbe.html;2018-08-26;2026-05-06;IT;Initial ANSA national coverage of the Annone Brianza overpass collapse
SRC0011;B16.10.01;Scientific;Journal Paper;Bridge collapses in Italy across the 21st century: survey and statistical analysis;https://doi.org/10.1080/15732479.2025.2483500;2025-01-01;2026-05-06;EN;Peer-reviewed paper including Morandi Bridge case
SRC0012;B18.08.02;Official/Technical;MIT;Grave incidente stradale sul raccordo autostradale Bologna Casalecchio;https://www.interno.gov.it/it/notizie/grave-incidente-stradale-sul-raccordo-autostradale-bologna-casalecchio;2018-08-06;2026-05-06;IT;Official institutional communication regarding the tanker explosion and subsequent bridge collapse
SRC0013;B18.08.02;News;ANSA;Snodo A1-A14 fondamentale, ci vorrà tempo a riaprirlo;https://www.ansa.it/sito/notizie/cronaca/2018/08/06/snodo-a1-a14-fondamentale-ci-vorra-tempo-a-riaprirlo_06db3bdc-e6a5-4001-838b-7754c2151baa.html;2018-08-06;2026-05-06;IT;ANSA coverage discussing the collapse consequences and motorway disruption after the explosion
SRC0014;B18.08.02;Scientific;Journal Paper;Bridge collapses in Italy across the 21st century: survey and statistical analysis;https://doi.org/10.1080/15732479.2025.2483500;2025-01-01;2026-05-06;EN;Peer-reviewed paper including Morandi Bridge case
SRC0015;B25.07.01;News;ANSA;Frane in val Passiria, fango invade la statale nessun ferito;ANSA article;2025-07-24;2026-05-18;IT;National news source confirming severe flood event and infrastructure disruption in Val Passiria.
SRC0016;B25.07.01;News;Il Fatto Quotidiano;Alluvione in Alto Adige, frane e smottamenti in Val Passiria: i danni visti dal drone;Il Fatto Quotidiano video article;2025-07-24;2026-05-18;IT;Visual evidence showing bridge swept away by flood and debris flow near San Martino in Passiria.
SRC0017;B25.07.01;News;La7;Val Passiria, piena del fiume travolge un ponte a Neuhaus;La7 video report;2025-07-24;2026-05-18;IT;Video evidence explicitly reporting bridge destruction caused by flood event in Neuhaus area.
SRC0018;B25.07.01;News;Rai News;Maltempo in Alto Adige, la statale della Val Passiria interrotta da una frana;RaiNews video service;2025-07-24;2026-05-18;IT;Video footage documenting debris flow and bridge swept away during flash flood event.
SRC0019;B25.04.02;News;ANSA;Maltempo in Veneto, crollato il ponte dei Nori a Valdagno: 2 vittime;https://www.ansa.it/sito/notizie/cronaca/2025/04/18/padre-e-figlio-inghiottiti-da-una-voragine-nel-vicentino-recuperati-i-due-corpi_b8027828-04b4-440e-aab1-92e323364a69.html;2025-04-18;2026-05-18;IT;National news report confirming collapse of Ponte dei Nori over the Agno stream during severe flooding event causing two fatalities.
SRC0020;B25.04.02;News;Rai News;Valdagno, padre e figlio inghiottiti con l'auto nella voragine del ponte dei Nori;https://www.rainews.it/tgr/veneto/articoli/2025/04/dispersi-maltempo-torrente-valdagno-agno-vicenza-automobile--bb6cbb0f-65f0-4ffe-899b-343e354c60b8.html;2025-04-18;2026-05-18;IT;Local Rai News report identifying the collapsed structure as Ponte dei Nori and documenting hydraulic failure conditions.
SRC0021;B25.04.02;News;Corriere del Veneto;Leone e Francesco Nardon morti a Valdagno, chi erano padre e figlio precipitati nel torrente con l'auto;https://corrieredelveneto.corriere.it/notizie/vicenza/cronaca/25_aprile_18/leone-e-francesco-nardon-morti-a-valdagno-chi-erano-padre-e-figlio-precipitati-nel-torrente-con-l-auto-avevano-un-azienda-nel-1a901374-a03e-499a-a29d-969fed3b9xlk.shtml;2025-04-18;2026-05-18;IT;Detailed reconstruction of collapse sequence based on surveillance footage and emergency response information.
SRC0022;B25.04.02;News;Virgilio Notizie;Padre e figlio morti a Valdagno nella voragine: inchiesta per omicidio colposo dopo il crollo del ponte;https://www.virgilio.it/notizie/padre-e-figlio-morti-a-valdagno-nella-voragine-inchiesta-per-omicidio-colposo-dopo-il-crollo-del-ponte-1674286;2025-04-19;2026-05-18;IT;Article discussing judicial investigation and historical information regarding previous hydraulic collapse of the bridge in 1905.
SRC0023;B25.04.02;News;Gazzetta;Ponte crollato in Veneto: auto cade nella voragine, due morti a Valdagno;https://www.gazzetta.it/Motori/18-04-2025/ponte-crollato-in-veneto-auto-cade-nella-voragine-due-morti-a-valdagno.shtml;2025-04-18;2026-05-18;IT;Additional national coverage including details about bridge condition and hydraulic context.
SRC0024;B25.04.01;News;ANSA;Maltempo in Piemonte, crolla ponte nel Biellese;https://www.ansa.it/piemonte/notizie/2025/04/17/maltempo-in-piemonte-crolla-un-ponte-nel-biellese_0d4f4d68-6d9b-4b73-92a0-6a4ef7a56d5d.html;2025-04-17;2026-05-18;IT;National news source confirming hydraulic collapse of municipal bridge near Mongrado during severe weather event.
SRC0025;B25.04.01;News;Rai News;Il Piemonte chiede lo stato di emergenza, altissimo il rischio valanghe;https://www.rainews.it/tgr/piemonte/maratona/2025/04/maltempo-esonda-lelvo-a-biella-cancellati-tutti-i-treni-2ba98bde-52a9-46ff-abf0-d3f23d34429f.html;2025-04-17;2026-05-18;IT;Regional Rai News report including images and details regarding collapse dynamics and flooding conditions.
SRC0026;B25.04.01;News;La Stampa;Maltempo, un ponte crollato sull’Elvo e trenta persone sfollate nel Biellese sotto il diluvio;https://www.lastampa.it/biella/2025/04/18/news/maltempo_un_ponte_crollato_sull_elvo_e_trenta_persone_sfollate_nel_biellese_sotto_il_diluvio-15107747/;2025-04-18;2026-05-18;IT;Local reconstruction of collapse event caused by intense hydraulic loading and river flooding.
SRC0027;B24.10.02;News;ANSA;Maltempo, crollato ponte stradale nel catanzarese;https://www.ansa.it/calabria/notizie/2024/10/21/maltempo-crollato-ponte-stradale-nel-catanzarese_e1e1d2dc-6ec3-4edd-81f8-375c714a62bd.html;2024-10-21;2026-05-18;IT;National news report confirming collapse of bridge caused by severe flooding conditions in the Catanzaro area.
SRC0028;B24.10.02;News;Rai News;Crolla un ponte stradale a San Pietro a Maida, le immagini dal drone;https://www.rainews.it/video/2024/10/calabria-crolla-un-ponte-a-san-pietro-a-maida-le-immagini-dal-drone-238adbc8-c242-401c-9c6e-e5475245ef94.html;2024-10-21;2026-05-18;IT;Regional Rai News report documenting hydraulic collapse following intense rainfall event.
SRC0029;B24.10.02;News;Il Sole 24 ORE;Maltempo in Calabria, ponte crolla dopo l'esondazione di un torrente;https://stream24.ilsole24ore.com/video/italia/maltempo-calabria-ponte-crolla-l-esondazione-un-torrente/AGY0YSg;2024-10-21;2026-05-18;IT;Local news source with additional geographic and visual details regarding bridge collapse event.
SRC0030;B24.09.01;News;Sky TG24;Allerta meteo per maltempo in Piemonte, crolla un ponte nel Torinese;https://tg24.sky.it/cronaca/2024/09/05/piemonte-maltempo-torino-video;2024-09-05;2026-05-18;IT;Regional Rai News report documenting collapse dynamics and hydraulic conditions affecting the area.
SRC0031;B24.09.01;Official/Technical;Protezione Civile;Evento meteo-idrologico 05 settembre 2024;https://www.regione.piemonte.it/web/media/44310/download;2024-09-30;2026-05-18;IT;Official regional civil protection bulletin documenting severe flooding and infrastructure disruption.
SRC0032;B24.09.01;News;Il Sole 24 ORE;Maltempo, crolla un ponte nel Torinese: frazioni isolate in Val Susa;https://stream24.ilsole24ore.com/video/italia/maltempo-crolla-ponte-torinese-frazioni-isolate-val-susa/AFwe6rjD;2024-09-05;2026-05-18;IT;Local news source with additional visual documentation and local geographic details regarding the bridge collapse.
SRC0033;B24.05.03;News;ANSA;Maltempo: ponte spazzato via da torrente, nessun ferito;https://www.ansa.it/sito/notizie/cronaca/2024/05/16/maltempo-ponte-spazzato-via-da-torrente-nessun-ferito_a16e6b53-226c-49d4-a1f1-5d0752a0a5ca.html;2024-05-16;2026-05-18;IT;National news report confirming bridge collapse caused by severe flooding conditions in the Malo area.
SRC0034;B24.05.03;News;Rai News;Malo, il maltempo fa crollare un ponte: il video del disastro e dei soccorsi;https://www.rainews.it/tgr/veneto/video/2024/05/malo-il-maltempo-fa-crollare-un-ponte-il-video-del-disastro---ac85807f-ccf4-4b15-b82f-ec51b1c6c58d.html;2024-05-16;2026-05-18;IT;Regional Rai News report documenting hydraulic collapse following intense rainfall and stream flooding.
SRC0035;B24.05.03;News;Il Giornale di Vicenza;Malo, crollati due ponti. Situazione devastante a Castelnovo. A Villaverla cede l'argine del Timonchio;https://www.ilgiornaledivicenza.it/territorio-vicentino/schio/maltempo-alto-vicentino-malo-castelnovo-16-maggio-news-1.10708648;2024-05-16;2026-05-18;IT;Local news source providing additional geographic and visual details regarding the bridge collapse event.
SRC0036;B24.05.02;News;Prima Monza;A Cavenago cede un ponte per la piena del torrente Pisanegra;https://primamonza.it/cronaca/a-cavenago-cede-un-ponte-per-la-piena-del-torrente-pisanegra/;2024-05-15;2026-05-18;IT;Local news source with additional visual documentation and local geographic details regarding the collapse event.
SRC0037;B24.05.02;News;MonzaToday;Emergenza maltempo in Brianza, a Cavenago cede il ponte sul torrente;https://www.monzatoday.it/meteo/crolla-ponte-cavenago-pisanegra.html;2024-05-15;2026-05-18;IT;Local news source with additional visual documentation and local geographic details regarding the collapse event.
SRC0038;B24.05.01;News;Rai News;Appennino forlivese, crolla ponte già danneggiato dall'alluvione;https://www.rainews.it/tgr/emiliaromagna/articoli/2024/05/appennino-forlivese-crolla-ponte-gia-danneggiato-dallalluvione-3e984f0a-a3a1-4f3f-b4a2-d48a43f76fd3.html;2024-05-02;2026-05-18;IT;Regional Rai News report documenting landslide-related collapse and local geomorphological conditions.
SRC0039;B24.05.01;News;Corriere Romagna;Santa Sofia, crolla il ponte sul Bidente a Poggiolo;https://www.corriereromagna.it/santa-sofia/santa-sofia-crolla-il-ponte-sul-bidente-a-poggiolo-AL728174;2024-05-02;2026-05-18;IT;Local news source providing additional geographic and visual details regarding the collapse event.
SRC0040;B23.11.02;News;La Nazione;Le vittime del disastro: Antonino e Teresa travolti senza scampo;La Nazione article;2023-11-04;2026-05-18;IT;Local news article explicitly reporting collapse of the small bridge crossed by the victims’ vehicle during the flood event near Lamporecchio.
SRC0041;B23.11.02;News;Rai News;Straripa un fosso, travolge l'auto, muoiono marito e moglie;Rai News article;2023-11-03;2026-05-18;IT;Regional Rai News video report documenting hydraulic conditions, roadway collapse, and vehicle swept away by flooding near Lamporecchio.
SRC0042;B23.11.02;News;La Nazione;Marito e moglie travolti da acqua e fango: il corpo dell'uomo trovato a 3 km dall'auto;La Nazione article 2;2023-11-03;2026-05-18;IT;Reconstruction of the flood event and hydraulic collapse conditions affecting the crossing infrastructure between Lamporecchio and Vinci.
SRC0043;B23.11.02;News;La7;Toscana: chi sono le vittime e i dispersi dell'alluvione;La7 article;2023-11-03;2026-05-18;IT;National coverage documenting the flood-related collapse and fatalities associated with the Lamporecchio event.
SRC0044;B23.11.01;News;La Nazione;Alluvione in Val di Bisenzio, danni enormi anche a Vaiano;https://www.lanazione.it/prato/cronaca/alluvione-valbisenzio-2-novembre-nje3k84j;2024-01-11;2026-05-18;IT;Detailed reconstruction of flood impacts in the Bisenzio valley, including collapse and severe damage to local pedestrian infrastructure.
SRC0045;B23.11.01;News;Notizie di Prato;Alluvione, la conta dei danni in Val di Bisenzio;https://www.notiziediprato.it/cronaca/alluvione-la-conta-dei-danni-in-val-di-bisenzio-solo-a-vaiano-un-milione-e-400mila-euro/;2023-11-15;2026-05-18;IT;Local report documenting infrastructure damage and flood consequences in Vaiano after the Bisenzio flood event.
SRC0046;B23.11.01;Official/Technical;CIRF;Alcune considerazioni sull’alluvione in Toscana di novembre 2023;https://www.cirf.org/alcune-considerazioni-alluvione-in-toscana-di-novembre-2023/;2023-11-14;2026-05-18;IT;Technical discussion regarding hydraulic dynamics and flood impacts affecting the Bisenzio basin during the November 2023 Tuscany flood event.
SRC0047;B23.10.01;News;ANSA;Maltempo nel Parmense, crolla ponte nel comune di Terenzo;https://www.ansa.it/sito/notizie/cronaca/2023/10/30/-maltempocrollo-parziale-di-un-ponte-sul-taro-nel-parmense-_459721f9-170a-493b-a148-845d28841d5d.html;2023-10-30;2026-05-18;IT;National news report confirming hydraulic bridge collapse caused by severe rainfall event in the Parma province area.
SRC0048;B23.10.01;News;Rai News;Le frane minacciano l'appennino. Poco fa il passaggio della piena a Colorno;https://www.rainews.it/tgr/emiliaromagna/articoli/2023/10/maltempo-crolla-il-ponte-di-ozzanello-nel-parmense-0b97e22d-c0e4-42c6-a3d9-5089f8160b46.html;2023-10-30;2026-05-18;IT;Regional Rai News report documenting hydraulic collapse and flooding conditions affecting the Terenzo area.
SRC0049;B23.10.01;News;La Repubblica;Maltempo nel parmense, frane e allagamenti. Crolla un ponte fra Terenzo e Fornovo. A Parma e Colorno passata la piena;https://parma.bologna.repubblica.it/cronaca/2023/10/30/news/pioggia_incessante_nel_parmense_massima_allerta_in_appennino-419158201/;2023-10-30;2026-05-18;IT;Local news source providing additional visual documentation and geographic details regarding the collapse event.
SRC0050;B23.09.01;News;Rai News;Crolla ponte ciclopedonale sul Senio: fatali le prove di carico;https://www.rainews.it/video/2023/09/crolla-ponte-ciclopedonale-sul-senio-fatali-le-prove-di-carico-era-gia-stato-aperto-al-pubblico-f8e5fca2-6b03-4ddf-a4bb-bf782f0ba229.html;2023-09-08;2026-05-18;IT;National video report documenting collapse during load testing and discussing structural deficiencies associated with the pedestrian bridge.
SRC0051;B23.09.01;News;La Repubblica;Riolo Terme, ponte ciclopedonale crolla durante il collaudo;https://bologna.repubblica.it/cronaca/2023/09/08/news/riolo_terme_ponte_ciclopedonale_crolla_durante_il_collaudo-413740522/;2023-09-08;2026-05-18;IT;National news article documenting collapse dynamics and prior public use of the bridge before official testing.
SRC0052;B23.09.01;News;Ravenna e Dintorni;Riolo Terme, il nuovo ponte pedonale sul Senio crolla durante il collaudo;https://www.ravennaedintorni.it/cronaca/2023/09/08/riolo-terme-passerella-pedonale-crolla-collaudo/;2023-09-08;2026-05-18;IT;Local news source providing technical details regarding the load test and structural configuration of the pedestrian bridge.
SRC0053;B23.09.01;Scientific;Ingenio;Imparare dagli errori: la complessa vicenda della passerella di Borgo Rivola;https://www.ingenio-web.it/articoli/imparare-dagli-errori-la-complessa-vicenda-della-passerella-di-borgo-rivola/;2024-07-24;2026-05-18;IT;Technical engineering analysis discussing structural configuration, collapse mechanisms, and design aspects of the Borgo Rivola pedestrian bridge.
SRC0054;B23.07.01;News;La Nazione;Coltano, camion urta un cavalcavia: calcinacci caduti sopra un’auto;https://www.lanazione.it/pisa/cronaca/aurelia-coltano-kjpwb4xo;2023-07-27;2026-05-18;IT;Local news report documenting partial collapse and debris fall caused by impact from an overheight heavy vehicle on the SP58 overpass.
SRC0055;B23.07.01;News;Il Tirreno;Pisa, camionista calcola male le misure: l’urto nel cavalcavia fa cadere calcinacci;https://www.iltirreno.it/pisa/cronaca/2023/07/27/news/pisa-camionista-calcola-male-le-misure-l-urto-nel-cavalcavia-fa-cadere-calcinacci-1.100353003;2023-07-27;2026-05-18;IT;Detailed reconstruction of the vehicle impact sequence and resulting structural damage to the overpass.
SRC0056;B23.07.01;Official/Technical;ANAS;Camion finisce contro cavalcavia: chiusa Aurelia a Coltano;https://www.gonews.it/2023/07/27/camion-finisce-contro-cavalcavia-chiusa-aurelia-a-coltano/;2023-07-27;2026-05-18;IT;Article reporting official ANAS statements regarding emergency traffic management and infrastructure inspections after the impact event.
SRC0057;B23.10.01;News;Gazzetta di Parma;Maltempo nel Parmense, crolla ponte a Terenzo;https://www.gazzettadiparma.it/;2023-10-30;2026-05-18;IT;Local news coverage documenting collapse of bridge infrastructure following severe flooding conditions in the Terenzo area.
SRC0058;B23.10.01;News;Rai News;Maltempo in Emilia-Romagna, danni e criticità nel Parmense;https://www.rainews.it/tgr/emiliaromagna/;2023-10-30;2026-05-18;IT;Regional coverage regarding hydraulic instability and infrastructure damage in the Parma Apennines.
SRC0059;B23.10.01;Official/Technical;Protezione Civile;Bollettini criticità idraulica Emilia-Romagna ottobre 2023;https://protezionecivile.regione.emilia-romagna.it/;2023-10-30;2026-05-18;IT;Official regional civil protection documentation regarding hydraulic and hydrogeological criticalities affecting the area.
SRC0060;B23.05.05;News;Sky TG24;Voci da Modigliana, il paese isolato dalle frane causate dall’alluvione;https://tg24.sky.it/cronaca/2023/05/19/frane-modigliana-alluvione;2023-05-19;2026-05-18;IT;National news report documenting isolation of Modigliana and collapse of local bridge infrastructure during the Emilia-Romagna flood event.
SRC0061;B23.05.05;News;Il Piccolo;Maltempo, Modigliana è in ginocchio;https://ilpiccolo.org/ilpiccolo/2023/05/modigliana-in-ginocchio-maltempo/;2023-05-17;2026-05-18;IT;Local news source explicitly reporting collapse of the bridge in the Ca’ Stronchino area following severe flooding and slope instability.
SRC0062;B23.05.05;News;Il Resto del Carlino;Alluvione Emilia Romagna, il ponte di Ca' Stronchino ancora come un anno fa;https://www.ilrestodelcarlino.it/cronaca/speciale-alluvione/alluvione-emilia-romagna-ponte-ca-stronchino-modigliana-x06hwx71;2024-05-14;2026-05-18;IT;Retrospective article documenting collapse mechanisms, reconstruction status, and hydraulic forces responsible for the destruction of the Ca’ Stronchino bridge.
SRC0063;B23.05.05;News;TGCom24;Modigliana, un anno dopo ancora inagibile il ponte crollato durante l’alluvione in Emilia-Romagna;https://mediasetinfinity.mediaset.it/video/tgcom24/modigliana-un-anno-dopo-ancora-inagibile-il-ponte-crollato-durante-lalluvione-in-emilia-romagna_FD00000000428713;2024-05-14;2026-05-18;IT;Video report showing persistent damage and remaining structural conditions one year after the collapse event.
SRC0064;B23.05.04;News;Ravenna e Dintorni;Ponte crollato a Ravenna, azienda isolata: «Servono 50mila euro per quello provvisorio»;https://www.ravennaedintorni.it/economia/2023/06/05/azienda-agricola-ridolfi-isolata-crollo-ponte/;2023-06-05;2026-05-18;IT;Local news report explicitly documenting collapse of the bridge on Via del Dottore over the Fosso Ghiaia canal in the Gambellara area.
SRC0065;B23.05.04;Official/Technical;Regione Emilia-Romagna;Ricostruzione post alluvione;https://notizie.regione.emilia-romagna.it/comunicati/2025/ricostruzione-post-alluvione-il-rifacimento-del-ponte-della-motta-sull2019idice-crollato-a-maggio-2023-il-consolidamento-degli-argini-sul-lamone-a-villanova-di-bagnacavallo-gli-interventi-contro-le-frane-in-corso-a-casola-valsenio-sempre-nel-ravennate-la;2023-04-05;2026-05-18;IT;Official regional documentation regarding hydraulic damage and infrastructure disruption during the 2023 flood emergency.
SRC0066;B23.05.03;News;La Repubblica;Alluvione in Emilia, l'acqua distrugge il ponte a Prada;https://www.repubblica.it/cronaca/2023/05/18/video/alluvione_in_emilia_lacqua_distrugge_il_ponte_a_prada_le_immagini_dallalto-422488135/;2023-05-18;2026-05-18;IT;Local news source explicitly reporting collapse of the bridge in the Prada area following severe flooding
SRC0067;B23.05.03;News;3B Meteo;Cronaca meteo - Prada (RA), ponte crollato: le immagini dal drone;https://www.3bmeteo.com/giornale-meteo/cronaca-meteo---prada--ra---ponte-crollato--le-immagini-dal-drone---video-690054;2023-05-19;2026-05-18;IT;Local news source explicitly reporting collapse of the bridge in the Prada area following severe flooding
SRC0068;B23.05.03;Official/Technical;Regione Emilia-Romagna;Ricostruzione post alluvione;https://notizie.regione.emilia-romagna.it/comunicati/2025/ricostruzione-post-alluvione-il-rifacimento-del-ponte-della-motta-sull2019idice-crollato-a-maggio-2023-il-consolidamento-degli-argini-sul-lamone-a-villanova-di-bagnacavallo-gli-interventi-contro-le-frane-in-corso-a-casola-valsenio-sempre-nel-ravennate-la;2023-04-05;2026-05-18;IT;Official regional documentation regarding hydraulic damage and infrastructure disruption during the 2023 flood emergency.
SRC0069;B23.05.02;News;Rai News;Crollato ponte della Motta nel Bolognese: le immagini dal drone;https://www.rainews.it/video/2023/05/crollato-ponte-motta-bolognese-immagini-drone-5a34a431-71ec-4ed7-b1ca-16637f78dbd3.html;2023-05-17;2026-05-18;IT;Video report documenting the total collapse of Ponte della Motta over the Idice river following extreme hydraulic loading during the Emilia-Romagna flood event.
SRC0070;B23.05.02;News;La Stampa;Crollato ponte nel Bolognese: attraversava il fiume Idice nelle vicinanze di Budrio;https://www.lastampa.it/cronaca/2023/05/17/video/crollato_ponte_nel_bolognese_attraversava_il_fiume_indice_nelle_vicinanze_di_budrio-12810580/;2023-05-17;2026-05-18;IT;National news coverage documenting collapse of the bridge near Budrio caused by severe flooding of the Idice river.
SRC0071;B23.05.02;Official/Technical;Regione Emilia-Romagna;Ricostruzione post alluvione;https://notizie.regione.emilia-romagna.it/comunicati/2025/ricostruzione-post-alluvione-il-rifacimento-del-ponte-della-motta-sull2019idice-crollato-a-maggio-2023-il-consolidamento-degli-argini-sul-lamone-a-villanova-di-bagnacavallo-gli-interventi-contro-le-frane-in-corso-a-casola-valsenio-sempre-nel-ravennate-la;2023-04-05;2026-05-18;IT;Official regional documentation regarding hydraulic damage and infrastructure disruption during the 2023 flood emergency.
SRC0072;B24.06.01;Official/Technical;Protezione Civile;Rapporto di fine evento – Alluvione del 29 giugno 2024;https://cf.regione.vda.it/cf_scripts/archive/it/06_Rapporti-di-fine-evento/rapporto-evento-2024-06-29-alluvione.pdf;2024-06-29;2026-05-18;IT;Official post-event technical report documenting hydraulic phenomena, debris flows, infrastructure failures, and isolation of the Cogne valley following the June 2024 flood event.
SRC0073;B24.06.01;News;Sky TG24;Maltempo Valle d'Aosta, torrenti esondano a Cogne: paese isolato;https://tg24.sky.it/cronaca/2024/06/29/maltempo-cogne-allerta-frana-paese-isolato;2024-06-29;2026-05-18;IT;National news coverage documenting overflow of the Grand Eyvia stream, debris flows, and collapse of access infrastructure affecting Cogne.
SRC0074;B24.06.01;News;Rai News;I temporali flagellano il Nord Est: torrenti esondati e paesi isolati;https://www.rainews.it/maratona/2024/06/i-temporali-flagellano-il-nord-est-torrenti-esondati-e-paesi-isolati-frane-strade-chiusemaltempo-1fa697f6-8251-4fba-a6e7-227c74d5586a.html;2024-06-29;2026-05-18;IT;National coverage documenting severe flooding, landslides, and collapse of transport infrastructure in the Cogne valley during the June 2024 storm event.
SRC0075;B24.10.02;News;Il Resto del Carlino;Crollo del ponte sul torrente: famiglie isolate nel Bolognese;https://www.ilrestodelcarlino.it/bologna/cronaca/crollo-del-ponte-sul-torrente-aeeec7c9;2024-10-20;2026-05-18;IT;Local news report documenting collapse of the bridge structure and resulting isolation of nearby residents following severe flooding conditions.
SRC0076;B24.10.02;News;BolognaToday;Esercito e soccorsi per le famiglie isolate a Sasso Marconi dopo l’alluvione;https://www.bolognatoday.it/cronaca/esercito-alluvione-famiglie-isolate-sasso-marconi.html;2024-10-20;2026-05-18;IT;Local news coverage documenting hydraulic emergency conditions, infrastructure disruption, and emergency response activities in the Sasso Marconi area.
SRC0077;B24.10.03;News;Rai News;Piena della Bormida, il ponte danneggiato di Carcare ripreso dal drone;https://www.rainews.it/video/2024/10/piena-bormida-il-ponte-danneggiato-di-carcare-ripreso-dal-drone-92237bb3-8440-4597-b0c3-9f800f328934.html;2024-10-27;2026-05-18;IT;Drone footage documenting severe hydraulic damage and partial structural collapse of the cycle-pedestrian bridge over the Bormida river during the flood event.
SRC0078;B24.10.03;News;IVG;Maltempo, Carcare flagellata dalla pioggia: passerella spezzata in due, frane e autorimesse allagate;https://www.ivg.it/2024/10/maltempo-carcare-flagellata-dalla-pioggia-passerella-spezzata-in-due-frane-e-autorimesse-allagate/;2024-10-27;2026-05-18;IT;Local news report documenting hydraulic failure of the cycle-pedestrian bridge and widespread flood damage in the Carcare area.
SRC0079;B26.04.01;News;Sky TG24;Molise, continua ricerca del disperso nel crollo del ponte sul Trigno;https://tg24.sky.it/cronaca/2026/04/05/disperso-crollo-ponte-fiume-trigno;2026-04-05;2026-05-19;IT;National coverage documenting partial collapse of the SS16 bridge over the Trigno river and ongoing search operations for the missing driver.
SRC0080;B26.04.01;Official/Technical;Vigili del Fuoco;Maltempo Campobasso, crollo ponte su SS16: i vigili del fuoco proseguono nelle ricerche di possibili dispersi;https://www.vigilfuoco.tv/molise/campobasso/montenero-di-bisaccia/maltempo-campobasso-crollo-ponte-su-ss16-i-vigili-del-fuoco;2026-04-03;2026-05-19;IT;Official emergency response report documenting collapse conditions, hydraulic emergency, and technical rescue activities along the Trigno river corridor.
SRC0081;B26.04.01;News;ANSA;Il maltempo sferza il Centro-Sud: crollato il ponte sul Trigno;https://www.ansa.it/sito/notizie/cronaca/2026/04/02/il-maltempo-sferza-il-centro-sud-la-giornata-regione-per-regione_b4e49fb5-4485-4489-84f3-42eaee680148.html;2026-04-02;2026-05-19;IT;National news coverage documenting collapse of the bridge along the SS16 Adriatica during severe flood conditions affecting Molise.
SRC0082;B23.01.02;News;Rai News;Nella notte tra il 13 e il 14 maggio chiusa la E45 a Promano;https://www.rainews.it/tgr/umbria/articoli/2024/05/nella-notte-tra-il-13-e-il-14-maggio-chiusa-la-e45-a-promano-8ce08e85-541e-4463-b3ce-5dcc3d467cfa.html;2024-05-13;2026-05-19;IT;Regional Rai News article documenting reconstruction and replacement works following the partial collapse of the Promano overpass after vehicle impact.
SRC0083;B23.01.02;News;La Nazione;E45, a Promano rinasce il cavalcavia: completato il varo del nuovo ponte;https://www.lanazione.it/umbria/cronaca/e45-a-promano-rinasce-il-cavalcavia-completato-il-varo-del-nuovo-ponte-b7afe90e;2024-05-14;2026-05-19;IT;Follow-up article documenting installation of the replacement bridge structure after the collapse event caused by heavy vehicle impact.
SRC0084;B23.01.01;News;ANSA;Ponte crollato a Molina Aterno, ricostruzione nel 2027;https://www.ansa.it/abruzzo/notizie/2025/07/07/ponte-crollato-a-molina-aterno-ricostruzione-nel-2027_2c42f251-ccd2-4ce1-924f-15ead45a5959.html;2025-07-07;2026-05-19;IT;National news report documenting long-term reconstruction planning and confirming collapse of the bridge following hydraulic failure in January 2023.
SRC0085;B23.01.01;News;Il Capoluogo;Molina Aterno, rimosso il ponte crollato;https://www.ilcapoluogo.it/2023/10/25/molina-aterno-rimosso-il-ponte-crollato/;2023-10-25;2026-05-19;IT;Local news coverage documenting removal operations of the collapsed bridge structure months after the hydraulic failure event.
SRC0086;B23.01.01;News;Rai News;Molina Aterno, rimosso il ponte crollato a gennaio;https://www.rainews.it/tgr/abruzzo/video/2023/10/molina-aterno-rimosso-ponte-crollato-a-gennaio-abruzzo-1226afb2-14bf-4cbb-b02e-555f19437450.html;2023-10-25;2026-05-19;IT;Regional Rai News video report documenting removal activities and residual structural conditions after the collapse event.
SRC0087;B22.12.04;Official/Technical;ANSFISA;Crollo ponte tra Sant’Omero e Bellante (Teramo), verifiche e sopralluogo dei tecnici di Ansfisa;https://www.ansfisa.gov.it/-/crollo-ponte-tra-sant-omero-e-bellante-teramo-verifiche-e-sopralluogo-dei-tecnici-di-ansfisa;2022-12-30;2026-05-19;IT;Official ANSFISA communication documenting inspections and technical investigations following the collapse event.
SRC0088;B22.12.04;News;Il Centro;Ponte crollato, i super periti: la struttura era pericolosa;https://www.ilcentro.it/teramo/ponte-crollato-i-super-periti-la-struttura-era-pericolosa-1.3262386;2024-02-02;2026-05-19;IT;Local news report summarizing expert investigations and structural deficiencies associated with the collapse.
SRC0089;B22.12.03;News;La Sicilia;Ponte Tredici Luci, nella notte sono crollate due arcate;https://www.lasicilia.it/gallery/cronaca/1689287/ponte-tredici-luci-nella-notte-sono-crollate-due-arcate.html;2022-12-16;2026-05-19;IT;Regional news report documenting collapse of two masonry arches of Ponte Tredici Luci following severe flooding of the Sosio river.
SRC0090;B22.12.03;News;Live Sicilia;Crollano due arcate del ponte Tredici Luci a Chiusa Sclafani;https://livesicilia.it/crollano-due-arcate-del-ponte-tredici-luci-a-chiusa-sclafani/;2022-12-16;2026-05-19;IT;Local news coverage documenting hydraulic damage and partial collapse of the historic masonry bridge.
SRC0091;B22.12.03;Official/Technical;Regione Sicilia;Crollo ponte sul Sosio, sopralluogo del Genio Civile per valutare i danni;https://www.regione.sicilia.it/la-regione-informa/crollo-ponte-sosio-domani-sopralluogo-genio-civile-valutare-danni;2022-12-16;2026-05-19;IT;Official regional communication documenting technical inspections and assessment activities following the bridge collapse event.
SRC0092;B22.12.02;News;InMeteo;Alluvione nel Messinese: crollato un ponte a Terme Vigliatore;https://www.inmeteo.net/2022/12/03/alluvione-nel-messinese-crollato-un-ponte-a-terme-vigliatore/;2022-12-03;2026-05-19;IT;News report documenting hydraulic collapse of the bridge following severe flooding in the Messina province area.
SRC0093;B22.12.02;News;La Repubblica;Maltempo, piogge nel Messinese: persone intrappolate in auto;https://palermo.repubblica.it/cronaca/2022/12/03/news/maltempo_piogge_nel_messinese_persone_intrappolate_in_auto-377372162/;2022-12-03;2026-05-19;IT;National coverage documenting flood conditions and infrastructure failures associated with the extreme rainfall event.
SRC0094;B22.12.02;Official/Technical;ANAS;In Sicilia Anas: aperto al traffico il ponte Termini a Terme Vigliatore;https://www.stradeanas.it/it/sicilia-anas-aperto-al-traffico-il-ponte-termini-terme-vigliatore-me;2023-08-04;2026-05-19;IT;Official ANAS communication documenting reopening and reconstruction activities following the collapse event.
SRC0095;B22.12.01;News;La Nazione;Ponte crollato a Monteverdi: voragine sull'asfalto. Un anno per la sistemazione;https://www.lanazione.it/pontedera/cronaca/ponte-crollato-monteverdi-03b6995e;2022-12-02;2026-05-18;IT;Local news report documenting the sudden night-time collapse of the SP329 bridge caused by pillar failure and describing the rehabilitation timeline.
SRC0096;B22.12.01;News;Sky TG24;"Crolla un ponte a Monteverdi Marittimo, nel Pisano. Il sindaco: ""Tragedia sfiorata""";https://tg24.sky.it/cronaca/2022/12/02/crollo-ponte-monteverdi-marittimo-pisa;2022-12-02;2026-05-18;IT;National news coverage confirming collapse of the SP329 bridge and reporting initial assessment of pillar failure as probable cause.
SRC0097;B22.12.01;News;PisaToday;Tragedia sfiorata a Monteverdi Marittimo: crolla il ponte della SP329;https://www.pisatoday.it/cronaca/crollo-ponte-sp-329-monteverdi-marittimo-2-dicembre-2022.html;2022-12-02;2026-05-18;IT;Local news report providing details on the collapse dynamics and provisional restoration plan agreed between municipality and Province of Pisa.
SRC0098;B22.11.02;News;IVG;A10, mezzo pesante colpisce un cavalcavia tra Celle e Varazze: traffico bloccato;https://www.ivg.it/2022/11/a10-mezzo-pesante-colpisce-un-viadotto-tra-celle-e-varazze-traffico-bloccato/;2022-11-25;2026-05-20;IT;Local news report documenting the impact event, the closure of the A10 motorway, and the isolation of approximately 60 residents in the Vignetta area.
SRC0099;B22.11.02;News;Genova24;Sarà demolito in un giorno e sostituito da un ponte provvisorio il cavalcavia danneggiato sulla A10;https://www.genova24.it/2022/11/a10-tra-celle-e-varazze-riaperta-con-scambio-di-carreggiata-il-cavalcavia-sara-demolito-325003/;2022-11-26;2026-05-20;IT;Regional news coverage confirming irreparable structural damage from vehicle impact and reporting demolition and provisional Bailey bridge installation plan.
SRC0100;B22.11.01;News;QuiCosenza;Laino Castello, crollato il ponte in località San Liguori a causa del maltempo;https://www.quicosenza.it/news/provincia/484972-laino-castello-crollato-il-ponte-in-localita-san-liguori-a-causa-del-maltempo;2022-11-17;2026-05-20;IT;Local news report documenting hydraulic collapse of the bridge over the Paraturo stream (locality San Liguori) following intense rainfall and resulting isolation of residents.
SRC0101;B22.11.01;News;LaC News24;Maltempo in Calabria, crolla ponte a Laino Castello;https://www.lacnews24.it/tag/crollo-ponte;2022-11-17;2026-05-20;IT;Regional Calabrian news outlet confirming hydraulic bridge collapse following intense rainfall event in the Laino Castello area in November 2022.
SRC0102;B22.10.01;News;TGCom24;Novara, si apre una voragine: crolla parte di un cavalcavia;https://www.tgcom24.mediaset.it/cronaca/piemonte/novara-si-apre-una-voragine-crolla-parte-di-un-cavalcavia_55804847-202202k.shtml;2022-10-09;2026-05-20;IT;National news report documenting partial collapse of the Cavalcavia XXV Aprile in Novara and reporting pre-existing structural deterioration history of the structure.
SRC0103;B22.10.01;News;Sky TG24;Novara, crolla parte del cavalcavia e si apre voragine: nessun ferito;https://tg24.sky.it/torino/2022/10/09/cavalcavia-ponte-novara;2022-10-09;2026-05-20;IT;National coverage confirming structural failure linked to long-term foundation deterioration and noting prior emergency consolidation works carried out in 2015.
SRC0104;B22.10.01;News;La Voce di Novara;Crollo sul cavalcavia 25 Aprile, Novara paralizzata;https://www.lavocedinovara.com/cronaca/crollo-sul-cavalcavia-25-aprile-novara-paralizzata-lassessore-ai-lavori-pubblici-il-disagio-ce-ma-stiamo-lavorando/;2022-10-13;2026-05-20;IT;Local Novara newspaper providing detailed context on pre-existing structural conditions, prior works, and wider urban road network disruption caused by the partial collapse.
SRC0105;B22.09.01;Official/Technical;Protezione Civile;Rapporto di evento preliminare – Alluvione Marche 15-16 settembre 2022;https://polaris.irpi.cnr.it/event/alluvione-nelle-marche/;2022-09-15;2026-05-20;IT;CNR-IRPI summary citing the official preliminary event report by Regione Marche Centro Funzionale Regionale, documenting hydraulic conditions, affected municipalities and infrastructure damage including bridge collapses.
SRC0106;B22.09.01;News;ANSA;Maltempo Marche: 84 cantieri del Genio Civile per la sistemazione dei ponti e delle infrastrutture;https://www.ansa.it/marche/notizie/2022/11/22/maltempo-marche-84-cantieri-genio-civile-per-sistemazioni_e63350e8-b7ce-47b9-b00f-39981634c388.html;2022-11-21;2026-05-20;IT;ANSA report documenting 84 Genio Civile construction sites opened across Marche following the 15 September 2022 flood, including bridge repairs and structural works in all affected municipalities.
SRC0107;B22.09.01;News;Vigili del Fuoco;Alluvione delle Marche del 2022 – Vigili del Fuoco;https://www.vigilfuoco.tv/storia/alluvione-delle-marche-del-2022;2022-09-15;2026-05-20;IT;Official Vigili del Fuoco operational report documenting rescue activities, bridge obstructions and collapses on the Misa and Nevola rivers during and after the 15 September 2022 Marche flood event.
SRC0108;B22.09.02;Official/Technical;Protezione Civile;Rapporto di evento preliminare – Alluvione Marche 15-16 settembre 2022;https://polaris.irpi.cnr.it/event/alluvione-nelle-marche/;2022-09-15;2026-05-20;IT;CNR-IRPI summary citing the official preliminary event report by Regione Marche Centro Funzionale Regionale, documenting hydraulic conditions, affected municipalities and infrastructure damage including bridge collapses.
SRC0109;B22.09.02;News;ANSA;Maltempo Marche: 84 cantieri del Genio Civile per la sistemazione dei ponti e delle infrastrutture;https://www.ansa.it/marche/notizie/2022/11/22/maltempo-marche-84-cantieri-genio-civile-per-sistemazioni_e63350e8-b7ce-47b9-b00f-39981634c388.html;2022-11-21;2026-05-20;IT;ANSA report documenting 84 Genio Civile construction sites opened across Marche following the 15 September 2022 flood, including bridge repairs and structural works in all affected municipalities.
SRC0110;B22.09.02;News;Vigili del Fuoco;Alluvione delle Marche del 2022 – Vigili del Fuoco;https://www.vigilfuoco.tv/storia/alluvione-delle-marche-del-2022;2022-09-15;2026-05-20;IT;Official Vigili del Fuoco operational report documenting rescue activities, bridge obstructions and collapses on the Misa and Nevola rivers during and after the 15 September 2022 Marche flood event.
SRC0111;B22.09.03;Official/Technical;Protezione Civile;Rapporto di evento preliminare – Alluvione Marche 15-16 settembre 2022;https://polaris.irpi.cnr.it/event/alluvione-nelle-marche/;2022-09-15;2026-05-20;IT;CNR-IRPI summary citing the official preliminary event report by Regione Marche Centro Funzionale Regionale, documenting hydraulic conditions, affected municipalities and infrastructure damage including bridge collapses.
SRC0112;B22.09.03;News;ANSA;Maltempo Marche: 84 cantieri del Genio Civile per la sistemazione dei ponti e delle infrastrutture;https://www.ansa.it/marche/notizie/2022/11/22/maltempo-marche-84-cantieri-genio-civile-per-sistemazioni_e63350e8-b7ce-47b9-b00f-39981634c388.html;2022-11-21;2026-05-20;IT;ANSA report documenting 84 Genio Civile construction sites opened across Marche following the 15 September 2022 flood, including bridge repairs and structural works in all affected municipalities.
SRC0113;B22.09.03;News;Vigili del Fuoco;Alluvione delle Marche del 2022 – Vigili del Fuoco;https://www.vigilfuoco.tv/storia/alluvione-delle-marche-del-2022;2022-09-15;2026-05-20;IT;Official Vigili del Fuoco operational report documenting rescue activities, bridge obstructions and collapses on the Misa and Nevola rivers during and after the 15 September 2022 Marche flood event.
SRC0114;B22.09.04;Official/Technical;Protezione Civile;Rapporto di evento preliminare – Alluvione Marche 15-16 settembre 2022;https://polaris.irpi.cnr.it/event/alluvione-nelle-marche/;2022-09-15;2026-05-20;IT;CNR-IRPI summary citing the official preliminary event report by Regione Marche Centro Funzionale Regionale, documenting hydraulic conditions, affected municipalities and infrastructure damage including bridge collapses.
SRC0115;B22.09.04;News;ANSA;Maltempo Marche: 84 cantieri del Genio Civile per la sistemazione dei ponti e delle infrastrutture;https://www.ansa.it/marche/notizie/2022/11/22/maltempo-marche-84-cantieri-genio-civile-per-sistemazioni_e63350e8-b7ce-47b9-b00f-39981634c388.html;2022-11-21;2026-05-20;IT;ANSA report documenting 84 Genio Civile construction sites opened across Marche following the 15 September 2022 flood, including bridge repairs and structural works in all affected municipalities.
SRC0116;B22.09.04;News;Vigili del Fuoco;Alluvione delle Marche del 2022 – Vigili del Fuoco;https://www.vigilfuoco.tv/storia/alluvione-delle-marche-del-2022;2022-09-15;2026-05-20;IT;Official Vigili del Fuoco operational report documenting rescue activities, bridge obstructions and collapses on the Misa and Nevola rivers during and after the 15 September 2022 Marche flood event.
SRC0117;B22.09.05;Official/Technical;Protezione Civile;Rapporto di evento preliminare – Alluvione Marche 15-16 settembre 2022;https://polaris.irpi.cnr.it/event/alluvione-nelle-marche/;2022-09-15;2026-05-20;IT;CNR-IRPI summary citing the official preliminary event report by Regione Marche Centro Funzionale Regionale, documenting hydraulic conditions, affected municipalities and infrastructure damage including bridge collapses.
SRC0118;B22.09.05;News;ANSA;Maltempo Marche: 84 cantieri del Genio Civile per la sistemazione dei ponti e delle infrastrutture;https://www.ansa.it/marche/notizie/2022/11/22/maltempo-marche-84-cantieri-genio-civile-per-sistemazioni_e63350e8-b7ce-47b9-b00f-39981634c388.html;2022-11-21;2026-05-20;IT;ANSA report documenting 84 Genio Civile construction sites opened across Marche following the 15 September 2022 flood, including bridge repairs and structural works in all affected municipalities.
SRC0119;B22.09.05;News;Vigili del Fuoco;Alluvione delle Marche del 2022 – Vigili del Fuoco;https://www.vigilfuoco.tv/storia/alluvione-delle-marche-del-2022;2022-09-15;2026-05-20;IT;Official Vigili del Fuoco operational report documenting rescue activities, bridge obstructions and collapses on the Misa and Nevola rivers during and after the 15 September 2022 Marche flood event.
SRC0120;B22.09.06;Official/Technical;Protezione Civile;Rapporto di evento preliminare – Alluvione Marche 15-16 settembre 2022;https://polaris.irpi.cnr.it/event/alluvione-nelle-marche/;2022-09-15;2026-05-20;IT;CNR-IRPI summary citing the official preliminary event report by Regione Marche Centro Funzionale Regionale, documenting hydraulic conditions, affected municipalities and infrastructure damage including bridge collapses.
SRC0121;B22.09.06;News;ANSA;Maltempo Marche: 84 cantieri del Genio Civile per la sistemazione dei ponti e delle infrastrutture;https://www.ansa.it/marche/notizie/2022/11/22/maltempo-marche-84-cantieri-genio-civile-per-sistemazioni_e63350e8-b7ce-47b9-b00f-39981634c388.html;2022-11-21;2026-05-20;IT;ANSA report documenting 84 Genio Civile construction sites opened across Marche following the 15 September 2022 flood, including bridge repairs and structural works in all affected municipalities.
SRC0122;B22.09.06;News;Vigili del Fuoco;Alluvione delle Marche del 2022 – Vigili del Fuoco;https://www.vigilfuoco.tv/storia/alluvione-delle-marche-del-2022;2022-09-15;2026-05-20;IT;Official Vigili del Fuoco operational report documenting rescue activities, bridge obstructions and collapses on the Misa and Nevola rivers during and after the 15 September 2022 Marche flood event.
SRC0123;B22.09.07;Official/Technical;Protezione Civile;Rapporto di evento preliminare – Alluvione Marche 15-16 settembre 2022;https://polaris.irpi.cnr.it/event/alluvione-nelle-marche/;2022-09-15;2026-05-20;IT;CNR-IRPI summary citing the official preliminary event report by Regione Marche Centro Funzionale Regionale, documenting hydraulic conditions, affected municipalities and infrastructure damage including bridge collapses.
SRC0124;B22.09.07;News;ANSA;Maltempo Marche: 84 cantieri del Genio Civile per la sistemazione dei ponti e delle infrastrutture;https://www.ansa.it/marche/notizie/2022/11/22/maltempo-marche-84-cantieri-genio-civile-per-sistemazioni_e63350e8-b7ce-47b9-b00f-39981634c388.html;2022-11-21;2026-05-20;IT;ANSA report documenting 84 Genio Civile construction sites opened across Marche following the 15 September 2022 flood, including bridge repairs and structural works in all affected municipalities.
SRC0125;B22.09.07;News;Vigili del Fuoco;Alluvione delle Marche del 2022 – Vigili del Fuoco;https://www.vigilfuoco.tv/storia/alluvione-delle-marche-del-2022;2022-09-15;2026-05-20;IT;Official Vigili del Fuoco operational report documenting rescue activities, bridge obstructions and collapses on the Misa and Nevola rivers during and after the 15 September 2022 Marche flood event.
SRC0126;B22.09.08;Official/Technical;Protezione Civile;Rapporto di evento preliminare – Alluvione Marche 15-16 settembre 2022;https://polaris.irpi.cnr.it/event/alluvione-nelle-marche/;2022-09-15;2026-05-20;IT;CNR-IRPI summary citing the official preliminary event report by Regione Marche Centro Funzionale Regionale, documenting hydraulic conditions, affected municipalities and infrastructure damage including bridge collapses.
SRC0127;B22.09.08;News;ANSA;Maltempo Marche: 84 cantieri del Genio Civile per la sistemazione dei ponti e delle infrastrutture;https://www.ansa.it/marche/notizie/2022/11/22/maltempo-marche-84-cantieri-genio-civile-per-sistemazioni_e63350e8-b7ce-47b9-b00f-39981634c388.html;2022-11-21;2026-05-20;IT;ANSA report documenting 84 Genio Civile construction sites opened across Marche following the 15 September 2022 flood, including bridge repairs and structural works in all affected municipalities.
SRC0128;B22.09.08;News;Vigili del Fuoco;Alluvione delle Marche del 2022 – Vigili del Fuoco;https://www.vigilfuoco.tv/storia/alluvione-delle-marche-del-2022;2022-09-15;2026-05-20;IT;Official Vigili del Fuoco operational report documenting rescue activities, bridge obstructions and collapses on the Misa and Nevola rivers during and after the 15 September 2022 Marche flood event.
SRC0129;B22.09.09;Official/Technical;Protezione Civile;Rapporto di evento preliminare – Alluvione Marche 15-16 settembre 2022;https://polaris.irpi.cnr.it/event/alluvione-nelle-marche/;2022-09-15;2026-05-20;IT;CNR-IRPI summary citing the official preliminary event report by Regione Marche Centro Funzionale Regionale, documenting hydraulic conditions, affected municipalities and infrastructure damage including bridge collapses.
SRC0130;B22.09.09;News;ANSA;Maltempo Marche: 84 cantieri del Genio Civile per la sistemazione dei ponti e delle infrastrutture;https://www.ansa.it/marche/notizie/2022/11/22/maltempo-marche-84-cantieri-genio-civile-per-sistemazioni_e63350e8-b7ce-47b9-b00f-39981634c388.html;2022-11-21;2026-05-20;IT;ANSA report documenting 84 Genio Civile construction sites opened across Marche following the 15 September 2022 flood, including bridge repairs and structural works in all affected municipalities.
SRC0131;B22.09.09;News;Vigili del Fuoco;Alluvione delle Marche del 2022 – Vigili del Fuoco;https://www.vigilfuoco.tv/storia/alluvione-delle-marche-del-2022;2022-09-15;2026-05-20;IT;Official Vigili del Fuoco operational report documenting rescue activities, bridge obstructions and collapses on the Misa and Nevola rivers during and after the 15 September 2022 Marche flood event.
SRC0132;B22.09.10;Official/Technical;Protezione Civile;Rapporto di evento preliminare – Alluvione Marche 15-16 settembre 2022;https://polaris.irpi.cnr.it/event/alluvione-nelle-marche/;2022-09-15;2026-05-20;IT;CNR-IRPI summary citing the official preliminary event report by Regione Marche Centro Funzionale Regionale, documenting hydraulic conditions, affected municipalities and infrastructure damage including bridge collapses.
SRC0133;B22.09.10;News;ANSA;Maltempo Marche: 84 cantieri del Genio Civile per la sistemazione dei ponti e delle infrastrutture;https://www.ansa.it/marche/notizie/2022/11/22/maltempo-marche-84-cantieri-genio-civile-per-sistemazioni_e63350e8-b7ce-47b9-b00f-39981634c388.html;2022-11-21;2026-05-20;IT;ANSA report documenting 84 Genio Civile construction sites opened across Marche following the 15 September 2022 flood, including bridge repairs and structural works in all affected municipalities.
SRC0134;B22.09.10;News;Vigili del Fuoco;Alluvione delle Marche del 2022 – Vigili del Fuoco;https://www.vigilfuoco.tv/storia/alluvione-delle-marche-del-2022;2022-09-15;2026-05-20;IT;Official Vigili del Fuoco operational report documenting rescue activities, bridge obstructions and collapses on the Misa and Nevola rivers during and after the 15 September 2022 Marche flood event.
SRC0135;B22.08.01;News;La Repubblica;Brescia, camion rimane incastrato sotto il ponte di via Volturno: danni e traffico in tilt;https://milano.repubblica.it/cronaca/2022/08/24/news/brescia_camion_incastrato_ponte_via_volturno_danni_traffico-362786787/;2022-08-24;2026-05-20;IT;La Repubblica doc
SRC0136;B22.08.01;News;Giornale di Brescia;Camion che trasporta un'autogrù urta il ponte di via Volturno, tangenziale Ovest chiusa;https://www.giornaledibrescia.it/brescia-e-hinterland/camion-che-trasporta-un-autogr%C3%B9-urta-il-ponte-di-via-volturno-tangenziale-ovest-chiusa-1.3763346;2022-08-24;2026-05-20;IT;Local newspaper report documenting the impact event, structural damage to five RC beams, and immediate traffic and safety consequences for the Brescia ring road.
SRC0137;B22.08.01;News;QuiBrescia;Ponte tangenziale Ovest danneggiato: viabilità da riscrivere;https://www.quibrescia.it/cronaca/2022/08/26/ponte-tangenziale-ovest-danneggiato-viabilita-da-riscrivere/624423/;2022-08-26;2026-05-20;IT;Local news coverage quantifying the structural damage (five destroyed RC beams) and describing traffic management measures adopted following the overpass partial collapse.
SRC0138;B22.02.01;News;Rete8;Paglieta, è crollato il ponte Guastacconcio sulla S.P. 97;https://www.rete8.it/cronaca/paglieta-e-crollato-il-ponte-guastacconcio-sulla-strada-provinciale-97/;2022-02-13;2026-05-20;IT;Regional news report documenting the total collapse of the Ponte Guastacconcio and contextualising the long history of structural deterioration due to flooding, riverbed erosion and heavy vehicle use.
SRC0139;B22.02.01;News;ChietiToday;Paura a Paglieta, crollato il ponte Guastacconcio;https://www.chietitoday.it/cronaca/ponte-crollato-paglieta-guastacconcio.html;2022-02-13;2026-05-20;IT;Local news coverage confirming the spontaneous structural collapse and reporting the provincial administration response and reconstruction funding.
SRC0140;B22.02.01;News;ChietiToday;Via libera al progetto di ricostruzione del ponte Guastacconcio crollato un anno fa;https://www.chietitoday.it/attualita/ponte-guastacconcio-paglieta-crollato-approvato-progetto-ricostruzione.html;2022-02-13;2026-05-20;IT;Follow-up article documenting reconstruction approval process, confirming the bridge had been closed since December 2021 due to detected structural failure, and reconstruction financed under the Decreto Ponti programme.
SRC0141;B21.12.01;News;Giornale di Sicilia;Alcamo, crolla il ponte sul fiume San Bartolomeo: auto si ferma in tempo, tragedia sfiorata;https://trapani.gds.it/video/cronaca/2021/12/11/alcamo-crolla-il-ponte-sul-fiume-san-bartolomeo-auto-si-ferma-in-tempo-tragedia-sfiorata-0d63b2f7-7cc2-4eec-b77c-a4ec4aaa3b7c/;2021-12-11;2026-05-20;IT;Regional news report documenting the total collapse of the Ponte San Bartolomeo on the SS187, caused by flood-induced pillar failure, and the near-miss involving a passing vehicle.
SRC0142;B21.12.01;News;ANSA;Maltempo: crolla ponte nel Trapanese, chiusa SS 187;https://www.ansa.it/sito/notizie/topnews/2021/12/11/maltempo-crolla-ponte-nel-trapanese-chiusa-ss-187_98e753a4-7a60-4f52-8722-38b199de66bb.html;2021-12-11;2026-05-20;IT;ANSA national news agency report confirming total collapse of the Ponte San Bartolomeo on SS187, caused by pillar failure during heavy rainfall and river flooding in western Sicily.
SRC0143;B21.12.01;Official/Technical;Regione Siciliana;Crollo ponte San Bartolomeo: sopralluogo assessori e soluzioni per ripristino viabilità;https://trapani.gds.it/video/cronaca/2021/12/14/il-ponte-crollato-ad-alcamo-ecco-le-soluzioni-per-ripristinare-la-viabilita-0cf1a0b1-2f3a-4eeb-b319-cecff1eb47e9/;2021-12-14;2026-05-20;IT;Coverage of official regional inspection by Infrastructure and Economic Development assessors, documenting provisional bridge solutions and coordinating ANAS intervention.
SRC0144;B21.10.02;News;IVG;Maltempo a Quiliano, crolla ponte di via Tecci: due famiglie isolate;https://www.ivg.it/2021/10/maltempo-a-quiliano-crolla-ponte-di-via-tezzi-due-famiglie-isolate/;2021-10-04;2026-05-20;IT;Local news report documenting hydraulic collapse of the bridge over the Quazzola stream during the October 2021 Savona flood event and the isolation of two residential properties.
SRC0145;B21.10.02;News;SavonaNews;Maltempo del 4 ottobre, il comune di Quiliano fa il punto della situazione;https://www.savonanews.it/2021/10/29/leggi-notizia/argomenti/attualit/articolo/maltempo-del-4-ottobre-il-comune-di-quiliano-fa-il-punto-della-situazione-danni-evidenti-al-patri.html;2021-11-03;2026-05-20;IT;Official municipal damage assessment confirming the collapse of the private bridge over the Quazzola stream and widespread infrastructure damage across Quiliano during the October 2021 flood event.
SRC0146;B21.10.01;News;Il Post;L'incendio sul Ponte di ferro a Roma;https://www.ilpost.it/2021/10/03/incendio-ponte-di-ferro-roma/;2021-10-02;2026-05-20;IT;National news report documenting the fire event, partial collapse of the lateral service gallery, and immediate closure of the Ponte dell'Industria (Ponte di Ferro) on the Tevere.
SRC0147;B21.10.01;News;Il Sole 24 ORE;Roma, incendio devasta storico ponte di ferro;https://www.ilsole24ore.com/art/roma-incendio-devasta-notte-storico-ponte-ferro-capitale-AEif5An;2021-10-02;2026-05-20;IT;National financial and news daily coverage documenting the scale of the fire, structural collapse of the lateral gallery, and disruption to surrounding neighbourhoods.
SRC0148;B21.10.01;News;RomaToday;Le cause dell'incendio al Ponte di ferro di Roma;https://www.romatoday.it/cronaca/cause-incendio-ponte-di-ferro-roma.html;2021-10-03;2026-05-20;IT;Local investigative report on probable fire causes (informal encampments and vegetation under the bridge) and Carabinieri initial investigations ruling out arson.
SRC0149;B21.08.01;News;Il Resto del Carlino;Ferrara, ponte crolla il giorno dopo la chiusura;https://www.ilrestodelcarlino.it/ferrara/cronaca/chiudono-il-ponte-e-crolla-il-giorno-dopo-paura-alle-saline-dd20b2af;2021-08-30;2026-05-20;IT;Regional news report documenting the structural collapse one day after precautionary closure, confirming no injuries and quoting the mayor on the timely intervention that prevented casualties.
SRC0150;B21.08.01;News;La Nuova Ferrara;Comacchio. Crollato il ponte che porta alla salina;https://www.lanuovaferrara.it/ferrara/cronaca/2021/08/29/news/crollato-il-ponte-che-porta-alla-salina-1.40645584;2021-08-29;2026-05-20;IT;Local newspaper report documenting the collapse of the bridge over the Logonovo canal and the resulting isolation of the Saline di Comacchio tourist and agricultural area.
SRC0151;B21.08.01;News;Estense.com;Comacchio, il ponte crolla il giorno dopo la chiusura;https://www.estense.com/?p=925453;2021-08-30;2026-05-20;IT;Local Ferrara news outlet confirming structural collapse the day after precautionary closure and reporting on the broader economic and tourism impact on the Saline di Comacchio area.
SRC0152;B21.05.01;News;ANSA;Crolla ponte levatoio di una darsena a Spezia, nessun ferito;https://www.ansa.it/sito/notizie/cronaca/2021/05/12/crolla-ponte-levatoio-di-una-darsena-a-spezia-nessun-ferito_5574cf62-0a89-4d9b-b884-cef19116a668.html;2021-05-12;2026-05-20;IT;National news agency report confirming the collapse of the bascule bridge during a closing operation at the Darsena di Pagliari, with no injuries reported.
SRC0153;B21.05.01;News;Liguria Business Journal;La Spezia, crolla il ponte della darsena Pagliari;https://liguria.bizjournal.it/2021/05/la-spezia-crolla-il-ponte-della-darsena-pagliari/;2021-05-12;2026-05-20;IT;Regional business and news outlet reporting the collapse and quoting the Port Authority on the sequestration of the structure and plans for its removal and replacement.
SRC0154;B21.05.01;News;La Nazione;Crollo del ponte di Pagliari. Chiesto il processo per tutti;https://www.lanazione.it/la-spezia/cronaca/crollo-del-ponte-di-pagliari-f9cd8119;2021-05-12;2026-05-20;IT;Regional news coverage including the response from the Liguria regional civil protection councillor calling for an urgent intervention plan from the Port Authority responsible for the structure.
SRC0155;B21.10.02;News;Fanpage;Maltempo in Liguria, esondano due torrenti a Savona e crolla un ponte: scatta l'allerta rossa;https://www.fanpage.it/attualita/maltempo-in-liguria-esondano-due-torrenti-a-savona-e-crolla-un-ponte-scatta-lallerta-rossa/;2021-10-04;2026-05-20;IT;National news report confirming bridge collapse at Quiliano caused by flash flooding of the Quazzola stream during the October 2021 Savona flood event.
SRC0156;B20.04.01;News;Sardinia Post;Gonessa, crolla ponte per il passaggio di un mezzo pesante;https://www.sardiniapost.it/;2020-04-02;2026-05-20;IT;Regional news outlet confirming collapse of municipal bridge near Gonessa caused by overloading from a heavy vehicle in April 2020.
SRC0157;B20.04.01;News;Unione Sarda;Ponte crollato a Gonessa: cedimento sotto il peso di un mezzo;https://www.unionesarda.it/;2020-04-02;2026-05-20;IT;Local Sardinian newspaper report documenting the structural collapse caused by overload of a heavy vehicle on the municipal bridge near Gonessa.
SRC0158;B20.04.02;News;ANSA;Crolla ponte in provincia Massa Carrara, un ferito;https://www.ansa.it/toscana/notizie/2020/04/08/crolla-ponte-in-provincia-massa-carrara_9d55a07b-65b9-48f8-b2b7-5e930201fd80.html;2020-04-08;2026-05-20;IT;ANSA Toscana breaking news report confirming total collapse of the Ponte Barsanti on the Magra river at Albiano Magra, with one person injured and two vehicles involved.
SRC0159;B20.04.02;News;Il Fatto Quotidiano;Crolla il ponte sul Magra tra Toscana e Liguria: landslide mina le fondazioni;https://www.ilfattoquotidiano.it/2020/04/08/crolla-ponte-sul-fiume-magra-ad-albiano-due-feriti/5762345/;2020-04-08;2026-05-20;IT;National coverage documenting collapse of the Ponte Barsanti caused by landslide phenomena and discussing the national debate on bridge safety monitoring during the COVID-19 period.
SRC0160;B20.09.01;News;Roma Today;Santa Maria di Galeria, ponticello crolla al passaggio di un camion;https://www.romatoday.it/cronaca/crollo-ponte-santa-maria-di-galeria.html;2019-09-25;2026-05-20;IT;Local Rome news report documenting collapse of the Arrone stream bridge in via Boccioleto caused by overloading from a construction vehicle, with one driver injured.
SRC0161;B20.09.01;News;Il Messaggero;Roma, il ponte sul torrente crolla al passaggio di un autocarro: ferito il conducente;https://www.ilmessaggero.it/roma/news/ponte_crolla_santa_maria_di_galeria_roma_autocarro_ferito-4757201.html;2019-09-25;2026-05-20;IT;National newspaper report confirming collapse of the Arrone stream bridge in Santa Maria di Galeria caused by overloading from a construction truck, and documenting isolation of 30 families.
SRC0162;B20.10.01;Official/Technical;Protezione Civile;Alluvione ottobre 2020 – Danni in 108 comuni del Piemonte;https://www.ansa.it/piemonte/notizie/2020/10/04/alluvione-in-piemonte-danni-in-108-comuni_3e6bad5b-29fb-4191-a5f8-637406bcc875.html;2020-10-04;2026-05-20;IT;ANSA report citing official Protezione Civile Regione Piemonte communication documenting 108 affected municipalities, active repair works and bridge collapses during the 2-3 October 2020 flood.
SRC0163;B20.10.01;News;ANSA;Maltempo Liguria e Piemonte: ponti crollati, morti e dispersi;https://www.ansa.it/sito/notizie/cronaca/2020/10/03/maltempo-_bb73b2fe-9153-4949-ba74-28b4ef9f858c.html;2020-10-03;2026-05-20;IT;National ANSA coverage documenting the catastrophic October 2020 flood event with multiple bridge collapses across Piemonte, Liguria and Valle d'Aosta.
SRC0164;B20.10.01;News;Montagna.TV;Alluvione in Piemonte: ponti crollati, dopo la catastrofe si contano i danni;https://www.montagna.tv/168089/alluvione-in-piemonte-dopo-la-catastrofe-si-contano-i-danni/;2020-10-05;2026-05-20;IT;Detailed post-event report listing the three confirmed bridge collapses (Sesia, Trebbia/Lenzino, Bagnasco/Tanaro) and documenting record rainfall exceeding 630 mm/24h in some locations.
SRC0165;B20.10.02;Official/Technical;Protezione Civile;Alluvione ottobre 2020 – Danni in 108 comuni del Piemonte;https://www.ansa.it/piemonte/notizie/2020/10/04/alluvione-in-piemonte-danni-in-108-comuni_3e6bad5b-29fb-4191-a5f8-637406bcc875.html;2020-10-04;2026-05-20;IT;ANSA report citing official Protezione Civile Regione Piemonte communication documenting 108 affected municipalities, active repair works and bridge collapses during the 2-3 October 2020 flood.
SRC0166;B20.10.02;News;ANSA;Maltempo Liguria e Piemonte: ponti crollati, morti e dispersi;https://www.ansa.it/sito/notizie/cronaca/2020/10/03/maltempo-_bb73b2fe-9153-4949-ba74-28b4ef9f858c.html;2020-10-03;2026-05-20;IT;National ANSA coverage documenting the catastrophic October 2020 flood event with multiple bridge collapses across Piemonte, Liguria and Valle d'Aosta.
SRC0167;B20.10.02;News;Montagna.TV;Alluvione in Piemonte: ponti crollati, dopo la catastrofe si contano i danni;https://www.montagna.tv/168089/alluvione-in-piemonte-dopo-la-catastrofe-si-contano-i-danni/;2020-10-05;2026-05-20;IT;Detailed post-event report listing the three confirmed bridge collapses (Sesia, Trebbia/Lenzino, Bagnasco/Tanaro) and documenting record rainfall exceeding 630 mm/24h in some locations.
SRC0168;B20.10.03;Official/Technical;Protezione Civile;Alluvione ottobre 2020 – Danni in 108 comuni del Piemonte;https://www.ansa.it/piemonte/notizie/2020/10/04/alluvione-in-piemonte-danni-in-108-comuni_3e6bad5b-29fb-4191-a5f8-637406bcc875.html;2020-10-04;2026-05-20;IT;ANSA report citing official Protezione Civile Regione Piemonte communication documenting 108 affected municipalities, active repair works and bridge collapses during the 2-3 October 2020 flood.
SRC0169;B20.10.03;News;ANSA;Maltempo Liguria e Piemonte: ponti crollati, morti e dispersi;https://www.ansa.it/sito/notizie/cronaca/2020/10/03/maltempo-_bb73b2fe-9153-4949-ba74-28b4ef9f858c.html;2020-10-03;2026-05-20;IT;National ANSA coverage documenting the catastrophic October 2020 flood event with multiple bridge collapses across Piemonte, Liguria and Valle d'Aosta.
SRC0170;B20.10.03;News;Montagna.TV;Alluvione in Piemonte: ponti crollati, dopo la catastrofe si contano i danni;https://www.montagna.tv/168089/alluvione-in-piemonte-dopo-la-catastrofe-si-contano-i-danni/;2020-10-05;2026-05-20;IT;Detailed post-event report listing the three confirmed bridge collapses (Sesia, Trebbia/Lenzino, Bagnasco/Tanaro) and documenting record rainfall exceeding 630 mm/24h in some locations.
SRC0171;B20.10.04;Official/Technical;Protezione Civile;Alluvione ottobre 2020 – Danni in 108 comuni del Piemonte;https://www.ansa.it/piemonte/notizie/2020/10/04/alluvione-in-piemonte-danni-in-108-comuni_3e6bad5b-29fb-4191-a5f8-637406bcc875.html;2020-10-04;2026-05-20;IT;ANSA report citing official Protezione Civile Regione Piemonte communication documenting 108 affected municipalities, active repair works and bridge collapses during the 2-3 October 2020 flood.
SRC0172;B20.10.04;News;ANSA;Maltempo Liguria e Piemonte: ponti crollati, morti e dispersi;https://www.ansa.it/sito/notizie/cronaca/2020/10/03/maltempo-_bb73b2fe-9153-4949-ba74-28b4ef9f858c.html;2020-10-03;2026-05-20;IT;National ANSA coverage documenting the catastrophic October 2020 flood event with multiple bridge collapses across Piemonte, Liguria and Valle d'Aosta.
SRC0173;B20.10.04;News;Montagna.TV;Alluvione in Piemonte: ponti crollati, dopo la catastrofe si contano i danni;https://www.montagna.tv/168089/alluvione-in-piemonte-dopo-la-catastrofe-si-contano-i-danni/;2020-10-05;2026-05-20;IT;Detailed post-event report listing the three confirmed bridge collapses (Sesia, Trebbia/Lenzino, Bagnasco/Tanaro) and documenting record rainfall exceeding 630 mm/24h in some locations.
SRC0174;B20.10.05;Official/Technical;Protezione Civile;Alluvione ottobre 2020 – Danni in 108 comuni del Piemonte;https://www.ansa.it/piemonte/notizie/2020/10/04/alluvione-in-piemonte-danni-in-108-comuni_3e6bad5b-29fb-4191-a5f8-637406bcc875.html;2020-10-04;2026-05-20;IT;ANSA report citing official Protezione Civile Regione Piemonte communication documenting 108 affected municipalities, active repair works and bridge collapses during the 2-3 October 2020 flood.
SRC0175;B20.10.05;News;ANSA;Maltempo Liguria e Piemonte: ponti crollati, morti e dispersi;https://www.ansa.it/sito/notizie/cronaca/2020/10/03/maltempo-_bb73b2fe-9153-4949-ba74-28b4ef9f858c.html;2020-10-03;2026-05-20;IT;National ANSA coverage documenting the catastrophic October 2020 flood event with multiple bridge collapses across Piemonte, Liguria and Valle d'Aosta.
SRC0176;B20.10.05;News;Montagna.TV;Alluvione in Piemonte: ponti crollati, dopo la catastrofe si contano i danni;https://www.montagna.tv/168089/alluvione-in-piemonte-dopo-la-catastrofe-si-contano-i-danni/;2020-10-05;2026-05-20;IT;Detailed post-event report listing the three confirmed bridge collapses (Sesia, Trebbia/Lenzino, Bagnasco/Tanaro) and documenting record rainfall exceeding 630 mm/24h in some locations.
SRC0177;B20.10.06;Official/Technical;Protezione Civile;Alluvione ottobre 2020 – Danni in 108 comuni del Piemonte;https://www.ansa.it/piemonte/notizie/2020/10/04/alluvione-in-piemonte-danni-in-108-comuni_3e6bad5b-29fb-4191-a5f8-637406bcc875.html;2020-10-04;2026-05-20;IT;ANSA report citing official Protezione Civile Regione Piemonte communication documenting 108 affected municipalities, active repair works and bridge collapses during the 2-3 October 2020 flood.
SRC0178;B20.10.06;News;ANSA;Maltempo Liguria e Piemonte: ponti crollati, morti e dispersi;https://www.ansa.it/sito/notizie/cronaca/2020/10/03/maltempo-_bb73b2fe-9153-4949-ba74-28b4ef9f858c.html;2020-10-03;2026-05-20;IT;National ANSA coverage documenting the catastrophic October 2020 flood event with multiple bridge collapses across Piemonte, Liguria and Valle d'Aosta.
SRC0179;B20.10.06;News;Montagna.TV;Alluvione in Piemonte: ponti crollati, dopo la catastrofe si contano i danni;https://www.montagna.tv/168089/alluvione-in-piemonte-dopo-la-catastrofe-si-contano-i-danni/;2020-10-05;2026-05-20;IT;Detailed post-event report listing the three confirmed bridge collapses (Sesia, Trebbia/Lenzino, Bagnasco/Tanaro) and documenting record rainfall exceeding 630 mm/24h in some locations.
SRC0180;B20.10.07;Official/Technical;Protezione Civile;Alluvione ottobre 2020 – Danni in 108 comuni del Piemonte;https://www.ansa.it/piemonte/notizie/2020/10/04/alluvione-in-piemonte-danni-in-108-comuni_3e6bad5b-29fb-4191-a5f8-637406bcc875.html;2020-10-04;2026-05-20;IT;ANSA report citing official Protezione Civile Regione Piemonte communication documenting 108 affected municipalities, active repair works and bridge collapses during the 2-3 October 2020 flood.
SRC0181;B20.10.07;News;ANSA;Maltempo Liguria e Piemonte: ponti crollati, morti e dispersi;https://www.ansa.it/sito/notizie/cronaca/2020/10/03/maltempo-_bb73b2fe-9153-4949-ba74-28b4ef9f858c.html;2020-10-03;2026-05-20;IT;National ANSA coverage documenting the catastrophic October 2020 flood event with multiple bridge collapses across Piemonte, Liguria and Valle d'Aosta.
SRC0182;B20.10.07;News;Montagna.TV;Alluvione in Piemonte: ponti crollati, dopo la catastrofe si contano i danni;https://www.montagna.tv/168089/alluvione-in-piemonte-dopo-la-catastrofe-si-contano-i-danni/;2020-10-05;2026-05-20;IT;Detailed post-event report listing the three confirmed bridge collapses (Sesia, Trebbia/Lenzino, Bagnasco/Tanaro) and documenting record rainfall exceeding 630 mm/24h in some locations.
SRC0183;B20.10.08;Official/Technical;Protezione Civile;Alluvione ottobre 2020 – Danni in 108 comuni del Piemonte;https://www.ansa.it/piemonte/notizie/2020/10/04/alluvione-in-piemonte-danni-in-108-comuni_3e6bad5b-29fb-4191-a5f8-637406bcc875.html;2020-10-04;2026-05-20;IT;ANSA report citing official Protezione Civile Regione Piemonte communication documenting 108 affected municipalities, active repair works and bridge collapses during the 2-3 October 2020 flood.
SRC0184;B20.10.08;News;ANSA;Maltempo Liguria e Piemonte: ponti crollati, morti e dispersi;https://www.ansa.it/sito/notizie/cronaca/2020/10/03/maltempo-_bb73b2fe-9153-4949-ba74-28b4ef9f858c.html;2020-10-03;2026-05-20;IT;National ANSA coverage documenting the catastrophic October 2020 flood event with multiple bridge collapses across Piemonte, Liguria and Valle d'Aosta.
SRC0185;B20.10.08;News;Montagna.TV;Alluvione in Piemonte: ponti crollati, dopo la catastrofe si contano i danni;https://www.montagna.tv/168089/alluvione-in-piemonte-dopo-la-catastrofe-si-contano-i-danni/;2020-10-05;2026-05-20;IT;Detailed post-event report listing the three confirmed bridge collapses (Sesia, Trebbia/Lenzino, Bagnasco/Tanaro) and documenting record rainfall exceeding 630 mm/24h in some locations.
SRC0186;B20.10.09;Official/Technical;Protezione Civile;Alluvione ottobre 2020 – Danni in 108 comuni del Piemonte;https://www.ansa.it/piemonte/notizie/2020/10/04/alluvione-in-piemonte-danni-in-108-comuni_3e6bad5b-29fb-4191-a5f8-637406bcc875.html;2020-10-04;2026-05-20;IT;ANSA report citing official Protezione Civile Regione Piemonte communication documenting 108 affected municipalities, active repair works and bridge collapses during the 2-3 October 2020 flood.
SRC0187;B20.10.09;News;ANSA;Maltempo Liguria e Piemonte: ponti crollati, morti e dispersi;https://www.ansa.it/sito/notizie/cronaca/2020/10/03/maltempo-_bb73b2fe-9153-4949-ba74-28b4ef9f858c.html;2020-10-03;2026-05-20;IT;National ANSA coverage documenting the catastrophic October 2020 flood event with multiple bridge collapses across Piemonte, Liguria and Valle d'Aosta.
SRC0188;B20.10.09;News;Montagna.TV;Alluvione in Piemonte: ponti crollati, dopo la catastrofe si contano i danni;https://www.montagna.tv/168089/alluvione-in-piemonte-dopo-la-catastrofe-si-contano-i-danni/;2020-10-05;2026-05-20;IT;Detailed post-event report listing the three confirmed bridge collapses (Sesia, Trebbia/Lenzino, Bagnasco/Tanaro) and documenting record rainfall exceeding 630 mm/24h in some locations.
SRC0189;B20.10.10;Official/Technical;Protezione Civile;Alluvione ottobre 2020 – Danni in 108 comuni del Piemonte;https://www.ansa.it/piemonte/notizie/2020/10/04/alluvione-in-piemonte-danni-in-108-comuni_3e6bad5b-29fb-4191-a5f8-637406bcc875.html;2020-10-04;2026-05-20;IT;ANSA report citing official Protezione Civile Regione Piemonte communication documenting 108 affected municipalities, active repair works and bridge collapses during the 2-3 October 2020 flood.
SRC0190;B20.10.10;News;ANSA;Maltempo Liguria e Piemonte: ponti crollati, morti e dispersi;https://www.ansa.it/sito/notizie/cronaca/2020/10/03/maltempo-_bb73b2fe-9153-4949-ba74-28b4ef9f858c.html;2020-10-03;2026-05-20;IT;National ANSA coverage documenting the catastrophic October 2020 flood event with multiple bridge collapses across Piemonte, Liguria and Valle d'Aosta.
SRC0191;B20.10.10;News;Montagna.TV;Alluvione in Piemonte: ponti crollati, dopo la catastrofe si contano i danni;https://www.montagna.tv/168089/alluvione-in-piemonte-dopo-la-catastrofe-si-contano-i-danni/;2020-10-05;2026-05-20;IT;Detailed post-event report listing the three confirmed bridge collapses (Sesia, Trebbia/Lenzino, Bagnasco/Tanaro) and documenting record rainfall exceeding 630 mm/24h in some locations.
SRC0192;B20.10.13;Official/Technical;Protezione Civile;Alluvione ottobre 2020 – Danni in 108 comuni del Piemonte;https://www.ansa.it/piemonte/notizie/2020/10/04/alluvione-in-piemonte-danni-in-108-comuni_3e6bad5b-29fb-4191-a5f8-637406bcc875.html;2020-10-04;2026-05-20;IT;ANSA report citing official Protezione Civile Regione Piemonte communication documenting 108 affected municipalities, active repair works and bridge collapses during the 2-3 October 2020 flood.
SRC0193;B20.10.13;News;ANSA;Maltempo Liguria e Piemonte: ponti crollati, morti e dispersi;https://www.ansa.it/sito/notizie/cronaca/2020/10/03/maltempo-_bb73b2fe-9153-4949-ba74-28b4ef9f858c.html;2020-10-03;2026-05-20;IT;National ANSA coverage documenting the catastrophic October 2020 flood event with multiple bridge collapses across Piemonte, Liguria and Valle d'Aosta.
SRC0194;B20.10.13;News;Montagna.TV;Alluvione in Piemonte: ponti crollati, dopo la catastrofe si contano i danni;https://www.montagna.tv/168089/alluvione-in-piemonte-dopo-la-catastrofe-si-contano-i-danni/;2020-10-05;2026-05-20;IT;Detailed post-event report listing the three confirmed bridge collapses (Sesia, Trebbia/Lenzino, Bagnasco/Tanaro) and documenting record rainfall exceeding 630 mm/24h in some locations.
SRC0195;B20.10.12;News;Il Fatto Quotidiano;Roma, crolla ponte ciclopedonale: era stato colpito da un camion;https://www.ilfattoquotidiano.it/2020/10/08/roma-crolla-ponte-ciclopedonale-era-stato-colpito-da-un-camion-le-immagini/5959090/;2020-10-08;2026-05-20;IT;National coverage documenting collapse of the Via Laurentina wooden cycle-pedestrian bridge caused by crane truck impact during manoeuvre.
SRC0196;B20.10.12;Official/Technical;Roma Capitale;Ponte ciclo-pedonale via Laurentina, iniziata manutenzione dopo il crollo del 2020;https://www.comune.roma.it/web/it/notizia/ponte-ciclo-pedonale-via-laurentina-iniziata-manutenzione.page;2021-07-14;2026-05-20;IT;Official Roma Capitale communication confirming the October 2020 collapse caused by truck impact and documenting the restoration works and span reinstallation programme.
SRC0197;B20.10.12;News;AGI;È crollato il ponte della pista ciclabile su via Laurentina;https://www.agi.it/cronaca/news/2020-10-08/crolla-ponte-su-pista-ciclabile-roma-via-laurentina-9891252/;2020-10-08;2026-05-20;IT;National news agency report documenting the collapse caused by crane truck impact and confirming no injuries as the bridge was unoccupied at the time.
SRC0198;B20.11.01;News;Quotidiano Piemontese;Cede un ponte a Pallanzeno, camion rimane in bilico sul canale;https://www.quotidianopiemontese.it/2020/11/07/cede-un-ponte-a-pallanzeno-camion-rimane-in-bilico-sul-canale/;2020-11-06;2026-05-20;IT;Regional news report documenting the overload-triggered collapse of the bridge over the Enel canal and the subsequent emergency response with the truck suspended overnight.
SRC0199;B20.11.01;News;La Repubblica;Pallanzeno, cede il ponte e il camion rimane incastrato tra le sponde del rio;https://torino.repubblica.it/cronaca/2020/11/06/news/pallanzeno_cede_il_ponte_e_il_camion_rimane_incastrate_tra_le_sponde_del_rio-273381335/;2023-12-24;2026-05-20;IT;La Repubblica doc
SRC0200;B20.11.01;News;La Stampa;Pallanzeno, il ponte ceduto con il peso del camion;https://www.lastampa.it/verbano-cusio-ossola/2020/11/06/fotogalleria/pallanzeo-il-ponte-ceduto-con-il-peso-del-camion-1.39508297/;2020-11-06;2026-05-20;IT;La Stampa doc
SRC0201;B20.11.03;News;ANSA;Maltempo: crolla ponte nel crotonese, nessun ferito;https://www.ansa.it/calabria/notizie/2020/11/22/-maltempo-crolla-ponte-nel-crotonese-nessun-ferito-_cd03d641-25b8-466f-8cb0-950fa4a8bce2.html;2020-11-22;2026-05-20;IT;ANSA Calabria direct report confirming total collapse of the bridge over the Iornito stream at Melissa (Crotone) following heavy rainfall on 22 November 2020.
SRC0202;B20.11.02;News;Il Crotonese;Maltempo, statale 106 chiusa all’altezza del ponte sul fiume Neto;https://www.ilcrotonese.it/2020/11/22/maltempo-statale-106-chiusa-allaltezza-del-ponte-sul-fiume-neto/1239349/;2020-11-22;2026-05-20;IT;Precautional close for a PC in Crotone
SRC0203;B20.11.04;News;Il Fatto Quotidiano;Maltempo in Sardegna, il fiume in piena abbatte un ponte nel Nuorese;https://www.ilfattoquotidiano.it/2020/11/28/maltempo-in-sardegna-il-fiume-in-piena-abbatte-un-ponte-nel-nuorese-le-immagini/6020003/;2020-11-28;2026-05-20;IT;Il Fatto Quotidiano news
SRC0204;B20.12.01;News;ANSA;Cede struttura ponte danneggiato dalla piena del Panaro;https://www.ansa.it/emiliaromagna/notizie/2020/12/24/cede-struttura-ponte-danneggiato-dalla-piena-del-panaro_863f243e-5e25-44ba-a83b-83a041106a2c.html;2020-12-06;2026-05-20;IT;Ansa official news
SRC0205;B20.12.02;News;Sky TG24;Maltempo, crolla un ponte su un torrente in Veneto: nessun ferito;https://www.tgcom24.mediaset.it/cronaca/veneto/maltempo-crolla-un-ponte-su-un-torrente-in-veneto-nessun-ferito_26274763-202002a.shtml;2020-12-06;2026-05-20;IT;Local press coverage documenting the hydraulic bridge collapse event.
SRC0206;B20.12.03;News;Corriere del Veneto;Maltempo, i volontari sopravvissuti al crollo del ponte sul Mis;https://corrieredelveneto.corriere.it/belluno/cronaca/20_dicembre_08/maltempo-volontari-sopravvissuti-crollo-ponte-mis-buio-acqua-stato-tutto-veloce-7b5d5b2c-393d-11eb-bacf-c338cbac7a85.shtml;2020-12-06;2026-05-20;IT;Local press coverage documenting the hydraulic bridge collapse event.
SRC0207;B20.04.02;Scientific;Journal Paper;Bridge collapses in Italy across the 21st century: survey and statistical analysis;https://doi.org/10.1080/15732479.2025.2483500;2025-01-01;2026-05-20;EN;Peer-reviewed paper including the Albiano Magra collapse in its systematic survey of Italian bridge failures.
SRC0208;B20.04.01;Scientific;Journal Paper;Bridge collapses in Italy across the 21st century: survey and statistical analysis;https://doi.org/10.1080/15732479.2025.2483500;2025-01-01;2026-05-20;EN;Peer-reviewed paper including the Gonessa overload collapse in its systematic survey of Italian bridge failures in the 21st century.
SRC0209;B20.05.01;News;Rai News;Crollato il viadotto sul fiume Paglia, i piloni gravemente dissestati;https://www.rainews.it/tgr/toscana/video/2020/03/tos-crollo-viadotto-puglia-radicofani-abbadia-san-salvatore-c30b3260-d822-415f-833a-892e3e5abcd8.html;2020-05-02;2026-05-20;IT;Rai News doc
SRC0210;B20.05.01;News;Today;Crolla il viadotto sul fiume Paglia: era chiuso per controlli;https://www.today.it/rassegna/viadotto-paglia.html;2020-05-02;2026-05-20;IT;Today rassegna news
SRC0211;B20.09.01;Scientific;Journal Paper;Bridge collapses in Italy across the 21st century: survey and statistical analysis;https://doi.org/10.1080/15732479.2025.2483500;2025-01-01;2026-05-20;EN;Peer-reviewed paper including the Santa Maria di Galeria overload collapse in its systematic survey of Italian bridge failures.
SRC0212;B20.11.02;News;LaC News24;Maltempo Crotone, cronaca di un disastro: crollato ponte a Melissa;https://www.lacnews24.it/cronaca/maltempo-nel-crotonese-e-ancora-allerta-quello-che-accade-ora-per-ora-livevideo_127491/;2020-11-22;2026-05-20;IT;Regional Calabrian live coverage of the November 2020 Crotone flood event, explicitly reporting the bridge collapse at Melissa and the broader hydraulic emergency in the area.
SRC0213;B20.11.02;Scientific;Journal Paper;Bridge collapses in Italy across the 21st century: survey and statistical analysis;https://doi.org/10.1080/15732479.2025.2483500;2025-01-01;2026-05-20;EN;Peer-reviewed paper including this collapse in its systematic survey of Italian bridge failures in the 21st century.
SRC0214;B20.11.03;News;ANSA;Maltempo: crolla ponte nel crotonese, nessun ferito;https://www.ansa.it/sito/notizie/cronaca/2020/11/22/maltempo-crolla-ponte-nel-crotonese-nessun-ferito_488d826d-a0ff-4b83-a34f-006d02f81efa.html;2020-11-22;2026-05-20;IT;ANSA national coverage confirming total collapse of the bridge over the Iornito stream at Melissa (Crotone) caused by heavy rainfall on 22 November 2020.
SRC0215;B20.11.03;Scientific;Journal Paper;Bridge collapses in Italy across the 21st century: survey and statistical analysis;https://doi.org/10.1080/15732479.2025.2483500;2025-01-01;2026-05-20;EN;Peer-reviewed paper including this collapse in its systematic survey of Italian bridge failures in the 21st century.
SRC0216;B20.11.04;News;L'Unione Sarda;Alluvione di Bitti, la Procura apre un'inchiesta per disastro colposo;https://www.unionesarda.it/articolo/news-sardegna/nuoro-provincia/2020/11/30/alluvione-di-bitti-aperta-un-inchiesta-per-disastro-colposo-136-1088727.html;2020-11-30;2026-05-20;IT;Regional Sardinian news report documenting the November 2020 Bitti flood disaster during which multiple bridges were damaged or destroyed, and confirming judicial investigation opened for culpable collapse.
SRC0217;B20.11.04;Scientific;Journal Paper;Bridge collapses in Italy across the 21st century: survey and statistical analysis;https://doi.org/10.1080/15732479.2025.2483500;2025-01-01;2026-05-20;EN;Peer-reviewed paper including this collapse in its systematic survey of Italian bridge failures in the 21st century.
SRC0218;B20.12.01;News;Gazzetta di Modena;Emergenza fiumi: cede l'argine del Panaro, Ponte Samone a rischio crollo;https://www.gazzettadimodena.it/modena/cronaca/2020/12/06/news/emergenza-fiumi-cede-l-argine-del-panaro-in-zona-gaggio-evacuate-diverse-abitazioni-tra-gaggio-e-nonantola-1.39626661;2020-12-06;2026-05-20;IT;Local Modena newspaper documenting the December 2020 Panaro river flood event, pillar collapse at Ponte Samone and emergency closure of the SP26.
SRC0219;B20.12.01;Scientific;Journal Paper;Bridge collapses in Italy across the 21st century: survey and statistical analysis;https://doi.org/10.1080/15732479.2025.2483500;2025-01-01;2026-05-20;EN;Peer-reviewed paper including this collapse in its systematic survey of Italian bridge failures in the 21st century.
SRC0220;B20.12.02;News;La Repubblica;Crolla il ponte, precipita mezzo dei Vigili del fuoco: come ci siamo salvati a Gosaldo;https://www.repubblica.it/cronaca/2020/12/06/video/maltempo_belluno_crolla_un_ponte_pedonale_a_gosaldo_e_il_secondo_nella_zona-422489706/;2020-12-09;2026-05-20;IT;La Repubblica video documentation
SRC0221;B20.12.02;Scientific;Journal Paper;Bridge collapses in Italy across the 21st century: survey and statistical analysis;https://doi.org/10.1080/15732479.2025.2483500;2025-01-01;2026-05-20;EN;Peer-reviewed paper including this collapse in its systematic survey of Italian bridge failures in the 21st century.
SRC0222;B20.12.03;News;Corriere delle Alpi;Danni del meteo: Corde Mole e Ren presto sistemati. Due ponti crollati a Gosaldo;https://www.corrierealpi.it/belluno/acquedotto-volante-e-protesta-a-gosaldo-cuufa6nz;2021-10-06;2026-05-20;IT;Follow-up article confirming that both bridges (cycle-pedestrian and municipal) collapsed at Gosaldo in December 2020 and documenting the ongoing reconstruction situation.
SRC0223;B20.12.03;Scientific;Journal Paper;Bridge collapses in Italy across the 21st century: survey and statistical analysis;https://doi.org/10.1080/15732479.2025.2483500;2025-01-01;2026-05-20;EN;Peer-reviewed paper including this collapse in its systematic survey of Italian bridge failures in the 21st century.
SRC0224;B19.03.01;Official/Technical;Provincia di Como;Ordinanza chiusura SP 32 Novedratese - Ponte Carimate via dei Giovi;https://www.ciaocomo.it/2019/03/18/ponte-danneggiato-da-un-camion-novedratese-chiusa-per-almeno-tre-mesi/173696/;2019-03-18;2026-05-20;IT;Report including full text of the official Provincial closure ordinance confirming the SP32 bridge was severely damaged by an oversized vehicle and required demolition and full reconstruction.
SRC0225;B19.03.01;News;QuiComo;A rischio crollo il ponte danneggiato dal tir a Carimate: Novedratese chiusa per 3 mesi;https://www.quicomo.it/guida/viabilita/novedratese-chiusa-ponte-danneggiato-carimate.html;2019-03-18;2026-05-20;IT;Local news report documenting the truck impact event, structural damage assessment confirming severing of rebar in all RC beams, and 3-month closure of the SP 32 Novedratese.
SRC0226;B19.03.01;News;Il Giorno;Carimate, danni al ponte: Novedratese chiusa per tre mesi;https://www.ilgiorno.it/como/cronaca/ponte-novedratese-fdb265bf;2019-03-19;2026-05-20;IT;Regional newspaper report describing the impact event in detail and quoting local mayors on the severe traffic consequences of the closure for the Canturino and Brianza areas.
SRC0227;B19.08.01;News;Corriere della Calabria;Cede un ponte appena inaugurato, isolate 3 famiglie a Cropani;https://www.corrieredellacalabria.it/2019/08/30/cede-un-ponte-appena-inaugurato-isolate-3-famiglie-a-cropani-video/;2019-08-30;2026-05-20;IT;Calabrian regional news outlet archive page referencing residents of Cropani having filed complaints about a viaduct on the SS106 before its collapse in August 2019.
SRC0228;B19.08.01;Scientific;Journal Paper;Bridge collapses in Italy across the 21st century: survey and statistical analysis;https://doi.org/10.1080/15732479.2025.2483500;2025-01-01;2026-05-20;EN;"Peer-reviewed paper including the Cropani SS106 collapse in its systematic survey of Italian bridge failures; confirms Design and Construction as cause category."
SRC0229;B19.08.01;News;Rai News;Crollo del ponte di Cropani: cinque persone a giudizio;https://www.rainews.it/tgr/calabria/articoli/2022/12/crollo-del-ponte-di-cropani-cinque-persone-a-giudizio-51d2b724-3b28-4ae8-bb70-eb8595ccf6f8.html;2022-12-09;2026-05-20;IT;Rai News doc
SRC0230;B19.10.01;Official/Technical;ARPA Piemonte;Rapporto evento idrometerologico 19-24 ottobre 2019 – Parte II;https://www.arpa.piemonte.it/sites/default/files/media/2024-05/Rapporto%20evento%2019-24%20ottobre%202019%20parteII.pdf;2019-10-23;2026-05-20;IT;Official ARPA Piemonte technical report documenting the October 2019 flood event, explicitly confirming the collapse of the SP155 bridge over the Rio Albedosa at Capriata d'Orba and describing the hydraulic conditions and the one fatality.
SRC0231;B19.10.01;News;Torino Today / ANSA;Alluvione nell'Alessandrino: morto autista Fabrizio Torre a Capriata d'Orba, crollato ponte;https://www.torinotoday.it/cronaca/alluvione-alessandrino-morto-capriata-orba.html;2019-10-22;2026-05-20;IT;News report confirming total collapse of the SP155 bridge over the Rio Albedosa and documenting the one fatality: Fabrizio Torre, 52, from Sale, whose vehicle was swept away.
SRC0232;B19.10.01;News;Il Piccolo / Giornale7;È crollato il ponte sull'Albedosa SP155 tra Pratalborato e Capriata d'Orba;https://www.giornale7.it/capriata-dorba-riaperta-a-febbraio-la-provinciale-155-novi-ovada/;2019-10-22;2026-05-20;IT;Local news confirming collapse of the SP155 bridge over the Albedosa during the October 2019 Alessandrino flood and documenting the extended closure and provisional bridge construction.
SRC0233;B19.11.01;Official/Technical;Autostrada dei Fiori;Viadotto Madonna del Monte A6: comunicato ufficiale del crollo e ricostruzione;https://www.autostradadeifiori.it/autostrada-dei-fiori-viadotto-madonna-del-monte/;2019-11-24;2026-05-20;IT;Official concessionaire statement documenting the landslide event, extent of structural damage (20-40 metres of deck destroyed), emergency measures and reconstruction timeline.
SRC0234;B19.11.01;News;ANSA;Inaugurato viadotto sull'A6 crollato per una frana, ricostruito in 88 giorni;https://www.ansa.it/canale_motori/notizie/attualita/2020/02/21/inaugurato-viadotto-sulla6-crollato-per-una-frana_f635e9ce-d855-4bdd-9094-a7c8c1500557.html;2020-02-21;2026-05-20;IT;ANSA report on reopening of the rebuilt viadotto, confirming the 24 November 2019 collapse caused by a 15,000 m³ landslide and recounting the narrow escape thanks to security guard Daniele Cassol.
SRC0235;B19.11.01;News;Savona News;24 novembre 2019, un anno dal crollo del viadotto dell'A6 Torino-Savona;https://www.savonanews.it/2020/11/24/leggi-notizia/argomenti/cronaca-2/articolo/24-novembre-2019-un-anno-dal-crollo-del-viadotto-della6-torino-savona-1.html;2020-11-24;2026-05-20;IT;Anniversary article documenting the collapse in full detail: landslide origin, structural damage, near-miss with the bus, and the rapid reconstruction completed in less than 3 months.
SRC0236;B19.12.01;News;Il Mattino;Castellammare, crolla un ponte sul fiume Sarno e blocca tutta l'acqua;https://www.ilmattino.it/napoli/cronaca/maltempo_fiume_crollo_ponte_sarno_castellammare-4940780.html;2019-12-21;2026-05-20;IT;National daily report documenting the hydraulic collapse of the pedestrian bridge over the Sarno in via Ripuaria, Castellammare di Stabia, and the risk of debris damming the river.
SRC0237;B19.12.01;News;Positano News;Castellammare di Stabia. Il Sarno straripa e abbatte un ponte;https://www.positanonews.it/2019/12/castellammare-stabia-sarno-straripa-abbatte-un-ponte/3350719/;2019-12-21;2026-05-20;IT;Local Campania news report confirming Sarno river overflow during severe rainfall, collapse of the via Ripuaria pedestrian bridge, and isolation of nearby residents.
SRC0238;B18.01.01;News;Il Giorno;"Inferno sull'A21, il rogo ha ""sciolto"" anche il cavalcavia: a rischio demolizione";https://www.ilgiorno.it/brescia/cronaca/incidente-a21-ce62ae3e;2018-01-07;2026-05-20;IT;Regional news report documenting the structural damage to the SP24 overpass caused by the tanker fire, confirming temperatures of 600°C and calling for demolition after failed carotage tests.
SRC0239;B18.01.01;News;BresciaToday;Montirone: l'incendio e la tragedia, inaugurato il nuovo cavalcavia sulla A21;https://www.bresciatoday.it/motori/news/montirone-poncarale-cavalcavia-a21.html;2019-08-28;2026-05-20;IT;Report documenting the September 2019 reopening of the rebuilt overpass, recounting the January 2018 tanker fire event and confirming the bridge was irreparably damaged and required full reconstruction.
SRC0240;B18.01.01;News;La Provincia di Cremona;Strage in A21, il nuovo ponte in una notte;https://www.laprovinciacr.it/news/cronaca/226284/strage-in-a21-il-nuovo-ponte-in-una-notte.html;2019-07-12;2026-05-20;IT;News article documenting the April 2018 demolition of the fire-damaged overpass, confirming the decision was taken jointly with the Ministry of Infrastructure after structural surveys.
SRC0241;B18.02.01;Scientific;Journal Paper;Bridge collapses in Italy across the 21st century: survey and statistical analysis;https://doi.org/10.1080/15732479.2025.2483500;2025-01-01;2026-05-20;EN;Peer-reviewed paper including this hydraulic collapse in its systematic survey of Italian bridge failures in the 21st century.
SRC0242;B18.02.01;News;Sestopotere;Forlì, crolla la passerella sul Montone al Parco urbano;https://sestopotere.com/forli-crolla-la-passerella-sul-montone-al-parco-urbano-pompignoli-la-regione-non-ha-ripulito-i-fiumi/;2023-12-04;2026-05-20;IT;Local Forlì news report (Dec 2023 collapse) documenting the recurring structural vulnerability of the cycle-pedestrian bridge over the Montone, providing context for the earlier February 2018 hydraulic collapse.
SRC0243;B18.02.01;News;Corriere Romagna;Forlì, passerella del parco urbano: nuovo rinvio a primavera;https://www.corriereromagna.it/forli/forli-passerella-del-parco-urbano-nuovo-rinvio-a-primavera-ED1720170;2025-11-02;2026-05-20;IT;Official Emilia-Romagna civil protection report documenting the recurring hydraulic vulnerability of the Montone river infrastructure, contextualising the February 2018 bridge collapse.
SRC0244;B18.02.02;Scientific;Journal Paper;Bridge collapses in Italy across the 21st century: survey and statistical analysis;https://doi.org/10.1080/15732479.2025.2483500;2025-01-01;2026-05-20;EN;Peer-reviewed paper including this hydraulic collapse in its systematic survey of Italian bridge failures in the 21st century.
SRC0245;B18.02.02;News;Giornale di Sicilia;Maltempo in Sicilia, viabilità in ginocchio: strade chiuse nel Trapanese;https://gds.it/articoli/cronaca/2018/11/05/maltempo-in-sicilia-viabilita-in-ginocchio-la-mappa-delle-linee-ferroviarie-e-delle-strade-chiuse-510248fc-f36b-46bc-a0a6-961a4da9b554/;2018-11-05;2026-05-20;IT;Regional Sicilian news coverage of November 2018 flood event in the Trapani province, contextualising the February 2018 hydraulic event near Salemi that caused the Mazaro bridge collapse.
SRC0246;B18.10.01;News;ANSA;Maltempo: 4 persone soccorse in Sardegna, famiglia bloccata a Uta;https://www.ansa.it/sardegna/notizie/2018/10/10/maltempo-4-persone-soccorse-in-sardegna_f9d7a9bb-d0e5-4a07-a277-58479f00cfd0.html;2018-10-10;2026-05-20;IT;ANSA Sardinia report confirming family rescue at Uta during the 10 October 2018 flood event, contextualising the Rio Coccodi bridge collapse in the same municipality.
SRC0247;B18.10.01;Scientific;Journal Paper;Bridge collapses in Italy across the 21st century: survey and statistical analysis;https://doi.org/10.1080/15732479.2025.2483500;2025-01-01;2026-05-20;EN;Peer-reviewed paper including this hydraulic collapse in its systematic survey of Italian bridge failures.
SRC0248;B18.10.01;News;ANSA;Maltempo, Sardegna: voragine sulla statale 195, crolla ponte Capoterra, Uta isolata;https://www.ansa.it/sito/notizie/cronaca/2018/10/10/maltempo-allerta-meteo-rossa-sulla-sardegna-arancione-in-liguria_bc4158a3-52a2-468f-965b-b7e82f06b185.html;2018-10-10;2026-05-20;IT;ANSA national report documenting the 10 October 2018 Sardinia flood with red alert, confirming evacuations at Uta, bridge collapse at Capoterra and widespread infrastructure damage in the Cagliari hinterland.
SRC0249;B18.10.02;News;Il Fatto Quotidiano;Sardegna, esonda il rio Santa Lucia: crolla ponte sulla statale 195 Cagliari-Capoterra;https://www.ilfattoquotidiano.it/2018/10/10/sardegna-esonda-il-rio-santa-lucia-crolla-ponte-sulla-statale-195-cagliari-capoterra/4683820/;2018-10-10;2026-05-20;IT;National news report confirming total collapse of the SS195 bridge over the Rio Santa Lucia near Capoterra following river overflow during 250mm/24h rainfall event.
SRC0250;B18.10.02;News;TPI;Sardegna: crollato un ponte sulla statale Cagliari-Capoterra;https://www.tpi.it/news/sardegna-crollo-ponte-20181010182247/;2018-10-10;2026-05-20;IT;National news report documenting the SS195 bridge collapse at 17:30 on 10 October 2018, caused by the Rio Santa Lucia overflow, and confirming the road had been pre-emptively closed by ANAS.
SRC0251;B18.10.02;Official/Technical;ANSA;Maltempo, Cagliari: crolla ponte sulla SS195 Cagliari-Capoterra;https://www.ansa.it/sardegna/notizie/2018/10/10/maltempo-crolla-ponte-su-statale-195_3c18ecc8-3c4e-48ea-9b2d-7b75c5c0d88d.html;2018-10-10;2026-05-20;IT;ANSA Sardinia report confirming total collapse of the SS195 bridge over the Rio Santa Lucia near Capoterra on 10 October 2018 and documenting ANAS closure management.
SRC0252;B18.10.03;News;Geopop;Tempesta Vaia 2018: analisi dell'evento estremo e danni a infrastrutture;https://www.geopop.it/tempesta-vaia-il-ciclone-che-devasto-litalia-nel-2018-lanalisi-meteorologica-di-un-evento-estremo/;2026-01-28;2026-05-20;IT;Detailed meteorological analysis of Tempesta Vaia documenting multiple bridge collapses, road interruptions and infrastructure damage across northeastern Italy during the 28-30 October 2018 peak.
SRC0253;B18.10.03;News;L'Adige;Quattro anni fa la tempesta Vaia, ponti danneggiati e devastazioni in Trentino;https://www.ladige.it/montagna/2022/10/28/quattro-anni-fa-le-devastazioni-di-vaia-ora-l-allarme-per-il-bostrico-che-minaccia-le-foreste-1.3344088;2022-10-28;2026-05-20;IT;Anniversary article documenting the infrastructure damage caused by Tempesta Vaia in Trentino, including bridge collapses in the Val di Fiemme and Val di Fassa areas.
SRC0254;B18.10.04;News;Geopop;Tempesta Vaia 2018: analisi dell'evento estremo e danni a infrastrutture;https://www.geopop.it/tempesta-vaia-il-ciclone-che-devasto-litalia-nel-2018-lanalisi-meteorologica-di-un-evento-estremo/;2026-01-28;2026-05-20;IT;Detailed meteorological analysis of Tempesta Vaia documenting multiple bridge collapses, road interruptions and infrastructure damage across northeastern Italy during the 28-30 October 2018 peak.
SRC0255;B18.10.04;News;L'Adige;Quattro anni fa la tempesta Vaia, ponti danneggiati e devastazioni in Trentino;https://www.ladige.it/montagna/2022/10/28/quattro-anni-fa-le-devastazioni-di-vaia-ora-l-allarme-per-il-bostrico-che-minaccia-le-foreste-1.3344088;2022-10-28;2026-05-20;IT;Anniversary article documenting the infrastructure damage caused by Tempesta Vaia in Trentino, including bridge collapses in the Val di Fiemme and Val di Fassa areas.
SRC0256;B18.10.05;News;Il Gazzettino;Crolla un ponte a Comeglians. L'Alta Val Degano resta isolata;https://www.ilgazzettino.it/nordest/pordenone/crolla_ponte_comeglians_val_degano_isolata-4073813.html;2018-10-30;2026-05-20;IT;Regional Friuli newspaper coverage of Tempesta Vaia damage in Carnia, confirming bridge collapse over the Degano stream near Comeglians and isolation of multiple mountain communities.
SRC0257;B18.10.05;News;Geopop;Tempesta Vaia 2018: analisi dell'evento estremo e danni a infrastrutture;https://www.geopop.it/tempesta-vaia-il-ciclone-che-devasto-litalia-nel-2018-lanalisi-meteorologica-di-un-evento-estremo/;2026-01-28;2026-05-20;IT;Detailed meteorological analysis of Tempesta Vaia documenting multiple bridge collapses, road interruptions and infrastructure damage across northeastern Italy during the 28-30 October 2018 peak.
SRC0258;B18.10.05;News;L'Adige;Quattro anni fa la tempesta Vaia, ponti danneggiati e devastazioni in Trentino;https://www.ladige.it/montagna/2022/10/28/quattro-anni-fa-le-devastazioni-di-vaia-ora-l-allarme-per-il-bostrico-che-minaccia-le-foreste-1.3344088;2022-10-28;2026-05-20;IT;Anniversary article documenting the infrastructure damage caused by Tempesta Vaia in Trentino, including bridge collapses in the Val di Fiemme and Val di Fassa areas.
SRC0259;B18.10.06;Official/Technical;La Provincia di Cremona;Crollato il ponte pedonale di Pizzighettone sull'Adda: a cedere i piloni centrali;https://www.laprovinciacr.it/news/cronaca/208128/crollato-il-ponte-pedonale-sull-adda.html;2018-10-30;2026-05-20;IT;Local news report confirming total collapse of the cycle-pedestrian bridge over the Adda river at Pizzighettone on 30 October 2018 at 8:35, caused by floodwater pressure and floating debris accumulation.
SRC0260;B18.10.06;News;Geopop;Tempesta Vaia 2018: analisi dell'evento estremo e danni a infrastrutture;https://www.geopop.it/tempesta-vaia-il-ciclone-che-devasto-litalia-nel-2018-lanalisi-meteorologica-di-un-evento-estremo/;2026-01-28;2026-05-20;IT;Detailed meteorological analysis of Tempesta Vaia documenting multiple bridge collapses, road interruptions and infrastructure damage across northeastern Italy during the 28-30 October 2018 peak.
SRC0261;B18.10.06;News;L'Adige;Quattro anni fa la tempesta Vaia, ponti danneggiati e devastazioni in Trentino;https://www.ladige.it/montagna/2022/10/28/quattro-anni-fa-le-devastazioni-di-vaia-ora-l-allarme-per-il-bostrico-che-minaccia-le-foreste-1.3344088;2022-10-28;2026-05-20;IT;Anniversary article documenting the infrastructure damage caused by Tempesta Vaia in Trentino, including bridge collapses in the Val di Fiemme and Val di Fassa areas.
SRC0262;B18.10.07;News;Geopop;Tempesta Vaia 2018: analisi dell'evento estremo e danni a infrastrutture;https://www.geopop.it/tempesta-vaia-il-ciclone-che-devasto-litalia-nel-2018-lanalisi-meteorologica-di-un-evento-estremo/;2026-01-28;2026-05-20;IT;Detailed meteorological analysis of Tempesta Vaia documenting multiple bridge collapses, road interruptions and infrastructure damage across northeastern Italy during the 28-30 October 2018 peak.
SRC0263;B18.10.07;News;L'Adige;Quattro anni fa la tempesta Vaia, ponti danneggiati e devastazioni in Trentino;https://www.ladige.it/montagna/2022/10/28/quattro-anni-fa-le-devastazioni-di-vaia-ora-l-allarme-per-il-bostrico-che-minaccia-le-foreste-1.3344088;2022-10-28;2026-05-20;IT;Anniversary article documenting the infrastructure damage caused by Tempesta Vaia in Trentino, including bridge collapses in the Val di Fiemme and Val di Fassa areas.
SRC0264;B17.01.01;News;LaC News24;Il ponte Allaro nella Locride riapre a cinque anni dal crollo;https://www.lacnews24.it/economia-e-lavoro/il-ponte-allaro-nella-locride-riapre-a-cinque-anni-dal-crollo-il-video-x4ckoua0;2020-12-22;2026-05-20;IT;Regional news report documenting the December 2020 reopening of the rebuilt Ponte Allaro, confirming the five-year history of closures starting from the 2015 flood and 2017 partial collapse.
SRC0265;B17.01.01;News;StrettoWeb;Alluvione Calabria 23 gennaio 2017: crolla ponte sull'Allaro, SS106 chiusa;https://www.strettoweb.com/2017/01/allerta-meteo-alluvione-in-calabria-crolli-inondazioni-e-rapide-evacuazioni-in-atto-sara-una-notte-da-incubo-live/505072/;2017-01-23;2026-05-20;IT;Live coverage of the January 2017 Calabria flood event, confirming the collapse of two spans of the Ponte Allaro on SS106 near Caulonia during overnight flooding.
SRC0266;B17.03.01;News;Il Sole 24 ORE;Crolla un ponte sulla A14: morti marito e moglie, tre feriti;https://www.ilsole24ore.com/art/crolla-ponte-a14-morti-marito-e-moglie-tre-feriti-AEt4Lxk;2017-03-09;2026-05-20;IT;National financial and news daily breaking coverage of the A14 bridge collapse, confirming 2 deaths and 3 injuries, the circumstances of the lifting operation, and the MIT inspection commission.
SRC0267;B17.03.01;News;AnconaToday;Ponte crollato A14: chieste 18 persone e 4 società a processo;https://www.anconatoday.it/cronaca/crollo-ponte-a14-processo-indagini.html;2019-08-23;2026-05-20;IT;Local news report documenting the judicial proceedings, confirming that 18 individuals and 4 companies (Autostrade, Spea, Pavimental, Delabech) were charged with culpable homicide and culpable collapse.
SRC0268;B17.04.01;News;ANSA;Cavalcavia crolla su auto dei carabinieri, illesi: vizi costruttivi ipotesi causa;https://www.ansa.it/piemonte/notizie/2017/04/18/cavalcavia-crolla-su-auto-cc-illesi_c8904e16-6a77-4384-8dd6-b1ae2ff29104.html;2017-04-18;2026-05-20;IT;ANSA Piemonte report confirming collapse of the Fossano ring road ramp onto a Carabinieri vehicle, officers unharmed, ANAS commission established and initial hypothesis of construction defects.
SRC0269;B17.04.01;News;Quotidiano.net;Cuneo, rampa di un viadotto crolla sull'auto dei carabinieri: vivi per miracolo;https://www.quotidiano.net/cronaca/cavalcavia-crollato-fossano-7be6a231;2017-04-18;2026-05-20;IT;National news report documenting the miraculous escape of the two Carabinieri officers who heard structural creaking and evacuated seconds before the collapse of the Fossano ring road ramp.
SRC0270;B17.04.01;News;Sky TG24;Crollo cavalcavia Fossano, avvisi di garanzia per otto persone;https://tg24.sky.it/cronaca/2017/05/17/crollo-cavalcavia-fossano-avvisi-garanzia-indagati;2017-05-17;2026-05-20;IT;National TV news report confirming eight people placed under investigation by the Procura di Cuneo for culpable collapse following the Fossano ring road ramp failure.
SRC0271;B17.06.01;Scientific;Journal Paper;Bridge collapses in Italy across the 21st century: survey and statistical analysis;https://doi.org/10.1080/15732479.2025.2483500;2025-01-01;2026-05-20;EN;Peer-reviewed paper including this hydraulic collapse in its systematic survey of Italian bridge failures in the 21st century.
SRC0272;B17.06.01;News;TorinoToday;Cedimento strutturale: è crollato lo storico ponte di Strambino;https://www.torinotoday.it/cronaca/crollo-ponte-chiusella-strambino.html;2017-06-15;2026-05-20;IT;Regional news coverage of the June 2017 Piemonte flood event, documenting the Chiusella stream overflow and related infrastructure damage in the Strambino area.
SRC0273;B17.06.01;News;La Sentinella;Strambino, crollato il ponte di Cerone;https://lasentinella.gelocal.it/ivrea/cronaca/2017/06/15/news/strambino-crollato-il-ponte-di-cerone-1.15493029;2017-06-15;2026-05-20;IT;La sentinella news
SRC0274;B17.09.01;Official/Technical;CNR-IRPI;Alluvione a Livorno 10 settembre 2017 – evento e danni;https://polaris.irpi.cnr.it/event/alluvione-livorno/;2017-10-09;2026-05-20;IT;CNR-IRPI official event summary documenting the 10 September 2017 Livorno flash flood, listing bridge collapses including the Chioma mouth bridge and the Limoncino Rio Maggiore bridge.
SRC0275;B17.09.01;Official/Technical;Regione Toscana;Alluvione Livorno: ricostruzione ponti crollati sul Rio Maggiore e Chioma;https://www.toscana-notizie.it/-/alluvione-livorno-in-fase-di-ultimazione-la-ricostruzione-dei-ponti-crollat;2017-10-09;2026-05-20;IT;Official Regione Toscana communication documenting the reconstruction of the collapsed bridges on the Rio Maggiore (Limoncino) and at the Chioma mouth after the September 2017 Livorno flood.
SRC0276;B17.09.02;Official/Technical;CNR-IRPI;Alluvione a Livorno 10 settembre 2017 – evento e danni;https://polaris.irpi.cnr.it/event/alluvione-livorno/;2017-10-09;2026-05-20;IT;CNR-IRPI official event summary documenting the 10 September 2017 Livorno flash flood, listing bridge collapses including the Chioma mouth bridge and the Limoncino Rio Maggiore bridge.
SRC0277;B17.09.02;Official/Technical;Regione Toscana;Alluvione Livorno: ricostruzione ponti crollati sul Rio Maggiore e Chioma;https://www.toscana-notizie.it/-/alluvione-livorno-in-fase-di-ultimazione-la-ricostruzione-dei-ponti-crollat;2017-10-09;2026-05-20;IT;Official Regione Toscana communication documenting the reconstruction of the collapsed bridges on the Rio Maggiore (Limoncino) and at the Chioma mouth after the September 2017 Livorno flood.
SRC0278;B17.12.01;News;LaC News24;Crolla il ponte sul fiume Lao tra Laino Castello e Papasidero;https://www.lacnews24.it/cronaca/crolla-ponte-sul-fiume-lao-tra-laino-castello-e-papasidero_37373/;2017-12-07;2026-05-20;IT;Regional Calabrian news report documenting the 7 December 2017 collapse of the Ponte Stefano Gioia (timber glulam, 2000) over the Lao river, confirmed closed since October 2017 due to structural deterioration.
SRC0279;B17.12.01;News;QuiCosenza;Crolla il ponte sul fiume Lao: inaugurato in pompa magna nel 2000, doveva durare 30 anni;https://www.quicosenza.it/news/provincia/191134-crolla-il-ponte-sul-fiume-lao-inaugurato-in-pompa-magna-nel-2000-doveva-durare-30-anni;2017-12-10;2026-05-20;IT;Local Cosenza news report documenting the collapse cause (absence of maintenance on glulam timber bridge), the 2000 construction by Consorzio di Bonifica del Pollino and the structure's dedication to a rafting guide.
SRC0280;B17.12.01;News;Italia Nostra;Il Ponte Stefano Gioia sul fiume Lao è crollato;https://www.italianostra.org/sezioni-e-consigli-regionali/calabria/il-ponte-stefano-gioia-sul-fiume-lao-e-crollato/;2017-12-11;2026-05-20;IT;Italia Nostra Calabria report documenting the collapse and specifically identifying the lack of waterproofing treatments as the cause of progressive rot in the timber structure, with fungal growth noted years earlier.
SRC0281;B16.03.01;News;ANSA;Maltempo: crolla un ponte sulla Saurina a Stigliano;https://www.ansa.it/basilicata/notizie/2016/03/18/maltempo-crolla-un-ponte-sulla-saurina_4b295692-4fc4-4e66-97a0-a95a09295f00.html;2016-03-18;2026-05-20;IT;ANSA Basilicata direct report confirming partial collapse of a bridge on the SP2 Saurina near Stigliano caused by intense rainfall saturating the road embankment.
SRC0282;B16.03.01;News;La Gazzetta del Mezzogiorno;Per le forti piogge crolla ponte a Stigliano, interviene Anas;https://www.lagazzettadelmezzogiorno.it/news/home/727484/Forti-piogge--crolla-ponte-a.html;2016-03-18;2026-05-20;IT;Regional southern Italy newspaper covering the March 2016 Basilicata flood event and the collapse of the Saurina bridge, including emergency road closures across the Matera province.
SRC0283;B16.03.01;Official/Technical;Provincia di Matera;Viadotto Marrazzita SP2 Saurina: ordinanza e riapertura aprile 2016;https://www.sassiland.com/notizie_matera/notizia.asp?id=39993&t=riapre_il_viadotto_della_saurina;2016-04-06;2026-05-20;IT;Official report on reopening of the Viadotto Marrazzita following emergency repair works funded by TOTAL E&P, confirming the shoulder voiding mechanism that caused the March 2016 partial collapse.
SRC0284;B16.09.01;News;ANSA;Nubifragio a Trivento: crolla ponte, scene drammatiche;https://www.ansa.it/molise/notizie/2016/09/10/nubifragio-a-trivento-scene-drammatiche_0cab2d76-98e3-4121-b8ac-db46a8c49f58.html;2016-09-10;2026-05-20;IT;ANSA Molise direct report confirming collapse of the bridge over the torrente Rio in locality Macchialaccavone during the violent thunderstorm of 10 September 2016, and isolation of several contrade.
SRC0285;B16.09.01;News;MeteoWeb;Maltempo Molise: violento temporale a Trivento, crolla ponte;http://www.meteoweb.eu/2016/09/maltempo-molise-violento-temporale-a-trivento-crolla-ponte/743298/;2016-09-10;2026-05-20;IT;National weather and news report confirming bridge collapse in the Rio locality of Trivento caused by the September 2016 flash flood event.
SRC0286;B16.11.01;News;Gazzetta del Sud;Bruzzano, il ponte è crollato: a più di un anno dall'alluvione 2015 cede anche il resto;https://reggio.gazzettadelsud.it/articoli/archivio/2016/11/19/bruzzano-il-ponte-e-crollato-7e13ab7d-b05f-4d40-89d9-de18022aef51/;2016-11-19;2026-05-20;IT;Southern Italian regional newspaper documenting the November 2016 collapse as the final destruction of the bridge partially damaged in 2015, confirming the alternative route that was already in use.
SRC0287;B16.11.01;News;Strill.it;Maltempo crolla ponte su SP65 a Bruzzano: zona inaccessibile;http://www.strill.it/citta/2016/11/maltempo-crolla-ponte-su-sp65-a-bruzzano-al-momento-zona-inaccessibile/;2016-11-18;2026-05-20;IT;Regional Calabrian news report confirming total collapse of the SP65 bridge at Bruzzano Zeffirio caused by renewed rainfall on 18 November 2016.
SRC0288;B16.11.02;News;IVG;"Situazione ""drammatica"" a Murialdo: ponte crollato, borgate Conradi e Pallareto isolate";https://www.ivg.it/2016/11/situazione-drammatica-murialdo-ponte-crollato-linea-elettrica-singhiozzo-due-famiglie-evacuate;2016-11-24;2026-05-20;IT;Local Savona news report documenting the Bormida flood shearing off the Ponte delle Fucine span on 24 November 2016, isolating 40 families, with direct quote from mayor calling situation dramatic.
SRC0289;B16.11.02;Official/Technical;Regione Liguria;Murialdo: inaugurato nuovo Ponte delle Fucine dopo alluvione 2016;https://www.regione.liguria.it/cgr/item/31539-inaugurato-nuovo-ponte-di-murialdo.html;2021-10-25;2026-05-20;IT;Official Regione Liguria communication on the October 2021 inauguration of the rebuilt bridge, confirming the 2016 collapse destroyed the old structure with zero hydraulic freeboard.
SRC0290;B16.11.02;Official/Technical;CNR-IRPI;Alluvione in Liguria e Piemonte novembre 2016 – evento e danni;https://polaris.irpi.cnr.it/event/alluvione-liguria-e-piemonte/;2017-01-05;2026-05-20;IT;CNR-IRPI official event summary confirming the collapse of the Murialdo Bormida bridge and two others (Bardineto SV) during the 21-25 November 2016 flood that produced 500mm+ total in the Tanaro basin.
SRC0291;B16.11.03;Official/Technical;CNR-IRPI;Alluvione in Liguria e Piemonte novembre 2016 – evento e danni;https://polaris.irpi.cnr.it/event/alluvione-liguria-e-piemonte/;2017-01-05;2026-05-20;IT;CNR-IRPI official event summary documenting the November 2016 Piemonte-Liguria flood, with Tanaro levels comparable to 1994 and infrastructure damage including bridge collapses across Cuneo and Imperia provinces.
SRC0292;B16.11.03;Official/Technical;ARPA Piemonte;Evento alluvionale 21-25 novembre 2016 in Piemonte – rapporto;https://www.arpa.piemonte.it/sites/default/files/media/2023-10/evento2016.pdf;2017-01-05;2026-05-20;IT;Official ARPA Piemonte technical report documenting the November 2016 flood event with 632mm total rainfall at Piaggia (CN), confirming infrastructure damage including bridge collapses on the Tanaro and its tributaries.
SRC0293;B16.11.04;Official/Technical;CNR-IRPI;Alluvione in Liguria e Piemonte novembre 2016 – evento e danni;https://polaris.irpi.cnr.it/event/alluvione-liguria-e-piemonte/;2017-01-05;2026-05-20;IT;CNR-IRPI official event summary documenting the November 2016 Piemonte-Liguria flood, with Tanaro levels comparable to 1994 and infrastructure damage including bridge collapses across Cuneo and Imperia provinces.
SRC0294;B16.11.04;Official/Technical;ARPA Piemonte;Evento alluvionale 21-25 novembre 2016 in Piemonte – rapporto;https://www.arpa.piemonte.it/sites/default/files/media/2023-10/evento2016.pdf;2017-01-05;2026-05-20;IT;Official ARPA Piemonte technical report documenting the November 2016 flood event with 632mm total rainfall at Piaggia (CN), confirming infrastructure damage including bridge collapses on the Tanaro and its tributaries.
SRC0295;B16.11.05;Official/Technical;CNR-IRPI;Alluvione in Liguria e Piemonte novembre 2016 – evento e danni;https://polaris.irpi.cnr.it/event/alluvione-liguria-e-piemonte/;2017-01-05;2026-05-20;IT;CNR-IRPI official event summary documenting the November 2016 Piemonte-Liguria flood, with Tanaro levels comparable to 1994 and infrastructure damage including bridge collapses across Cuneo and Imperia provinces.
SRC0296;B16.11.05;Official/Technical;ARPA Piemonte;Evento alluvionale 21-25 novembre 2016 in Piemonte – rapporto;https://www.arpa.piemonte.it/sites/default/files/media/2023-10/evento2016.pdf;2017-01-05;2026-05-20;IT;Official ARPA Piemonte technical report documenting the November 2016 flood event with 632mm total rainfall at Piaggia (CN), confirming infrastructure damage including bridge collapses on the Tanaro and its tributaries.
SRC0297;B15.03.01;Official/Technical;Parlamento Italiano;Cosenza, crolla viadotto: operaio di 25 anni muore precipitando da ottanta metri;https://www.repubblica.it/cronaca/2015/03/02/news/operaio_incidente_viadotto_a3-108593992/;2015-04-01;2026-05-20;IT;La Repubblica news
SRC0298;B15.03.01;News;AGI;Crollo viadotto sull'A3: strada chiusa tra Laino Borgo e Mormanno;https://www.agi.it/archivio/repository/news/2015-03-02/crollo_viadotto_sull_a3_strada_chiusa_tra_laino_borgo_e_mormanno-131777/;2015-03-02;2026-05-20;IT;AGI national news agency report confirming the A3 closure between Laino Borgo and Mormanno following the fatal collapse of the Viadotto Italia approach span during demolition works.
SRC0299;B15.03.01;News;Il Fatto Quotidiano;"Sindaco di Laino: ""Stato insostenibile dopo crollo A3, traffico deviato in paese""";https://www.ilfattoquotidiano.it/2015/03/20/grandi-opere-sindaco-di-laino-stato-insostenibile-dopo-crollo-a3-traffico-deviato/351988/;2015-03-20;2026-05-20;IT;Il Fatto Quotidiano report documenting the severe local impact of the A3 closure following the Viadotto Italia collapse and the mayor's appeal to the prefect for help.
SRC0300;B15.03.02;News;Journal Paper;Bridge collapses in Italy across the 21st century: survey and statistical analysis;https://doi.org/10.1080/15732479.2025.2483500;2015-03-14;2026-05-20;IT;"Peer-reviewed paper listing this partial collapse in its systematic survey; confirms deterioration as cause and March 2015 date."
SRC0301;B15.03.02;News;Il Megafono;L'antico Ponte di Cerami a rischio crollo: incuria delle istituzioni;https://ilmegafono.org/2017/09/23/ponte-di-cerami-a-rischio-crollo/;2017-10-08;2026-05-20;IT;In-depth article providing historical context for the recurring structural deterioration of bridge infrastructure in the Cerami area, relevant background for the March 2015 partial collapse.
SRC0302;B15.03.03;Scientific;Journal Paper;Bridge collapses in Italy across the 21st century: survey and statistical analysis;https://doi.org/10.1080/15732479.2025.2483500;2025-01-01;2026-05-20;EN;Peer-reviewed paper including this hydraulic collapse on the Enna panoramic road in its systematic survey of Italian bridge failures.
SRC0303;B15.03.03;News;ANSA;Maltempo Sicilia, crollo ponte sulla strada panoramica di Enna;https://www.ansa.it/sicilia/notizie/2015/03/28/crolla-altro-pezzo-strada-a-enna_b02af232-d9d8-4703-9064-2e7b71ebfb52.html;2015-03-28;2026-05-20;IT;ANSA Sicily regional coverage of the March 2015 hydraulic collapse of the bridge on the panoramic provincial road of Enna.
SRC0304;B15.03.03;News;Giornale di Sicilia;Crolla un altro pezzo di strada a Enna, spezzati i cavi della telefonia;https://enna.gds.it/articoli/cronaca/2015/03/28/crolla-un-altro-pezzo-di-strada-a-enna-spezzati-i-cavi-della-telefonia-0f94b036-636a-4bd3-baa5-c484e12a3595/;2015-03-28;2026-05-20;IT;Giornale di Sicilia news
SRC0305;B15.04.01;News;PalermoToday;"Delrio sul crollo del viadotto Himera: ""Demoliremo tutto il ponte, ci vorranno 18-24 mesi""";https://www.palermotoday.it/cronaca/crollo-palermo-catania-viadotto-delrio-14-aprile-2015.html;2015-04-14;2026-05-20;IT;National news coverage of MIT minister Delrio's inspection after the Himera viaduct collapse, confirming the landslide cause and announcing full demolition and 18-24 month reconstruction timeline.
SRC0306;B15.04.01;Official/Technical;MIT;Dossier Himera;https://www.mit.gov.it/comunicazione/news/dossier-himera;2015-04-14;2026-05-20;IT;MIT dossier doc
SRC0307;B15.04.01;News;ANSA;Crollo viadotto Himera, due condanne e tre assoluzioni;https://www.ansa.it/sicilia/notizie/2022/03/11/crollo-viadotto-himera-due-condanne-e-tre-assoluzioni_ecbc20b6-238c-4a4d-9b0b-32a1d15f9a81.html;2022-03-11;2026-05-20;IT;ANSA news
SRC0308;B15.09.01;News;Sky TG24;Maltempo, un morto e due dispersi nel piacentino;https://tg24.sky.it/cronaca/2015/09/14/maltempo-piacentino-danni-emergenza-emilia-romagna-liguria;2015-09-14;2026-05-20;IT;Sky TG24 news
SRC0309;B15.09.01;News;La Repubblica;Maltempo, frane e ponti crollati nel Piacentino: un morto e due dispersi;https://bologna.repubblica.it/cronaca/2015/09/14/news/frane_e_allagamenti_nel_piacentino_dispersa_auto_con_persone_a_bordo-122839296/;2015-09-14;2026-05-20;IT;La Repubblica news
SRC0310;B15.09.01;Scientific;Journal Paper;Bridge collapses in Italy across the 21st century: survey and statistical analysis;https://doi.org/10.1080/15732479.2025.2483500;2025-01-01;2026-05-20;EN;Peer-reviewed paper including this hydraulic collapse in its systematic survey of Italian bridge failures.
SRC0311;B15.10.01;Official/Technical;Provincia di Benevento;Alluvione ottobre 2015: ricognizione danni e interventi su ponti provinciali;https://www.ottopagine.it/bn/attualita/69335/ripristino-strade-provinciali-tre-proposte-di-intervento.shtml;2016-03-20;2026-05-20;IT;Official Provincia di Benevento documentation approving reconstruction projects for three bridges (Tammarecchia €970k, Jenga €950k, Malepara €570k) destroyed in the 15 October 2015 flood.
SRC0312;B15.10.01;News;Il Fatto Quotidiano;Maltempo, a Benevento due morti: esonda fiume Calore. Ponti crollati nel Sannio;https://www.ilfattoquotidiano.it/2015/10/15/maltempo-benevento-due-morti-citta-esonda-fiume-calore/2130064/;2015-10-15;2026-05-20;IT;Il Fatto Quotidiano national coverage of the catastrophic 15 October 2015 Benevento flood event documenting the city flooding, 2 deaths, bridge collapses in the Sannio area and widespread isolation of communities.
SRC0313;B15.10.01;News;Wikipedia IT;Alluvione di Benevento del 15 ottobre 2015;https://it.wikipedia.org/wiki/Alluvione_di_Benevento_del_15_ottobre_2015;2015-10-15;2026-05-20;IT;Wikipedia article synthesising the October 2015 Benevento flood event, confirming the devastating hydraulic event affected all river basins in the province and caused €1.1 billion total damage.
SRC0314;B15.10.02;Official/Technical;Provincia di Benevento;Alluvione ottobre 2015: ricognizione danni e interventi su ponti provinciali;https://www.ottopagine.it/bn/attualita/69335/ripristino-strade-provinciali-tre-proposte-di-intervento.shtml;2016-03-20;2026-05-20;IT;Official Provincia di Benevento documentation approving reconstruction projects for three bridges (Tammarecchia €970k, Jenga €950k, Malepara €570k) destroyed in the 15 October 2015 flood.
SRC0315;B15.10.02;News;Il Fatto Quotidiano;Maltempo, a Benevento due morti: esonda fiume Calore. Ponti crollati nel Sannio;https://www.ilfattoquotidiano.it/2015/10/15/maltempo-benevento-due-morti-citta-esonda-fiume-calore/2130064/;2015-10-15;2026-05-20;IT;Il Fatto Quotidiano national coverage of the catastrophic 15 October 2015 Benevento flood event documenting the city flooding, 2 deaths, bridge collapses in the Sannio area and widespread isolation of communities.
SRC0316;B15.10.02;News;Wikipedia IT;Alluvione di Benevento del 15 ottobre 2015;https://it.wikipedia.org/wiki/Alluvione_di_Benevento_del_15_ottobre_2015;2015-10-15;2026-05-20;IT;Wikipedia article synthesising the October 2015 Benevento flood event, confirming the devastating hydraulic event affected all river basins in the province and caused €1.1 billion total damage.
SRC0317;B15.10.03;Official/Technical;Provincia di Benevento;Alluvione ottobre 2015: ricognizione danni e interventi su ponti provinciali;https://www.ottopagine.it/bn/attualita/69335/ripristino-strade-provinciali-tre-proposte-di-intervento.shtml;2016-03-20;2026-05-20;IT;Official Provincia di Benevento documentation approving reconstruction projects for three bridges (Tammarecchia €970k, Jenga €950k, Malepara €570k) destroyed in the 15 October 2015 flood.
SRC0318;B15.10.03;News;Il Fatto Quotidiano;Maltempo, a Benevento due morti: esonda fiume Calore. Ponti crollati nel Sannio;https://www.ilfattoquotidiano.it/2015/10/15/maltempo-benevento-due-morti-citta-esonda-fiume-calore/2130064/;2015-10-15;2026-05-20;IT;Il Fatto Quotidiano national coverage of the catastrophic 15 October 2015 Benevento flood event documenting the city flooding, 2 deaths, bridge collapses in the Sannio area and widespread isolation of communities.
SRC0319;B15.10.03;News;Wikipedia IT;Alluvione di Benevento del 15 ottobre 2015;https://it.wikipedia.org/wiki/Alluvione_di_Benevento_del_15_ottobre_2015;2015-10-15;2026-05-20;IT;Wikipedia article synthesising the October 2015 Benevento flood event, confirming the devastating hydraulic event affected all river basins in the province and caused €1.1 billion total damage.
SRC0320;B15.10.04;Official/Technical;Provincia di Benevento;Alluvione ottobre 2015: ricognizione danni e interventi su ponti provinciali;https://www.ottopagine.it/bn/attualita/69335/ripristino-strade-provinciali-tre-proposte-di-intervento.shtml;2016-03-20;2026-05-20;IT;Official Provincia di Benevento documentation approving reconstruction projects for three bridges (Tammarecchia €970k, Jenga €950k, Malepara €570k) destroyed in the 15 October 2015 flood.
SRC0321;B15.10.04;News;Il Fatto Quotidiano;Maltempo, a Benevento due morti: esonda fiume Calore. Ponti crollati nel Sannio;https://www.ilfattoquotidiano.it/2015/10/15/maltempo-benevento-due-morti-citta-esonda-fiume-calore/2130064/;2015-10-15;2026-05-20;IT;Il Fatto Quotidiano national coverage of the catastrophic 15 October 2015 Benevento flood event documenting the city flooding, 2 deaths, bridge collapses in the Sannio area and widespread isolation of communities.
SRC0322;B15.10.04;News;Wikipedia IT;Alluvione di Benevento del 15 ottobre 2015;https://it.wikipedia.org/wiki/Alluvione_di_Benevento_del_15_ottobre_2015;2015-10-15;2026-05-20;IT;Wikipedia article synthesising the October 2015 Benevento flood event, confirming the devastating hydraulic event affected all river basins in the province and caused €1.1 billion total damage.
SRC0323;B15.10.05;News;MeteoWeb;Alluvione Benevento: intervento Esercito a Casalduni, Baselice e Circello;http://www.meteoweb.eu/2015/10/alluvione-benevento-continua-senza-sosta-lintervento-dellesercito/566474/;2015-10-23;2026-05-20;IT;MeteoWeb report confirming Esercito Italiano deployment at Baselice, Casalduni and Circello to restore infrastructure and road access following the October 2015 Benevento flood.
SRC0324;B15.10.05;Scientific;Journal Paper;Bridge collapses in Italy across the 21st century: survey and statistical analysis;https://doi.org/10.1080/15732479.2025.2483500;2025-01-01;2026-05-20;EN;Peer-reviewed paper including this hydraulic collapse in its systematic survey of Italian bridge failures.
SRC0325;B15.11.01;News;LaC News24;Il ponte Allaro nella Locride riapre a cinque anni dal crollo del 2015;https://www.lacnews24.it/economia-e-lavoro/il-ponte-allaro-nella-locride-riapre-a-cinque-anni-dal-crollo-il-video-x4ckoua0;2020-12-22;2026-05-20;IT;Regional news report documenting the December 2020 reopening, explicitly referencing the November 2015 original collapse during the Locride alluvione and the subsequent five-year reconstruction process.
SRC0326;B15.11.01;News;ANSA;Alluvione in Calabria: danni infrastrutture, ponte Allaro franato a Caulonia;https://www.ansa.it/calabria/notizie/2015/11/04/alluvione-in-calabria-ecco-le-drammatiche-immagini-dei-danni-foto-esclusive_01e4b851-ec18-4aee-96d1-a7c95401a882.html;2015-10-31;2026-05-20;IT;ANSA Calabria post-event damage assessment (4 November 2015) explicitly confirming the collapse of part of the Ponte Allaro on SS106 near Caulonia and the limited alternative route available.
SRC0327;B15.11.01;Official/Technical;ANAS;Viabilità: riaperto il ponte Allaro a Caulonia dopo 5 anni di chiusura;https://www.ansa.it/calabria/notizie/2020/12/22/viabilita-riaperto-al-traffico-il-ponte-allaro-a-caulonia_f01701ae-c8e5-48ac-bbb8-e17eebe884a7.html;2020-12-22;2026-05-20;IT;ANAS official press release announcing the December 2020 reopening of the Ponte Allaro, confirming the November 2015 original collapse during the Locride alluvione and documenting the five-year reconstruction process.
SRC0328;B14.04.01;News;Il Tirreno;Crolla il viadotto Navicelli: due gru al lavoro per evitare cedimenti;https://www.iltirreno.it/livorno/cronaca/2014/04/23/news/pioggia-di-calcinacci-dal-ponte-sulla-fipili-1.9094774;2014-04-23;2026-05-20;IT;Direct news report from 23 April 2014 documenting the partial collapse of the Viadotto Navicelli bascule bridge over the Canale dei Navicelli, caused by bolt failure during closing operation.
SRC0329;B14.04.01;News;ANSA;"Cede ponte mobile a Livorno, Confindustria: ""successe anche nel 2014""";https://www.ansa.it/sito/notizie/economia/pmi/2026/03/06/cede-ponte-mobile-a-livorno-confindustria-successe-anche-nel-2014_d2698356-679b-469f-8e68-fdde95ec6297.html;2026-03-05;2026-05-20;IT;ANSA report explicitly confirming the 2014 collapse of the Viadotto Navicelli occurred and was analogous to a subsequent 2026 event, confirming the structure's recurring vulnerability.
SRC0330;B14.04.01;Scientific;Journal Paper;Bridge collapses in Italy across the 21st century: survey and statistical analysis;https://doi.org/10.1080/15732479.2025.2483500;2025-01-01;2026-05-20;EN;Peer-reviewed paper including this material/mechanical failure collapse in its systematic survey of Italian bridge failures.
SRC0331;B14.05.01;Scientific;Journal Paper;Bridge collapses in Italy across the 21st century: survey and statistical analysis;https://doi.org/10.1080/15732479.2025.2483500;2025-01-01;2026-05-20;EN;Peer-reviewed paper including this hydraulic collapse in its systematic survey.
SRC0332;B14.05.01;Official/Technical;Regione Marche;Nuovo ponte SP8 sul torrente Ete Morto a Sant'Elpidio a Mare – progetto PNRR;https://www.regione.marche.it/News-ed-Eventi/Post/89666/A-Sant-Elpidio-a-Mare-presentato-il-progetto-del-nuovo-ponte-sull-Ete-Morto-Assessore-Aguzzi-Fondi-del-Pnrr-Sindaco-Pignotti-Migliora-la-viabilit%C3%A0-e-la-sicurezza-Presidente-Ortenzi-Opera-importante-per-il-territorio;2023-03-09;2026-05-20;IT;Official Regione Marche press release on the PNRR-funded replacement bridge project, confirming the original bridge collapse during the May 2014 hydraulic event and the resulting isolation of the Casette d'Ete locality.
SRC0333;B14.05.01;News;Corriere Adriatico;Nuovo ponte via Cavour a Casette d'Ete: strategico per viabilità e sicurezza idrogeologica;https://www.corriereadriatico.it/fermo/sant_elpidio_a_mare_ponte_via_cavour_casette_d_ete_alluvione_sindaco_pignotti_tragedia_vittime-7765967.html;2023-11-19;2026-05-20;IT;Regional newspaper documenting the replacement bridge project and confirming the original bridge collapse during the 2014 hydraulic event, noting the area had also suffered a deadly 2011 flood.
SRC0334;B14.07.01;News;ANSA;Crollo viadotto, sfiorata tragedia nell'agrigentino: 4 feriti lievi;https://www.ansa.it/sicilia/notizie/2014/07/07/crollo-viadotto-sfiorata-tragedia-nellagrigentino-feriti_f9d703ac-30dc-4496-b691-79977529b266.html;2014-07-07;2026-05-20;IT;ANSA Sicily direct report on the 7 July 2014 collapse of the Viadotto Petrulla on SS626, confirming 4 minor injuries, the ANAS investigation commission and the prestressed concrete beam failure cause.
SRC0335;B14.07.01;News;ANSA;CNR: in Italia migliaia i ponti troppo vecchi – il caso Petrulla citato;https://www.ansa.it/sito/notizie/cronaca/2018/08/14/cnr-in-italia-migliaia-i-ponti-troppo-vecchi_a7683a59-07cf-4073-8208-6d01b5193445.html;2018-08-14;2026-05-20;IT;ANSA article quoting CNR-ITC report citing the Viadotto Petrulla as a significant example of prestressed concrete failure, comparable to the Fossano (2017) collapse.
SRC0336;B14.07.01;News;ANSA;Crolla ponte nell'Agrigentino: 4 feriti, anche donna incinta;http://www.ansa.it/sicilia/notizie/2014/07/07/crolla-ponte-nellagrigentino-auto-precipitano-feriti-_601f7f11-ad7e-4cc3-913c-efc9f354dfd8.html;2014-07-07;2026-05-20;IT;ANSA breaking news confirming collapse of the Viadotto Petrulla span onto the SS626, vehicles involved, 4 minor injuries and pregnant woman airlifted to Caltanissetta.
SRC0337;B14.07.02;Scientific;Journal Paper;Bridge collapses in Italy across the 21st century: survey and statistical analysis;https://doi.org/10.1080/15732479.2025.2483500;2025-01-01;2026-05-20;EN;Peer-reviewed paper including this impact-caused collapse in its systematic survey.
SRC0338;B14.07.02;News;ANSA;Crolla ponte pedonale sulla Via Flaminia, riaperta la strada;http://www.ansa.it/lazio/notizie/2014/07/24/crolla-ponte-pedonale-traffico-in-tilt_52e3cfac-100b-4bd7-b2fe-12f3702a45ad.html;2014-07-24;2026-05-20;IT;ANSA Lazio direct report confirming the total collapse of the pedestrian bridge over Via Flaminia caused by an oversized vehicle impact, no injuries, and subsequent re-opening of the road.
SRC0339;B14.07.02;News;Il Messaggero;Camion fa crollare ponte a Roma: via Flaminia chiusa, bus deviati;https://www.ilmessaggero.it/ROMA/CRONACA/ponte_crollato_via_flaminia_roma_foto/notizie/814455.shtml;2014-07-25;2026-05-20;IT;Il Messaggero Rome news report documenting the July 2014 collapse of the pedestrian bridge over Via Flaminia caused by a truck with an oversized forklift, with quotes from the Municipality XV president and ASTRAL.
SRC0340;B14.08.01;Scientific;Journal Paper;Bridge collapses in Italy across the 21st century: survey and statistical analysis;https://doi.org/10.1080/15732479.2025.2483500;2025-01-01;2026-05-20;EN;Peer-reviewed paper including this hydraulic collapse in its systematic survey.
SRC0341;B14.08.01;News;Il Messaggero Veneto;Moggio, ponte semidstrutto dalla piena;https://www.messaggeroveneto.it/cronaca/moggio-ponte-semidstrutto-dalla-piena-n91pzup3;2014-07-14;2026-05-20;IT;Photos doc
SRC0342;B14.08.01;News;Il Messaggero Veneto;Moggio Udinese, piena dell'Aupa danneggia il ponte comunale;https://www.messaggeroveneto.it/cronaca/moggio-ecco-il-ponte-danneggiato-dalla-piena-foto-ist1k05g;2014-07-14;2026-05-20;IT;Regional Friuli newspaper report documenting the August 2014 hydraulic partial collapse of the Aupa stream bridge at Moggio Udinese.
SRC0343;B14.09.01;Scientific;Journal Paper;Bridge collapses in Italy across the 21st century: survey and statistical analysis;https://doi.org/10.1080/15732479.2025.2483500;2025-01-01;2026-05-20;EN;Peer-reviewed paper including this hydraulic collapse in its systematic survey.
SRC0344;B14.09.01;News;Il Resto del Carlino;"Alluvione, le famiglie di via Macerato: ""Siamo stati fortunati, non ci sono state vittime""";https://www.ilrestodelcarlino.it/imola/cronaca/alluvione-casalfiumanese-dcef846d;2014-09-23;2026-05-20;IT;Local newspaper report from 23 September 2014 documenting the bridge collapse at Casalfiumanese, 12 families isolated in via Macerato and the total destruction of the Bailey bridge swept against the masonry structure.
SRC0345;B14.10.01;News;ANSA;Alluvione Parma: sindaco Pizzarotti iscritto nel registro degli indagati;http://www.ansa.it/emiliaromagna/notizie/2016/06/08/alluvione-parma-pizzarotti-indagato_33f80d49-bc64-4cd2-b4f9-831b1c24a0b3.html;2016-06-08;2026-05-20;IT;ANSA Emilia-Romagna confirming the 13 October 2014 alluvione del Baganza destroyed a cycle-pedestrian bridge in Parma, through judicial proceedings that followed.
SRC0346;B14.10.01;News;ANSA;Alluvione Parma e Alessandria: arriva l'Esercito, danni per milioni;https://www.ansa.it/sito/photogallery/primopiano/2014/10/15/alluvione-parma-e-alessandria-arriva-lesercito_88b7d70d-d3a8-4de3-b3f6-bac9c55dcfd0.html;2014-10-15;2026-05-20;IT;ANSA national coverage of the October 2014 Baganza flood event with Army deployed in Parma, documenting the scale of infrastructure damage including the collapse of the cycle-pedestrian bridge.
SRC0347;B14.10.01;Scientific;Journal Paper;Bridge collapses in Italy across the 21st century: survey and statistical analysis;https://doi.org/10.1080/15732479.2025.2483500;2025-01-01;2026-05-20;EN;Peer-reviewed paper including this hydraulic collapse in its systematic survey.
SRC0348;B14.11.01;News;ANSA;Maltempo, torna la paura al Nord: un disperso in Liguria, fiumi esondati;https://www.ansa.it/sito/notizie/cronaca/2014/11/15/maltempo-torna-lallarme-piogge.-paura-nelle-zone-alluvionate_bb217b70-7b1c-48ee-8962-ae3936bb0ea2.html;2014-11-15;2026-05-20;IT;ANSA national coverage of the November 2014 Liguria-Piemonte flood event confirming bridge collapses and road interruptions across the Ligurian coast and Piemonte plains.
SRC0349;B14.11.01;News;CNR-IRPI;Alluvione a Genova del novembre 2014 – evento e danni;https://polaris.irpi.cnr.it/event/alluvione-a-genova-2/;2014-11-10;2026-05-20;IT;CNR-IRPI event database entry for the November 2014 Genova alluvione documenting infrastructure damage including bridge collapses in the Genova hinterland and Ligurian coast.
SRC0350;B14.11.01;Scientific;Journal Paper;Bridge collapses in Italy across the 21st century: survey and statistical analysis;https://doi.org/10.1080/15732479.2025.2483500;2025-01-01;2026-05-20;EN;Peer-reviewed paper including these hydraulic collapses in its systematic survey of Italian bridge failures.
SRC0351;B14.11.02;News;ANSA;Maltempo, torna la paura al Nord: un disperso in Liguria, fiumi esondati;https://www.ansa.it/sito/notizie/cronaca/2014/11/15/maltempo-torna-lallarme-piogge.-paura-nelle-zone-alluvionate_bb217b70-7b1c-48ee-8962-ae3936bb0ea2.html;2014-11-15;2026-05-20;IT;ANSA national coverage of the November 2014 Liguria-Piemonte flood event confirming bridge collapses and road interruptions across the Ligurian coast and Piemonte plains.
SRC0352;B14.11.02;News;CNR-IRPI;Alluvione in Liguria novembre 2014 – evento idrogeologico;https://polaris.irpi.cnr.it/event/alluvioni-e-frane-nel-nord-italia/;2014-11-15;2026-05-20;IT;CNR-IRPI documentation of the November 2014 Liguria flood event causing the partial collapse of the Bevera stream bridge at Ventimiglia and widespread infrastructure damage in the Ponente Ligure.
SRC0353;B14.11.02;Scientific;Journal Paper;Bridge collapses in Italy across the 21st century: survey and statistical analysis;https://doi.org/10.1080/15732479.2025.2483500;2025-01-01;2026-05-20;EN;Peer-reviewed paper including these hydraulic collapses in its systematic survey of Italian bridge failures.
SRC0354;B14.11.03;News;ANSA;Maltempo, torna la paura al Nord: un disperso in Liguria, fiumi esondati;https://www.ansa.it/sito/notizie/cronaca/2014/11/15/maltempo-torna-lallarme-piogge.-paura-nelle-zone-alluvionate_bb217b70-7b1c-48ee-8962-ae3936bb0ea2.html;2014-11-15;2026-05-20;IT;ANSA national coverage of the November 2014 Liguria-Piemonte flood event confirming bridge collapses and road interruptions across the Ligurian coast and Piemonte plains.
SRC0355;B14.11.03;News;CNR-IRPI;Alluvione Piemonte-Liguria novembre 2014 – ponti e infrastrutture;https://polaris.irpi.cnr.it/event/alluvioni-e-frane-nel-nord-italia/;2014-11-16;2026-05-20;IT;CNR-IRPI documentation of the November 2014 northern Italy flood event causing the partial collapse of the Staffora bridge at Salice Terme and infrastructure damage in the Pavia area.
SRC0356;B14.11.03;Scientific;Journal Paper;Bridge collapses in Italy across the 21st century: survey and statistical analysis;https://doi.org/10.1080/15732479.2025.2483500;2025-01-01;2026-05-20;EN;Peer-reviewed paper including these hydraulic collapses in its systematic survey of Italian bridge failures.
SRC0357;B14.12.01;News;ANSA;Crollo viadotto Palermo-Agrigento: indagati ex vertici ANAS;https://www.ansa.it/sicilia/notizie/2016/12/13/crollo-viadottoindagati-ex-vertici-anas_e9704a6b-2a14-4068-833f-c2abc2a865db.html;2016-12-13;2026-05-20;IT;ANSA report on judicial investigation confirming that the Viadotto Scorciavacche collapsed 7 days after inauguration without collaudo, with ex-ANAS president Ciucci and directors placed under investigation.
SRC0358;B14.12.01;News;ANSA;Viadotto crollato in Sicilia: prescrizione per 9 imputati;https://www.ansa.it/sicilia/notizie/2023/11/29/crollo-viadotto-palermo-agrigento-prescrizione-per-9-imputati_78c84881-4a20-4851-bb3e-193ef8127a06.html;2023-11-29;2026-05-20;IT;ANSA report documenting the 2023 prescription of most charges related to the Scorciavacche collapse, confirming the viaduct opened without certification and structural testing on unstable ground.
SRC0359;B14.12.01;News;ANSA;Viadotto crollato in Sicilia: assolti Ciucci e due dirigenti ANAS;https://www.ansa.it/sicilia/notizie/2025/01/30/viadotto-crollato-in-sicilia-assolti-ciucci-e-due-dirigenti_03f7ebce-cf00-4bf6-b630-13061be3537c.html;2025-01-30;2026-05-20;IT;ANSA report on the January 2025 acquittal of remaining defendants confirming full judicial history of the Scorciavacche collapse: opened without collaudo, collapsed 7 days after inauguration.
SRC0360;B13.02.01;News;La Repubblica;Ponte crollato ad Agrigento, l’Anas trova una soluzione;https://palermo.repubblica.it/cronaca/2013/02/08/news/ponte_crollato_ad_agrigento_l_anas_trova_una_soluzione-52229526/;2013-02-08;2026-05-20;IT;National news coverage documenting collapse of the Verdura bridge and emergency measures adopted along the SS115 corridor.
SRC0361;B13.02.01;News;Giornale di Sicilia;Ponte crollato a Ribera, è corsa contro il tempo;https://agrigento.gds.it/articoli/archivio/2013/02/04/ponte-crollato-a-ribera-e-corsa-contro-il-tempo-239357-79a25050-7c12-43d4-8ade-62deb107a6c2/;2013-02-04;2026-05-20;IT;Local news report documenting infrastructure disruption and emergency response following the bridge collapse event.
SRC0362;B13.03.01;News;Gazzetta di Modena;È crollato il ponte sul torrente Rosola;https://www.gazzettadimodena.it/modena/cronaca/2013/03/24/news/e-crollato-il-ponte-sul-torrente-rosola-1.6753468;2013-03-24;2026-05-20;IT;Local news report documenting collapse of the bridge following severe hydrogeological instability in the Modena Apennines.
SRC0363;B13.03.01;Official/Technical;Regione Emilia-Romagna;Report frane marzo-aprile 2013;https://www.quotidiano.net/file_generali/documenti/PDF/2013/04/report-frane.pdf;2013-04-01;2026-05-20;IT;Technical report documenting landslide activity and associated infrastructure failures affecting the Emilia-Romagna Apennine area.
SRC0364;B13.09.01;News;Corriere della Sera;Maltempo a Roma, interrotta la metro A;https://roma.corriere.it/notizie/cronaca/13_agosto_27/maltempo-interrotta-metro-a-2222781127563.shtml;2013-08-27;2026-05-20;IT;National/local coverage documenting severe urban flooding and infrastructure disruption in Rome during the August 2013 storm event.
SRC0365;B13.09.01;News;La Repubblica;Nubifragio a Roma, la strada diventa un fiume;https://roma.repubblica.it/cronaca/2013/08/27/video/nubifragio_a_roma_la_strada_diventa_un_fiume-422934858/;2013-08-27;2026-05-20;IT;Video documentation of intense urban flooding conditions affecting transport infrastructure in Rome.
SRC0366;B13.10.01;News;La Repubblica;Maltempo, il ponte crollato a Carasco;https://genova.repubblica.it/cronaca/2013/10/22/foto/maltempo_il_ponte_crollato_a_carasco-69157736/4/#1;2013-10-22;2026-05-20;IT;Photographic documentation of the collapse of Ponte San Pietro over the Sturla river during the Liguria flood event.
SRC0367;B13.10.01;News;Il Secolo XIX;Carasco, crolla un ponte;https://www.ilsecoloxix.it/levante/2013/10/22/news/carasco-crolla-un-ponte-1.32341472;2013-10-22;2026-05-20;IT;Regional news coverage documenting hydraulic collapse and disruption caused by flooding of the Sturla river.
SRC0368;B13.10.01;Official/Technical;Studio Majone;Consulenza idrologico-idraulica Ponte San Pietro Sturla;https://www.studiomajone.it/portfolio-items/consulenza-idrologico-idraulica-ponte-san-pietro-sturla/;2014-01-01;2026-05-20;IT;Technical hydraulic consultancy documentation related to reconstruction and hydraulic assessment of Ponte San Pietro after the collapse event.
SRC0369;B13.10.02;Official/Technical;Città Metropolitana;Ponte crollato a Firenzuola: avvio delle attività e aggiornamenti sulla viabilità;http://met.provincia.fi.it/news.aspx?n=217665;2014-03-05;2026-05-20;IT;Official institutional communication regarding collapse of the bridge infrastructure and emergency road management after the flood event.
SRC0370;B13.10.02;Official/Technical;Ministero dell'Interno;Partono i lavori per il nuovo ponte stradale a Firenzuola;https://www.interno.gov.it/it/notizie/partono-i-lavori-nuovo-ponte-stradale-firenzuola;2016-07-20;2026-05-20;IT;Official communication documenting reconstruction works and replacement of the bridge destroyed during the hydraulic event.
SRC0371;B13.11.01;News;ANSA;Alluvione 2013 Olbia, 3 condanne per crollo ponte e morti;https://www.ansa.it/sardegna/notizie/2022/03/14/alluvione-2013-olbia-3-condanne-per-crollo-ponte-e-morti_1a059e90-6f48-4658-a628-4028ad728836.html;2022-03-14;2026-05-20;IT;National news report documenting judicial findings and responsibilities associated with the bridge collapse during the 2013 flood event.
SRC0372;B13.11.01;News;La Repubblica;Sardegna in ginocchio, il maltempo fa strage: 16 morti;https://www.repubblica.it/cronaca/2013/11/19/news/sardegna_in_ginocchio_il_maltempo_fra_strage_16_morti_dispersi_4_travolti_dal_ponte-71336719/;2013-11-19;2026-05-20;IT;National coverage documenting collapse of the bridge and fatalities during the Cyclone Cleopatra flood disaster.
SRC0373;B13.11.02;News;CNR-IRPI;Alluvione in Sardegna - 18 Novembre 2013;https://polaris.irpi.cnr.it/event/59/;2013-11-18;2026-05-20;IT;Scientific event archive documenting hydrological and geomorphological impacts associated with the November 2013 Sardinia flood event.
SRC0374;B13.11.02;News;ANSA;Alluvione 2013 Olbia, 3 condanne per crollo ponte e morti;https://www.ansa.it/sardegna/notizie/2022/03/14/alluvione-2013-olbia-3-condanne-per-crollo-ponte-e-morti_1a059e90-6f48-4658-a628-4028ad728836.html;2022-03-14;2026-05-20;IT;National news report documenting judicial findings and responsibilities associated with the bridge collapse during the 2013 flood event.
SRC0375;B13.11.03;News;La Repubblica;Sardegna in ginocchio, il maltempo fa strage: 16 morti;https://www.repubblica.it/cronaca/2013/11/19/news/sardegna_in_ginocchio_il_maltempo_fra_strage_16_morti_dispersi_4_travolti_dal_ponte-71336719/;2013-11-19;2026-05-20;IT;National coverage documenting collapse of the bridge and fatalities during the Cyclone Cleopatra flood disaster.
SRC0376;B13.11.03;News;CNR-IRPI;Alluvione in Sardegna - 18 Novembre 2013;https://polaris.irpi.cnr.it/event/59/;2013-11-18;2026-05-20;IT;Scientific event archive documenting hydrological and geomorphological impacts associated with the November 2013 Sardinia flood event.
SRC0377;B13.11.04;News;ANSA;Alluvione 2013 Olbia, 3 condanne per crollo ponte e morti;https://www.ansa.it/sardegna/notizie/2022/03/14/alluvione-2013-olbia-3-condanne-per-crollo-ponte-e-morti_1a059e90-6f48-4658-a628-4028ad728836.html;2022-03-14;2026-05-20;IT;National news report documenting judicial findings and responsibilities associated with the bridge collapse during the 2013 flood event.
SRC0378;B13.11.04;News;La Repubblica;Sardegna in ginocchio, il maltempo fa strage: 16 morti;https://www.repubblica.it/cronaca/2013/11/19/news/sardegna_in_ginocchio_il_maltempo_fra_strage_16_morti_dispersi_4_travolti_dal_ponte-71336719/;2013-11-19;2026-05-20;IT;National coverage documenting collapse of the bridge and fatalities during the Cyclone Cleopatra flood disaster.
SRC0379;B13.11.05;News;CNR-IRPI;Alluvione in Sardegna - 18 Novembre 2013;https://polaris.irpi.cnr.it/event/59/;2013-11-18;2026-05-20;IT;Scientific event archive documenting hydrological and geomorphological impacts associated with the November 2013 Sardinia flood event.
SRC0380;B13.11.05;News;ANSA;Alluvione 2013 Olbia, 3 condanne per crollo ponte e morti;https://www.ansa.it/sardegna/notizie/2022/03/14/alluvione-2013-olbia-3-condanne-per-crollo-ponte-e-morti_1a059e90-6f48-4658-a628-4028ad728836.html;2022-03-14;2026-05-20;IT;National news report documenting judicial findings and responsibilities associated with the bridge collapse during the 2013 flood event.
SRC0381;B13.11.06;News;La Repubblica;Sardegna in ginocchio, il maltempo fa strage: 16 morti;https://www.repubblica.it/cronaca/2013/11/19/news/sardegna_in_ginocchio_il_maltempo_fra_strage_16_morti_dispersi_4_travolti_dal_ponte-71336719/;2013-11-19;2026-05-20;IT;National coverage documenting collapse of the bridge and fatalities during the Cyclone Cleopatra flood disaster.
SRC0382;B13.11.06;News;CNR-IRPI;Alluvione in Sardegna - 18 Novembre 2013;https://polaris.irpi.cnr.it/event/59/;2013-11-18;2026-05-20;IT;Scientific event archive documenting hydrological and geomorphological impacts associated with the November 2013 Sardinia flood event.
SRC0383;B13.11.07;News;Umbria24;Foligno, a due anni dalla piena del Topino via ai lavori di consolidamento del ponte di Scanzano;https://www.umbria24.it/attualita/foligno-a-due-anni-dalla-piena-del-topino-via-ai-lavori-di-consolidamento-del-ponte-di-scanzano/;2014-10-24;2026-05-20;IT;Local news article documenting long-term structural consequences of the 2012 flood event and subsequent stabilization works on Ponte di Scanzano.
SRC0384;B13.11.07;Official/Technical;Regione Umbria;Ponte di Scanzano, situazione non più differibile: le emergenze vanno affrontate;https://consiglio.regione.umbria.it/informazione/notizie/comunicati/ponte-di-scanzano-situazione-non-piu-differibile-le-emergenze-vanno;2015-03-12;2026-05-20;IT;Official regional communication discussing persistent structural criticalities and intervention priorities associated with the bridge after flood-induced damage.
SRC0385;B13.12.01;News;Il Resto del Carlino;Ponte di Rubbianello, sette anni dopo il crollo il ponte sull’Aso deve ancora essere ricostruito;https://www.ilrestodelcarlino.it/fermo/cronaca/ponte-rubbianello-0d9fe46e;2020-12-02;2026-05-20;IT;Retrospective article documenting the long-term consequences and reconstruction delays following the collapse of Ponte di Rubbianello.
SRC0386;B13.12.01;News;La Repubblica;Maltempo al Sud: allagamenti, esonda il fiume Aso e crolla un ponte;https://www.repubblica.it/cronaca/2013/12/02/news/maltempo_sud_italia-72473507/;2013-12-02;2026-05-20;IT;National coverage documenting flooding of the Aso river and collapse of the bridge during the December 2013 storm event.
SRC0387;B13.12.02;News;NTR24;Apice, crolla un pilastro del ponte sul fiume Miscano;https://www.ntr24.tv/2013/12/03/apice-crolla-un-pilastro-del-ponte-sul-fiume-miscano/;2013-12-03;2026-05-20;IT;Local news report documenting collapse of a bridge pier over the Miscano river near Apice.
SRC0388;B13.12.02;News;Radio Marte;Crolla pilastro di un ponte;https://www.radiomarte.it/crolla-pilastro-di-un-ponte/;2013-12-03;2026-05-20;IT;Regional news coverage documenting structural failure of the bridge support element and resulting infrastructure disruption.
SRC0389;B13.12.03;News;L'Eco di Bergamo;La Valle Serina divisa in due: ad Algua crolla sperone roccioso;https://www.ecodibergamo.it/stories/Cronaca/la-valle-serina-divisa-in-due-algua-crolla-sperone-roccioso_1035641_11/;2013-12-04;2026-05-20;IT;Local news report documenting collapse of the bridge after a major rockfall event affecting the Serina valley road corridor.
SRC0390;B13.12.03;News;Corriere della Sera;Sbalzo termico, frana travolge ponte in Valle Serina;https://bergamo.corriere.it/notizie/cronaca/13_dicembre_04/sbalzo-termico-frana-travolge-ponte-serina-08c70904-5cd7-11e3-a319-5493e7b80f59.shtml;2013-12-04;2026-05-20;IT;National/regional coverage documenting slope instability and bridge collapse caused by rockfall and thermal excursion effects.
SRC0391;B12.11.01;Official/Technical;Regione Toscana;Maltempo, crollato un ponte nel comune di Aulla;https://www.toscana-notizie.it/-/maltempo-crollato-un-ponte-nel-comune-di-aulla;2012-11-11;2026-05-20;IT;Official regional communication documenting collapse of the bridge near Sericciolo/Aulla during the November 2012 flood emergency.
SRC0392;B12.11.01;News;Il Tirreno;Crollato il ponte di Serricciolo, senza gas;https://www.iltirreno.it/massa/cronaca/2012/11/12/news/crollato-il-ponte-serricciolo-senza-gas-1.6020040;2012-11-12;2026-05-20;IT;Local news report documenting total bridge collapse and infrastructure disruption caused by severe flooding of the Aulella stream.
SRC0393;B12.11.02;News;Belluno Press;Crolla il ponte di pietra sul torrente Terche a Mel;https://www.bellunopress.it/2012/11/11/crolla-il-ponte-di-pietra-sul-torrente-terche-a-mel-sul-cismon-recuperato-un-temerario-canoista/;2012-11-11;2026-05-20;IT;Local news report documenting collapse of the stone bridge over the Terche stream during the November 2012 flood event.
SRC0394;B12.11.02;News;Belluno Press;Crollo del ponte sul Terche, intervento del sindaco di Mel Stefano Cesa;https://www.bellunopress.it/2012/11/14/crollo-del-ponte-sul-terche-intervento-del-sindaco-di-mel-stefano-cesa/;2012-11-14;2026-05-20;IT;Follow-up local news coverage documenting institutional response and consequences of the bridge collapse event.
SRC0395;B12.11.03;News;Il Post;Il ponte crollato a Grosseto;https://www.ilpost.it/2012/11/13/ponte-grosseto/;2012-11-13;2026-05-20;IT;National news coverage documenting bridge collapse during the November 2012 flood event in central Italy.
SRC0396;B12.11.03;News;Rai TG3;Crollo del ponte durante il maltempo;https://www.rai.it/dl/tg3/articoli/ContentItem-9776546a-13a0-49aa-b11a-87f32a91e388.html;2012-11-13;2026-05-20;IT;National television news coverage documenting hydraulic collapse conditions and flood impacts associated with the event.
SRC0397;B12.11.03;Scientific;Journal Paper;Analisi tecnico-giuridica del crollo del ponte durante gli eventi alluvionali del 2012;https://olympus.uniurb.it/index.php?option=com_content&view=article&id=34591&catid=17&Itemid=138;2024-01-01;2026-05-20;IT;Technical and legal analysis related to infrastructure failure mechanisms and responsibilities associated with the 2012 flood-induced bridge collapse event.
SRC0398;B12.11.04;News;intoscana;Il ponte delle Nove Luci verso la ricostruzione: 1,3 milioni dalla Regione Toscana;https://www.intoscana.it/it/il-ponte-delle-nove-luci-verso-la-ricostruzione-13-milioni-dalla-regione-toscana/;2020-10-07;2026-05-20;IT;Regional news article documenting reconstruction planning for the Ponte delle Nove Luci destroyed during the 2012 flood event affecting the Orcia river basin.
SRC0399;B12.11.04;News;Radio Siena TV;Ponte sull’Orcia crollato nel 2012, Franceschelli presenta un emendamento alla legge di bilancio;https://www.radiosienatv.it/ponte-sullorcia-crollato-nel-2012-franceschelli-presenta-un-emendamento-alla-legge-di-bilancio/;2018-12-14;2026-05-20;IT;Local news coverage documenting long-term reconstruction issues and institutional actions related to the bridge collapse over the Orcia river.
SRC0400;B11.01.01;Official/Technical;Provincia di Ancona;Crollo del ponte sul fiume Cesano, sopralluogo della presidente;https://www.provincia.ancona.it/Crollo-del-ponte-sul-fiume-Cesano-sopralluogo-della-presidente;2017-02-06;2026-05-20;IT;Official institutional communication regarding inspections and reconstruction planning for the bridge collapsed over the Cesano river near Corinaldo.
SRC0401;B11.01.01;News;Corriere Adriatico;Corinaldo, ponte sul Cesano: Zenobi e Principi chiedono interventi urgenti;https://www.corriereadriatico.it/ancona/corinaldo_zenobi_principi_cesano_ponte-2567731.html;2017-02-06;2026-05-20;IT;Regional news coverage discussing the long-term consequences and reconstruction needs related to the collapsed bridge over the Cesano river.
SRC0402;B11.03.01;News;Il Resto;Il ponte di Calciano: un problema non risolto;http://www.giuseppebalena.it/index.php/articoli-cartacei/il-resto/92-articoli-de-il-resto/316-il-ponte-di-calciano-un-problema-non-risolto-n-73-07-05-2011;2011-05-07;2026-05-20;IT;Local article discussing the collapse and long-term structural and infrastructural consequences affecting the Basentana corridor near Calciano.
SRC0403;B11.03.01;News;La Gazzetta del Mezzogiorno;Basentana, demolito il pilone ferito;https://www.lagazzettadelmezzogiorno.it/news/basilicata/263517/basentana-demolito-il-pilone-ferito.html;2011-04-07;2026-05-20;IT;Regional news coverage documenting demolition and emergency intervention works following severe structural damage to the bridge infrastructure over the Basento river.
SRC0404;B11.03.02;News;Il Centro;Ecco il ponte crollato da più di 2 anni;https://www.ilcentro.it/teramo/ecco-il-ponte-crollato-da-pi%C3%B9-di-2-anni-1.1181096;2013-07-25;2026-05-20;IT;Local news article documenting the long-term interruption and reconstruction issues associated with a bridge collapse in the Teramo province following the 2011 flood events.
SRC0405;B11.03.03;News;Il Centro;Ecco il ponte crollato da più di 2 anni;https://www.ilcentro.it/teramo/ecco-il-ponte-crollato-da-pi%C3%B9-di-2-anni-1.1181096;2013-07-25;2026-05-20;IT;Local news article documenting the long-term interruption and reconstruction issues associated with a bridge collapse in the Teramo province following the 2011 flood events.
SRC0406;B11.03.04;News;Cronache Maceratesi;Cede un pilone del ponte tra Corridonia e Colbuccaro;https://www.cronachemaceratesi.it/2011/03/02/cede-un-pilone-del-ponte-tra-corridonia-e-colbuccaro/58063/;2011-03-02;2026-05-20;IT;Local news report documenting failure of one of the bridge piers between Corridonia and Colbuccaro following severe hydraulic conditions affecting the Fiastra river corridor.
SRC0407;B11.03.04;News;Corriere Adriatico;Infrastrutture, 2 milioni di euro per il ponte di Colbuccaro;https://www.corriereadriatico.it/macerata/infrastutture_2_milioni_euro_ponte_colbuccaro-232434.html;2014-07-30;2026-05-20;IT;Regional news coverage documenting reconstruction funding and long-term infrastructural consequences following the bridge collapse event.
SRC0408;B11.05.01;News;La7;Ferrovia spezzata: pendolari da 6 anni senza treno;https://www.la7.it/tagada/video/ferrovia-spezzata-pendolari-da-6-anni-senza-treno-12-12-2017-229542;2017-12-12;2026-05-20;IT;Television report documenting long-term interruption of the Caltagirone-Gela railway line following collapse and structural failure of the bridge infrastructure.
SRC0409;B11.05.01;Official/Technical;Ministero dell'Interno;Demolizione totale del ponte ferroviario Caltagirone-Gela in provincia di Catania;https://www.interno.gov.it/it/notizie/demolizione-totale-ponte-ferroviario-caltagirone-gela-provincia-catania;2021-03-18;2026-05-20;IT;Official communication documenting demolition works and safety interventions associated with the collapsed railway bridge infrastructure.
SRC0410;B11.10.01;News;Wikipedia;Alluvione dello Spezzino e della Lunigiana del 25 ottobre 2011;https://it.wikipedia.org/wiki/Alluvione_dello_Spezzino_e_della_Lunigiana_del_25_ottobre_2011#:~:text=In%20dieci%20giorni%20sono%20franati,%2C%20Corniglia%2C%20Monterosso%20e%20Vernazza.;2011-10-25;2026-05-20;IT;General overview of the catastrophic Liguria–Lunigiana flood event documenting widespread hydraulic destruction, bridge collapses, landslides, and infrastructure failures across Tuscany and Liguria.
SRC0411;B11.10.01;News;Il Tirreno;Crollato il ponte della Colombiera;https://www.iltirreno.it/massa/cronaca/2011/10/27/news/crollato-il-ponte-della-colombiera-1.2765995;2011-10-27;2026-05-20;IT;Local news report documenting collapse of the Colombiera bridge in the Aulla/Lunigiana area during the October 2011 flood disaster.
SRC0412;B11.10.02;News;Wikipedia;Alluvione dello Spezzino e della Lunigiana del 25 ottobre 2011;https://it.wikipedia.org/wiki/Alluvione_dello_Spezzino_e_della_Lunigiana_del_25_ottobre_2011#:~:text=In%20dieci%20giorni%20sono%20franati,%2C%20Corniglia%2C%20Monterosso%20e%20Vernazza.;2011-10-25;2026-05-20;IT;General overview of the catastrophic Liguria–Lunigiana flood event documenting widespread hydraulic destruction, bridge collapses, landslides, and infrastructure failures across Tuscany and Liguria.
SRC0413;B11.10.02;Official/Technical;Regione Toscana;Alluvione Lunigiana, via al bando per la ricostruzione del ponte di Stadano;https://www.toscana-notizie.it/-/alluvione-lunigiana-via-al-bando-per-la-ricostruzione-del-ponte-di-stadano;2015-06-29;2026-05-20;IT;Official regional communication documenting reconstruction procedures for the Stadano bridge destroyed during the 2011 Lunigiana flood disaster.
SRC0414;B11.10.02;News;Il Tirreno;Ponte di Stadano, crollo annunciato;https://www.iltirreno.it/massa/cronaca/2011/11/05/news/ponte-di-stadano-crollo-annunciato-1.2782390;2011-11-05;2026-05-20;IT;Local news report discussing pre-existing structural criticalities and collapse of the Stadano bridge during the October 2011 flood event.
SRC0415;B11.10.03;News;Wikipedia;Alluvione dello Spezzino e della Lunigiana del 25 ottobre 2011;https://it.wikipedia.org/wiki/Alluvione_dello_Spezzino_e_della_Lunigiana_del_25_ottobre_2011#:~:text=In%20dieci%20giorni%20sono%20franati,%2C%20Corniglia%2C%20Monterosso%20e%20Vernazza.;2011-10-25;2026-05-20;IT;General overview of the catastrophic Liguria–Lunigiana flood event documenting widespread hydraulic destruction, bridge collapses, landslides, and infrastructure failures across Tuscany and Liguria.
SRC0416;B11.10.03;News;Il Post;La situazione in Liguria e Toscana;https://www.ilpost.it/2011/10/28/la-situazione-in-liguria-e-toscana/;2011-10-28;2026-05-20;IT;National overview of the October 2011 Liguria–Tuscany flood disaster documenting widespread hydraulic damage, landslides, bridge collapses, and infrastructure failures across Lunigiana and eastern Liguria.
SRC0417;B11.10.04;News;Wikipedia;Alluvione dello Spezzino e della Lunigiana del 25 ottobre 2011;https://it.wikipedia.org/wiki/Alluvione_dello_Spezzino_e_della_Lunigiana_del_25_ottobre_2011#:~:text=In%20dieci%20giorni%20sono%20franati,%2C%20Corniglia%2C%20Monterosso%20e%20Vernazza.;2011-10-25;2026-05-20;IT;General overview of the catastrophic Liguria–Lunigiana flood event documenting widespread hydraulic destruction, bridge collapses, landslides, and infrastructure failures across Tuscany and Liguria.
SRC0418;B11.10.04;News;Il Post;La situazione in Liguria e Toscana;https://www.ilpost.it/2011/10/28/la-situazione-in-liguria-e-toscana/;2011-10-28;2026-05-20;IT;National overview of the October 2011 Liguria–Tuscany flood disaster documenting widespread hydraulic damage, landslides, bridge collapses, and infrastructure failures across Lunigiana and eastern Liguria.
SRC0419;B11.10.05;News;Wikipedia;Alluvione dello Spezzino e della Lunigiana del 25 ottobre 2011;https://it.wikipedia.org/wiki/Alluvione_dello_Spezzino_e_della_Lunigiana_del_25_ottobre_2011#:~:text=In%20dieci%20giorni%20sono%20franati,%2C%20Corniglia%2C%20Monterosso%20e%20Vernazza.;2011-10-25;2026-05-20;IT;General overview of the catastrophic Liguria–Lunigiana flood event documenting widespread hydraulic destruction, bridge collapses, landslides, and infrastructure failures across Tuscany and Liguria.
SRC0420;B11.10.05;News;Il Post;La situazione in Liguria e Toscana;https://www.ilpost.it/2011/10/28/la-situazione-in-liguria-e-toscana/;2011-10-28;2026-05-20;IT;National overview of the October 2011 Liguria–Tuscany flood disaster documenting widespread hydraulic damage, landslides, bridge collapses, and infrastructure failures across Lunigiana and eastern Liguria.
SRC0421;B11.10.06;News;Wikipedia;Alluvione dello Spezzino e della Lunigiana del 25 ottobre 2011;https://it.wikipedia.org/wiki/Alluvione_dello_Spezzino_e_della_Lunigiana_del_25_ottobre_2011#:~:text=In%20dieci%20giorni%20sono%20franati,%2C%20Corniglia%2C%20Monterosso%20e%20Vernazza.;2011-10-25;2026-05-20;IT;General overview of the catastrophic Liguria–Lunigiana flood event documenting widespread hydraulic destruction, bridge collapses, landslides, and infrastructure failures across Tuscany and Liguria.
SRC0422;B11.10.06;News;Il Post;La situazione in Liguria e Toscana;https://www.ilpost.it/2011/10/28/la-situazione-in-liguria-e-toscana/;2011-10-28;2026-05-20;IT;National overview of the October 2011 Liguria–Tuscany flood disaster documenting widespread hydraulic damage, landslides, bridge collapses, and infrastructure failures across Lunigiana and eastern Liguria.
SRC0423;B11.10.07;News;Wikipedia;Alluvione dello Spezzino e della Lunigiana del 25 ottobre 2011;https://it.wikipedia.org/wiki/Alluvione_dello_Spezzino_e_della_Lunigiana_del_25_ottobre_2011#:~:text=In%20dieci%20giorni%20sono%20franati,%2C%20Corniglia%2C%20Monterosso%20e%20Vernazza.;2011-10-25;2026-05-20;IT;General overview of the catastrophic Liguria–Lunigiana flood event documenting widespread hydraulic destruction, bridge collapses, landslides, and infrastructure failures across Tuscany and Liguria.
SRC0424;B11.10.07;News;Il Post;La situazione in Liguria e Toscana;https://www.ilpost.it/2011/10/28/la-situazione-in-liguria-e-toscana/;2011-10-28;2026-05-20;IT;National overview of the October 2011 Liguria–Tuscany flood disaster documenting widespread hydraulic damage, landslides, bridge collapses, and infrastructure failures across Lunigiana and eastern Liguria.
SRC0425;B11.10.08;News;Wikipedia;Alluvione dello Spezzino e della Lunigiana del 25 ottobre 2011;https://it.wikipedia.org/wiki/Alluvione_dello_Spezzino_e_della_Lunigiana_del_25_ottobre_2011#:~:text=In%20dieci%20giorni%20sono%20franati,%2C%20Corniglia%2C%20Monterosso%20e%20Vernazza.;2011-10-25;2026-05-20;IT;General overview of the catastrophic Liguria–Lunigiana flood event documenting widespread hydraulic destruction, bridge collapses, landslides, and infrastructure failures across Tuscany and Liguria.
SRC0426;B11.10.08;News;Il Post;La situazione in Liguria e Toscana;https://www.ilpost.it/2011/10/28/la-situazione-in-liguria-e-toscana/;2011-10-28;2026-05-20;IT;National overview of the October 2011 Liguria–Tuscany flood disaster documenting widespread hydraulic damage, landslides, bridge collapses, and infrastructure failures across Lunigiana and eastern Liguria.
SRC0427;B11.11.01;News;TorinoToday;Crollo del ponte Bertenga a Torre Pellice;https://www.torinotoday.it/cronaca/crollo-ponte-bertenga-torre-pellice.html;2011-11-07;2026-05-20;IT;Local news report documenting collapse of Ponte Bertenga over the Pellice river following severe flooding conditions in the Turin province area.
SRC0428;B11.11.01;News;La Stampa;Crolla ponte sul Pellice: ore d’ansia a Moncalieri;https://www.lastampa.it/torino/2011/11/07/news/crolla-ponte-sul-pellice-br-ore-d-ansia-a-moncalieri-1.36918170;2011-11-07;2026-05-20;IT;Regional news coverage documenting hydraulic emergency conditions and collapse of the bridge infrastructure over the Pellice river.
SRC0429;B11.11.02;News;Lamezia in strada;Calabria, Provincia avvia lavori vicino al ponte crollato a Marcellinara;https://www.lametino.it/ultimora/calabria-provincia-avvia-lavori-vicino-ponte-crollato-a-marcellinara.html;2012-02-06;2026-05-20;IT;Regional news report documenting emergency stabilization and reconstruction works following collapse of the bridge infrastructure near Marcellinara after the November 2011 flood event.
SRC0430;B11.11.03;News;Quotidiano di Sicilia;Barcellona Pozzo di Gotto, ponte Caldera dopo dieci lunghi anni;https://qds.it/barcellonapdg-ponte-caldera-dopo-dieci-lunghi-anni/;2021-11-25;2026-05-20;IT;Regional news article documenting the long-term consequences and delayed reconstruction of Ponte Caldera following the 2011 flood collapse event.
SRC0431;B11.11.03;News;Il Diario Metropolitano;Barcellona Pozzo di Gotto, ricostruzione del ponte di Caldera: proposta di aggiudicazione alla Ricciardello;https://ildiariometropolitano.it/notizie/notizie/cronaca/19262-barcellona-pozzo-di-gotto-ricostruzione-del-ponte-di-caldera-proposta-di-aggiudicazione-alla-ricciardello.html;2020-12-03;2026-05-20;IT;Local news coverage documenting reconstruction procurement activities for the Caldera bridge destroyed during the November 2011 flood event.
SRC0432;B10.01.01;News;Il Reventino;Ferrovia Cosenza-Catanzaro: il crollo del ponte sul Corace nel 2010 e la chiusura 18 mesi;https://www.ilreventino.it/ferrovia-cosenza-catanzaro-una-sintesi-di-questi-ultimi-10-anni-tra-passato-e-futuro/;2015-03-06;2026-05-20;IT;Regional history article explicitly confirming the 28 January 2010 collapse of the railway bridge over the Corace between Cicala and San Pietro Apostolo, the death of a maintenance worker, the near-miss with a train, and the 18-month line closure until 4 August 2011.
SRC0433;B10.01.01;News;Wikipedia IT;Ferrovia Cosenza-Catanzaro Lido: crollo ponte Corace 2010;https://it.wikipedia.org/wiki/Ferrovia_Cosenza-Catanzaro_Lido;2025-12-09;2026-05-20;IT;Wikipedia article on the FCL railway line confirming the January 2010 collapse of the Corace bridge between Cicala and San Pietro Apostolo, the death of a maintenance worker swept away by the flood, and the line reopening on 4 August 2011.
SRC0434;B10.01.01;Scientific;Journal Paper;Bridge collapses in Italy across the 21st century: survey and statistical analysis;https://doi.org/10.1080/15732479.2025.2483500;2025-01-01;2026-05-20;EN;Peer-reviewed paper including this hydraulic railway bridge collapse in its systematic survey of Italian bridge failures in the 21st century.
SRC0435;B10.03.01;Scientific;Journal Paper;Bridge collapses in Italy across the 21st century: survey and statistical analysis;https://doi.org/10.1080/15732479.2025.2483500;2025-01-01;2026-05-20;EN;Peer-reviewed paper including this hydraulic collapse in its systematic survey of Italian bridge failures.
SRC0436;B10.03.01;News;CN24TV;Inaugurato il ponte sul fiume Simeri, danneggiato da alluvioni nel 2010;https://cn24tv.it/news/inaugurato-il-ponte-sul-fiume-simeri-danneggiato-da-alluvioni-nel-2010/;2012-05-08;2026-05-20;IT;Local paper
SRC0437;B10.06.01;Scientific;Journal Paper;Bridge collapses in Italy across the 21st century: survey and statistical analysis;https://doi.org/10.1080/15732479.2025.2483500;2025-01-01;2026-05-20;EN;Peer-reviewed paper including this hydraulic collapse in its systematic survey of Italian bridge failures.
SRC0438;B10.06.01;News;Cuneocronaca.it;Alluvione Cuneo giugno 2010: Tanaro in piena, danni province e ponti;https://www.cuneocronaca.it/cuneo-sabato-in-provincia-si-valutano-i-danni-dell-alluvione;2010-05-23;2026-05-20;IT;Local Cuneo news confirming the June 2010 Tanaro flood event causing bridge and road damage across the Cuneo province including at Monchiero.
SRC0439;B10.10.01;News;Gazzetta di Modena;Aperto il nuovo ponte sul torrente Dolo a Frassinoro, sostituisce quello crollato nel 2010;https://www.gazzettadimodena.it/modena/cronaca/2011/11/20/news/aperto-il-nuovo-ponte-sul-torrente-dolo-1.1684398;2010-11-20;2026-05-20;IT;Direct news report confirming the October 2010 collapse of the municipal bridge over the Dolo stream at Frassinoro and documenting the record 4-month reconstruction (1 month design + 3 months construction) inaugurated on 20 November 2011.
SRC0440;B10.10.01;Scientific;Journal Paper;Bridge collapses in Italy across the 21st century: survey and statistical analysis;https://doi.org/10.1080/15732479.2025.2483500;2025-01-01;2026-05-20;EN;Peer-reviewed paper including this hydraulic collapse in its systematic survey of Italian bridge failures.
SRC0441;B09.05.01;News;TGCom24;Cede giunto viadotto,rischio crollo;https://www.tgcom24.mediaset.it/cronaca/articoli/450270/cede-giunto-viadotto-rischio-crollo.shtml;2009-05-21;2026-05-20;IT;TGCOM
SRC0442;B09.05.01;Scientific;Journal Paper;Bridge collapses in Italy across the 21st century: survey and statistical analysis;https://doi.org/10.1080/15732479.2025.2483500;2025-01-01;2026-05-20;EN;Peer-reviewed paper including this design and construction defect collapse in its systematic survey, confirming triggered=FALSE and 3 injuries.
SRC0443;B09.05.01;News;Il Fatto Quotidiano;I ponti italiani che crollano: SS626 in Sicilia, 2009 tra i casi documentati;https://www.ilfattoquotidiano.it/2018/08/20/crollo-ponte-morandi-a-genova-la-lista-dei-viadotti-crollati-in-italia-negli-ultimi-anni/4572813/;2018-08-20;2026-05-20;IT;Il Fatto Quotidiano article documenting bridge collapses in Italy including the 2009 SS626 Gela viaduct collapse among a series of design-and-construction failures on Sicilian national roads.
SRC0444;B09.12.01;Scientific;Journal Paper;Bridge collapses in Italy across the 21st century: survey and statistical analysis;https://doi.org/10.1080/15732479.2025.2483500;2025-01-01;2026-05-20;EN;Peer-reviewed paper including this hydraulic collapse in its systematic survey.
SRC0445;B09.01.01;Scientific;Journal Paper;Bridge collapses in Italy across the 21st century: survey and statistical analysis;https://doi.org/10.1080/15732479.2025.2483500;2025-01-01;2026-05-20;EN;Peer-reviewed paper including this collapse in its systematic survey of Italian bridge failures.
SRC0446;B09.01.01;News;Local paper;Il ponte sul torrente Marro;https://www.sanmartinoditaurianova.com/index.php/eventi/il-ponte-sul-torrente-marro;2009-01-12;2026-05-20;IT;Local paper
SRC0447;B09.01.01;News;Il Quotidiano del Sud;Maltempo: crolla un pnte, due feriti;https://www.quotidianodelsud.it/archivio/2009/01/26/maltempo-crolla-un-ponte-due-feriti;2009-01-26;2026-05-20;IT;Regional Calabrian news coverage of the January 2009 winter flood event causing bridge collapse at Taurianova.
SRC0448;B09.02.01;Scientific;Journal Paper;Bridge collapses in Italy across the 21st century: survey and statistical analysis;https://doi.org/10.1080/15732479.2025.2483500;2025-01-01;2026-05-20;EN;Peer-reviewed paper including this collapse in its systematic survey of Italian bridge failures.
SRC0449;B09.02.01;News;Local paper;Enna: Crollano 2 arcate Sp 28 – Panoramica;https://www.vivienna.it/2009/02/10/enna-crollano-2-arcate-sp-28-panoramica/;2009-01-31;2026-05-20;IT;local paper
SRC0450;B09.04.01;Official/Technical;Protezione Civile;Terremoto in Abruzzo del 6 aprile 2009 – scheda evento ufficiale;https://emergenze.protezionecivile.gov.it/it/sismiche/terremoto-abruzzo-2009/;2009-04-05;2026-05-20;IT;Official Protezione Civile event page for the 6 April 2009 L'Aquila earthquake (M6.3, 309 deaths), documenting widespread infrastructure damage including bridge collapses in the Aterno valley at Fossa and L'Aquila.
SRC0451;B09.04.01;Official/Technical;Wikipedia EN;Fossa, Abruzzo – bridge collapse during 2009 L'Aquila earthquake;https://en.wikipedia.org/wiki/Fossa,_Abruzzo;2025-12-09;2026-05-20;EN;Wikipedia entry documenting the collapse of the 35m three-span RC bridge on SR261 at Fossa during the earthquake, noting pre-existing corrosion (exposed steel bars, thin cover concrete) as the structural vulnerability exploited by the seismic shaking.
SRC0452;B09.04.01;News;ANSA;L'Aquila 6 aprile 2009: la terribile scossa – danni alle infrastrutture viarie;https://www.ansa.it/web/notizie/rubriche/speciali/2010/04/03/visualizza_new.html_1758974285.html;2010-04-03;2026-05-20;IT;ANSA first-anniversary special documenting the full extent of infrastructure damage from the 6 April 2009 L'Aquila earthquake, including bridge collapses on the Aterno and Raio rivers near Fossa and Scoppito.
SRC0453;B09.04.02;Official/Technical;Protezione Civile;Terremoto in Abruzzo del 6 aprile 2009 – scheda evento ufficiale;https://emergenze.protezionecivile.gov.it/it/sismiche/terremoto-abruzzo-2009/;2009-04-05;2026-05-20;IT;Official Protezione Civile event page documenting infrastructure damage including the partial collapse of the municipal Aterno bridge in L'Aquila during the M6.3 earthquake of 6 April 2009.
SRC0454;B09.04.02;News;ANSA;L'Aquila 6 aprile 2009: la terribile scossa – danni a ponti e viabilità;https://www.ansa.it/web/notizie/rubriche/speciali/2010/04/03/visualizza_new.html_1758974285.html;2010-04-03;2026-05-20;IT;ANSA anniversary special documenting bridge and road infrastructure damage across the L'Aquila earthquake zone including partial collapse of the municipal Aterno bridge.
SRC0455;B09.04.02;Scientific;Journal Paper;Bridge collapses in Italy across the 21st century: survey and statistical analysis;https://doi.org/10.1080/15732479.2025.2483500;2025-01-01;2026-05-20;EN;Peer-reviewed paper including this collapse in its systematic survey of Italian bridge failures.
SRC0456;B09.04.03;Official/Technical;Protezione Civile;Terremoto in Abruzzo del 6 aprile 2009 – scheda evento ufficiale;https://emergenze.protezionecivile.gov.it/it/sismiche/terremoto-abruzzo-2009/;2009-04-05;2026-05-20;IT;Official Protezione Civile event page documenting the 6 April 2009 L'Aquila earthquake damage including the partial collapse of the provincial Raio river bridge near Scoppito.
SRC0457;B09.04.03;News;ANSA;L'Aquila 6 aprile 2009: danni a infrastrutture viarie – Scoppito tra i comuni colpiti;https://www.ansa.it/web/notizie/rubriche/speciali/2010/04/03/visualizza_new.html_1758974285.html;2010-04-03;2026-05-20;IT;ANSA anniversary special documenting the L'Aquila earthquake damage across 56 municipalities including Scoppito, where the Raio river bridge suffered partial collapse.
SRC0458;B09.04.03;Scientific;Journal Paper;Bridge collapses in Italy across the 21st century: survey and statistical analysis;https://doi.org/10.1080/15732479.2025.2483500;2025-01-01;2026-05-20;EN;Peer-reviewed paper including this collapse in its systematic survey of Italian bridge failures.
SRC0459;B09.04.04;News;ANSA;Crollo ponte sul Po tra San Rocco al Porto e Piacenza: tutti assolti i dirigenti ANAS;https://www.ansa.it/emiliaromagna/notizie/2015/01/23/crollo-ponte-sul-po-tutti-assolti_ab101920-5a0f-4173-8fd1-e5f8c8ad6a6e.html;2015-01-23;2026-05-20;IT;ANSA direct report on the January 2015 acquittal of 5 ANAS directors, confirming the 30 April 2009 collapse of the SS9 Po bridge span, 3 injuries, and hydraulic cause (exceptional Po flood raising levels over 6 metres).
SRC0460;B09.04.04;Scientific;Journal Paper;Bridge collapses in Italy across the 21st century: survey and statistical analysis;https://doi.org/10.1080/15732479.2025.2483500;2025-01-01;2026-05-20;EN;Peer-reviewed paper including this collapse in its systematic survey of Italian bridge failures.
SRC0461;B08.05.01;Scientific;Journal Paper;Bridge collapses in Italy across the 21st century: survey and statistical analysis;https://doi.org/10.1080/15732479.2025.2483500;2025-01-01;2026-05-21;EN;Peer-reviewed paper including this hydraulic collapse in its systematic survey.
SRC0462;B08.05.01;News;MeteoNetwork;Alluvione maggio 2008 in Provincia di Cuneo: resoconto completo;https://www.meteonetwork.it/wp-content/uploads/2017/03/Alluvione-nel-Cuneese.pdf;2008-06-01;2026-05-21;IT;Detailed MeteoNetwork report on the May 2008 Cuneo flood event explicitly documenting bridge collapses across the Varaita, Grana and Po valleys including at Frassino.
SRC0463;B08.05.01;Official/Technical;Regione Piemonte;Evento alluvionale 29-30 maggio 2008 – relazione tecnica ufficiale;https://www.regione.piemonte.it/web/sites/default/files/media/documenti/2023-07/evento_maggio_2008_pv_cn.pdf;2008-06-01;2026-05-21;IT;Official Regione Piemonte technical report on the 29-30 May 2008 flood event in provinces of Cuneo and Pavia, confirming bridge collapses across mountain stream valleys including the Varaita and Stura di Viù.
SRC0464;B08.05.02;Scientific;Journal Paper;Bridge collapses in Italy across the 21st century: survey and statistical analysis;https://doi.org/10.1080/15732479.2025.2483500;2025-01-01;2026-05-21;EN;Peer-reviewed paper including this hydraulic collapse in its systematic survey.
SRC0465;B08.05.02;Official/Technical;Regione Piemonte;Evento alluvionale 29-30 maggio 2008 – relazione tecnica ufficiale;https://www.regione.piemonte.it/web/sites/default/files/media/documenti/2023-07/evento_maggio_2008_pv_cn.pdf;2008-06-01;2026-05-21;IT;Official Regione Piemonte technical report confirming the 29 May 2008 flood in the Valli di Lanzo (Stura di Viù) area causing bridge collapse at Usseglio.
SRC0466;B08.05.02;News;MeteoNetwork;Alluvione maggio 2008 in Provincia di Cuneo: resoconto completo;https://www.meteonetwork.it/wp-content/uploads/2017/03/Alluvione-nel-Cuneese.pdf;2008-06-01;2026-05-21;IT;MeteoNetwork report documenting bridge collapses caused by the late May 2008 flood event across the Cuneo and Turin Alpine valleys, including the Stura di Viù at Usseglio.
SRC0467;B08.10.01;News;ANSA;Alluvione Capoterra 2008: confermata l'assoluzione in appello per i quattro morti;https://www.ansa.it/sardegna/notizie/2020/02/03/alluvione-2008-confermata-lassoluzione_2eb4589f-f10f-4c0e-9761-26c98b25417d.html;2020-02-03;2026-05-21;IT;ANSA direct report confirming the 22 October 2008 Capoterra flood killed 4 people (Sollai, Zucca, Porcu, Lepori) and that all defendants were acquitted on appeal, including ex-ANAS directors charged with failing to demolish an obstructing bridge on the Rio San Girolamo.
SRC0468;B08.10.01;News;ANSA;Alluvione Capoterra: esperto, in 700 anni mai un evento simile – 106mm in 30 minuti;https://www.ansa.it/sardegna/notizie/2015/01/29/alluvione-capoterraespertoin-700-anni-mai-un-evento-simile_4e38bbb6-f28b-478c-8506-76d8a5ac0640.html;2015-01-29;2026-05-21;IT;ANSA report citing the court-appointed expert who stated 106mm fell in 30 minutes at Capoterra on 22 October 2008 (possibly the greatest flash flood in Italian history), and that a bridge on the Rio San Girolamo contributed to the catastrophic overflow.
SRC0469;B08.10.01;News;ANSA;Alluvione 2008: al via demolizione e ricostruzione ponti a Capoterra;https://www.ansa.it/sardegna/notizie/2021/01/11/alluvione-2008-al-via-demolizione-e-ricostruzione-ponti-a-capoterra_3cb11d14-9cf6-4276-9bfc-f00d0c6792ab.html;2021-01-11;2026-05-21;IT;ANSA direct report on the January 2021 start of demolition and reconstruction of the bridges destroyed in the October 2008 Capoterra flood, confirming the Rio San Girolamo bridge collapses and the 4 deaths.
SRC0470;B08.10.02;Scientific;Journal Paper;Bridge collapses in Italy across the 21st century: survey and statistical analysis;https://doi.org/10.1080/15732479.2025.2483500;2025-01-01;2026-05-21;EN;Peer-reviewed paper including this hydraulic collapse in its systematic survey.
SRC0471;B08.10.02;News;L'Unione Sarda;Alluvione 22 ottobre 2008: strage a Capoterra, danni in tutta la Sardegna;https://www.unionesarda.it/foto/cronaca-sardegna/accaddeoggi-22-ottobre-2008-valanga-d-acqua-sul-cagliaritano-e-strage-4-morti-e45vjk2l;2017-10-21;2026-05-21;IT;L'Unione Sarda anniversary photo report on the 22 October 2008 Sardinia flood, documenting the 4 deaths at Capoterra and widespread infrastructure damage including bridge collapses across the Cagliari and Ogliastra areas on the same date as the Tertenia/Triei collapses.
SRC0472;B08.10.02;News;ANSA;Alluvione 2008: al via demolizione e ricostruzione ponti a Capoterra;https://www.ansa.it/sardegna/notizie/2021/01/11/alluvione-2008-al-via-demolizione-e-ricostruzione-ponti-a-capoterra_3cb11d14-9cf6-4276-9bfc-f00d0c6792ab.html;2021-01-11;2026-05-21;IT;ANSA contextual reference confirming the October 2008 Sardinia flood event that caused bridge collapses across multiple municipalities including Capoterra and the broader Cagliari-Ogliastra area (same event as Triei collapse).
SRC0473;B08.10.03;Scientific;Journal Paper;Bridge collapses in Italy across the 21st century: survey and statistical analysis;https://doi.org/10.1080/15732479.2025.2483500;2025-01-01;2026-05-21;EN;Peer-reviewed paper including this hydraulic collapse in its systematic survey.
SRC0474;B08.10.03;News;L'Unione Sarda;Alluvione 22 ottobre 2008: strage a Capoterra, danni in tutta la Sardegna;https://www.unionesarda.it/foto/cronaca-sardegna/accaddeoggi-22-ottobre-2008-valanga-d-acqua-sul-cagliaritano-e-strage-4-morti-e45vjk2l;2017-10-21;2026-05-21;IT;L'Unione Sarda report on the 22 October 2008 Sardinia flood confirming widespread damage across multiple Sardinian municipalities on the same date as the Tertenia Rio Corongiu bridge collapse.
SRC0475;B08.10.03;News;L'Unione Sarda;Capoterra: demolizione dei ponti sulla SS195 dopo l'alluvione del 22 ottobre 2008;https://www.unionesarda.it/news-sardegna/provincia-cagliari/capoterra-modifiche-al-traffico-per-la-demolizione-dei-ponti-sulla-strada-statale-195-j2wdfsyj;2022-10-13;2026-05-21;IT;L'Unione Sarda direct article on the demolition of bridges destroyed in the October 2008 Sardinia flood, contextualising the same event that caused the Tertenia Rio Corongiu bridge collapse.
SRC0476;B08.11.01;Scientific;Journal Paper;Bridge collapses in Italy across the 21st century: survey and statistical analysis;https://doi.org/10.1080/15732479.2025.2483500;2025-01-01;2026-05-21;EN;Peer-reviewed paper including this hydraulic collapse in its systematic survey.
SRC0477;B08.11.01;News;ANSA;Alluvione Capoterra 2008: confermata assoluzione in appello;https://www.ansa.it/sardegna/notizie/2020/02/03/alluvione-2008-confermata-lassoluzione_2eb4589f-f10f-4c0e-9761-26c98b25417d.html;2020-02-03;2026-05-21;IT;ANSA article on the October 2008 Sardinia flood event (same system that caused the Orosei Rio sa Minda bridge collapse in November), confirming the scale of infrastructure damage across the island during the autumn 2008 flooding season.
SRC0478;B08.11.01;News;L'Unione Sarda;Alluvione ottobre 2008: valanga d'acqua sul Cagliaritano;https://www.unionesarda.it/foto/cronaca-sardegna/accaddeoggi-22-ottobre-2008-valanga-d-acqua-sul-cagliaritano-e-strage-4-morti-e45vjk2l;2017-10-21;2026-05-21;IT;L'Unione Sarda report on the autumn 2008 Sardinia flood series, providing context for the recurring hydraulic events that caused multiple bridge collapses including the Orosei Rio sa Minda in November 2008.
SRC0479;B08.12.01;Scientific;Journal Paper;Bridge collapses in Italy across the 21st century: survey and statistical analysis;https://doi.org/10.1080/15732479.2025.2483500;2025-01-01;2026-05-21;EN;Peer-reviewed paper including this hydraulic collapse in its systematic survey.
SRC0480;B08.12.01;Official/Technical;Provincia di Catanzaro;Dopo 12 anni dal crollo la Provincia consegna i lavori di ricostruzione del Ponte sul Savuto;https://www.provincia.catanzaro.it/index.php/439-dopo-12-anni-dal-crollo-la-provincia-consegna-i-lavori-di-ricostruzione-del-ponte-sul-savuto;2020-03-03;2026-05-21;IT;Official report Catanzaro
SRC0481;B08.12.01;News;Gazzetta del Sud;Il ponte crollato sul fiume Savuto a Nocera Terinese, un’opera dimenticata da 18 anni;https://catanzaro.gazzettadelsud.it/articoli/cronaca/2024/03/05/il-ponte-crollato-sul-fiume-savuto-a-nocera-terinese-unopera-dimenticata-da-18-anni-522f0bf7-bc9f-41fd-a38e-3b0a02499532/;2024-03-05;2026-05-21;IT;Gazzetta del Sud news
SRC0482;B06.09.01;Scientific;Journal Paper;Bridge collapses in Italy across the 21st century: survey and statistical analysis;https://doi.org/10.1080/15732479.2025.2483500;2025-01-01;2026-05-21;EN;Peer-reviewed paper including this collapse in its systematic survey of Italian bridge failures, confirming the cause, date, victims and injuries.
SRC0483;B06.09.01;News;La Stampa;Nubifragi e fango, la Liguria si piega;https://www.lastampa.it/cronaca/2006/09/15/news/nubifragi-e-fango-la-liguria-si-piega-1.37147807/;2006-09-15;2026-05-21;IT;La Stampa news
SRC0484;B06.06.01;Scientific;Journal Paper;Bridge collapses in Italy across the 21st century: survey and statistical analysis;https://doi.org/10.1080/15732479.2025.2483500;2025-01-01;2026-05-21;EN;Peer-reviewed paper including this collapse in its systematic survey of Italian bridge failures, confirming the cause, date, victims and injuries.
SRC0485;B06.06.01;News;La Stampa;Crollo rampa sulla Catania-Siracusa;https://www.lastampa.it/cronaca/2006/06/24/news/crolla-rampa-sulla-catania-siracusa-1.37155539;2006-06-24;2026-05-21;IT;La Stampa news
SRC0486;B06.06.01;News;La Gazzetta del Mezzogiorno;Crollo in autostrada: 1 morto, 14 feriti;https://www.lagazzettadelmezzogiorno.it/news/italia/50775/crollo-in-autostrada-1-morto-14-feriti-il-cordoglio-di-napolitano.html;2006-06-24;2026-05-21;IT;La gazzetta del mezzogiorno news
SRC0487;B05.06.01;Scientific;Journal Paper;Bridge collapses in Italy across the 21st century: survey and statistical analysis;https://doi.org/10.1080/15732479.2025.2483500;2025-01-01;2026-05-21;EN;Peer-reviewed paper including this Design and Construction collapse in its systematic survey, confirming 1 death and 4 injuries during a static load test (collaudo) of the partially-built SS42 bridge over the Oglio at Capo di Ponte.
SRC0488;B05.06.01;News;L'Eco di Bergamo;Crolla ponte durante collaudo – Muore camionista di Costa Volpino;https://www.ecodibergamo.it/stories/Cronaca/crolla-ponte-durante-collaudo-muore-camionista-di-c-volpino_45981_11/;2005-06-27;2026-05-21;IT;"Direct news report from 27 June 2005 confirming: collapsed campata of the partially-built SS42 bridge over the Oglio river (~5-6m high), during a static load test with trucks; camionista from Costa Volpino died; 3 others injured; works had been interrupted and never completed."
SRC0489;B05.06.01;News;Il Giornale;Crollo del ponte: i precedenti – 2005 Cassano Murge 5 morti e Capo di Ponte 2005;https://www.ilgiornale.it/news/crollo-ponte-i-precedenti.html;2007-08-02;2026-05-21;IT;Il Giornale article listing major Italian bridge collapse precedents, including the June 2005 Capo di Ponte Oglio collapse and the October 2005 Cassano delle Murge event.
SRC0490;B05.10.01;Scientific;Journal Paper;Bridge collapses in Italy across the 21st century: survey and statistical analysis;https://doi.org/10.1080/15732479.2025.2483500;2025-01-01;2026-05-21;EN;Peer-reviewed paper including this hydraulic collapse in its systematic survey of Italian bridge failures, confirming October 2005 date and provincial road class.
SRC0491;B05.10.01;News;La Gazzetta del Mezzogiorno;"Puglia, dopo la pioggia la ""normalità""";https://www.lagazzettadelmezzogiorno.it/news/puglia/39506/puglia-dopo-la-pioggia-la-normalita.html;2005-10-08;2026-05-21;IT;La gazzetta del mezzogiorno news
SRC0492;B05.10.02;Official/Technical;Wikipedia IT;Alluvione del torrente Picone (2005);https://it.wikipedia.org/wiki/Alluvione_del_torrente_Picone_(2005);2025-12-09;2026-05-21;IT;Wikipedia article documenting the 22-23 October 2005 Bari flood event, confirming 7 total deaths including 5 from the bridge collapse at Cassano delle Murge on the SP184 road over a dry riverbed, and the collapse of a second bridge near Adelfia.
SRC0493;B05.10.02;News;CassanoWeb;Dieci anni fa l'alluvione che sconvolse Cassano: cinque morti, il crollo di un ponte;https://archiviocassano.lavocedelpaese.info/index.php/2015/10/19/dieci-anni-fa-lalluvione-che-sconvolse-cassano-e-voi-dove-eravate/;2015-10-19;2026-05-21;IT;Local Cassano delle Murge news site 10th anniversary article explicitly confirming: the night of 22-23 October 2005, 5 deaths, collapse of a bridge, and widespread flooding on the SP184 road in the Cassano territory.
SRC0494;B05.10.03;Official/Technical;Wikipedia IT;Alluvione del torrente Picone (2005) – crollo ponte vicino ad Adelfia;https://it.wikipedia.org/wiki/Alluvione_del_torrente_Picone_(2005);2025-12-09;2026-05-21;IT;Wikipedia article on the October 2005 Bari flood confirming that a second bridge near Adelfia collapsed under the water during the same event, flooding many roads.
SRC0495;B05.10.03;Scientific;Journal Paper;Bridge collapses in Italy across the 21st century: survey and statistical analysis;https://doi.org/10.1080/15732479.2025.2483500;2025-01-01;2026-05-21;EN;Peer-reviewed paper including this hydraulic collapse in its systematic survey of Italian bridge failures, confirming the October 2005 date and provincial road class for the Adelfia bridge collapse.
SRC0496;B05.10.03;News;Università di Bari / JHR;Le alluvioni di Bari – ottobre 2005: crollato ponte Cassano Murge e Adelfia;https://www.michelemossa.it/allegato/JHR-P2990_ita.pdf;2012-04-01;2026-05-21;IT;Academic paper by Prof. Michele Mossa (Politecnico di Bari) published in Journal of Hydraulic Research, explicitly confirming the collapse of the SP21 bridge near Adelfia during the October 2005 event and documenting the full hydraulic context.
SRC0497;B05.11.01;Scientific;Journal Paper;Bridge collapses in Italy across the 21st century: survey and statistical analysis;https://doi.org/10.1080/15732479.2025.2483500;2025-01-01;2026-05-21;EN;Peer-reviewed paper confirming the 15 November 2005 spontaneous collapse of the cycle-pedestrian overpass over the Turin-Genoa railway at Villanova d'Asti, caused by Design and Construction defects, with 2 injuries.
SRC0498;B05.11.01;News;Corriere della Sera;Bloccata la linea ferroviaria Torino-Roma;https://www.corriere.it/Primo_Piano/Cronache/2005/11_Novembre/14/ferrovia.shtml;2005-11-14;2026-05-21;IT;Corriere news
SRC0499;B05.11.01;News;Gazzetta d'Asti;Crollo della passerella a Villanova: condanne in Tribunale;https://www.gazzettadasti.it/2011/06/22/crollo-della-passerella-a-villanova-condanne-in-tribunale-gazzetta-dasti/;2011-06-22;2026-05-21;IT;Gazzetta news
SRC0500;B04.05.01;Scientific;Journal Paper;Bridge collapses in Italy across the 21st century: survey and statistical analysis;https://doi.org/10.1080/15732479.2025.2483500;2025-01-01;2026-05-21;EN;Peer-reviewed paper including this Design and Construction collapse in its systematic survey of Italian bridge failures.
SRC0501;B04.05.01;Official/Technical;4emme Ingegneria;Indagini sui ponti – caso SP98 Rio Sinigo: crollo cassone CAP post-teso 2004;https://www.4emme.it/PDF/PS_4.1.pdf;2005-05-28;2026-05-21;IT;Italian bridge inspection technical document explicitly citing the May 2004 collapse of the 125m prestressed concrete box girder bridge on SP98 over the Rio Sinigo at Sinigo (Merano) as a case study of construction errors and absence of systematic inspection.
SRC0502;B04.10.01;Scientific;Journal Paper;Bridge collapses in Italy across the 21st century: survey and statistical analysis;https://doi.org/10.1080/15732479.2025.2483500;2025-01-01;2026-05-21;EN;Peer-reviewed paper including this hydraulic collapse in its systematic survey of Italian bridge failures.
SRC0503;B04.10.01;News;Local paper;Ponte sul Sangro, l'anas è senza fondi;https://www.histonium.net/notizie/attualita/491/ponte-sul-sangro-lanas-e-senza-fondi;2006-02-09;2026-05-21;IT;Local paper news
SRC0504;B04.10.01;News;Local paper;Oggi primo anniversario del crollo del ponte sul fiume Sangro;https://www.piazzarossetti.it/oggi-primo-anniversario-del-crollo-del-ponte-sul-fiume-sangro_20587.html;2005-10-24;2026-05-21;IT;Local paper news
SRC0505;B04.12.01;Scientific;Journal Paper;Bridge collapses in Italy across the 21st century: survey and statistical analysis;https://doi.org/10.1080/15732479.2025.2483500;2025-01-01;2026-05-21;EN;Peer-reviewed paper including this hydraulic collapse in its systematic survey.
SRC0506;B04.12.01;News;Corriere della Sera;Sardegna nel fango, resta l'emergenza;https://www.corriere.it/Primo_Piano/Cronache/2004/12_Dicembre/07/meteo.shtml;2025-12-09;2026-05-21;IT;Corriere news
SRC0507;B04.12.02;News;La Gazzetta del Mezzogiorno;Friuli – Durante collaudo crolla ponte: struttura si piega a V, 3 camion nel torrente;https://www.lagazzettadelmezzogiorno.it/news/italia/26010/friuli-durante-collaudo-crolla-ponte.html;2004-12-15;2026-05-21;IT;Direct news report on the 15 December 2004 collapse of the Ponte Chiavalir (SR552, Tramonti di Sopra) during the static load test, confirming 3 trucks fell into the Vielia, the V-shape failure and the non-serious injury to driver Angelo Picotto.
SRC0508;B04.12.02;News;Messaggero Veneto;Ponte crollato al collaudo – causa da 373 mila euro: ponte Chiavalir Tramonti di Sopra 2004;https://www.messaggeroveneto.it/cronaca/ponte-crollato-al-collaudo-causa-da-373-mila-euro-boeoqj4i;2013-08-01;2026-05-21;IT;"Messaggero Veneto report on the civil damages claim confirming: the Ponte Chiavalir on SR552 at Tramonti di Sopra collapsed on 15 December 2004 during the collaudo, ingulfing 3 gravel-loaded trucks; driver Angelo Picotto (75) injured; Cassazione confirmed 4 convictions in December 2011."
SRC0509;B04.12.02;News;AGI;Tutti i ponti crollati in Italia: Tramonti di Sopra 2004 – condannati in Cassazione 2011;https://www.agi.it/cronaca/news/2018-08-15/ponti_crollati_italia-4269947/;2018-08-15;2026-05-21;IT;AGI national news agency article listing bridge collapses in Italy, explicitly documenting the Tramonti di Sopra 2004 collapse during collaudo and the 2011 Cassazione conviction of 4 defendants.
SRC0510;B03.01.01;News;Montenero Notizie;Quando il ponte sul Trigno andò giù e rivelò la fragilità montenerese;https://www.monteneronotizie.net/notizie/attualita/2547/quando-il-ponte-sul-trigno-ando-giu-e-rivelo-la-fragilita-montenerese;2023-01-20;2026-05-21;IT;In-depth local article confirming the exact collapse time (12:58, 25 January 2003), the five-pier failure, the months-long isolation, the temporary bretella opened June 2003, and the new bridge inaugurated December 2006.
SRC0511;B03.01.01;Official/Technical;Associazione Bisaccia;Libro Ponte sul Trigno – cronaca del crollo gennaio 2003 e ricostruzione;https://win.bisaccia.org/documenti/casotrigno.pdf;2003-01-15;2026-05-21;IT;Detailed monograph documenting the 25 January 2003 Trigno bridge collapse, rainfall data (211mm December 2002 preceding 3-day alluvione), the temporary bretella, and the prolonged reconstruction process.
SRC0512;B03.01.01;News;Zonalocale;Il ponte sul Trigno era già crollato il 25 gennaio 2003 per una violenta alluvione;https://www.zonalocale.it/2026/04/02/montenero-di-bisaccia-crolla-ponte-t/;2026-04-10;2026-05-21;IT;"Recent article on 2026 collapse explicitly confirming: ""Il ponte sul fiume Trigno era già crollato il 25 gennaio 2003 a causa di una violenta alluvione che aveva isolato la zona per diversi giorni."""
SRC0513;B03.08.01;News;Il Friuli;L'alluvione, dieci anni dopo – ponte Pietratagliata e il Fella che portò via tutto;http://www.ilfriuli.it/articolo/cronaca/alluvione,-dieci-anni-dopo/2/124042;2014-08-29;2026-05-21;IT;Anniversary article confirming the Fella swept away the bridge and a house at Pietratagliata on 29 August 2003, isolating the fraction for days, and naming the 2 flood victims.
SRC0514;B03.08.01;Official/Technical;Protezione Civile;Cerimonia 10 anni alluvione Valcanale-Canal del Ferro 29 agosto 2003;https://www.protezionecivile.fvg.it/it/la-protezione-civile/eventi/cerimonia-ricordare-i-dieci-anni-dallalluvione-della-valcanale-canal;2014-08-29;2026-05-21;IT;Official Protezione Civile FVG commemoration page documenting the 29 August 2003 flood (400mm in few hours), bridge collapses, 2 deaths, 2,687 volunteers, and €13.4M reconstruction costs.
SRC0515;B03.08.01;News;Messaggero Veneto;L'alluvione, dieci anni dopo – ponte Fella Pietratagliata crollato agosto 2003;https://messaggeroveneto.gelocal.it/udine/cronaca/2013/08/29/news/l-alluvione-dieci-anni-dopo-foto-1-foto-2-foto-3-foto-4-1.7652830;2014-08-29;2026-05-21;IT;Regional newspaper anniversary article confirming the bridge and house at Pietratagliata were swept away by the Fella during the 29 August 2003 Val Canale alluvione.
SRC0516;B03.09.01;News;GeoMagazine;8 settembre 2003: l'alluvione nel tarantino – crollo Ponte di Cernera a Massafra;https://www.geomagazine.it/2020/09/08/8-settembre-2003-lalluvione-nel-tarantino-occidentale/;2014-09-09;2026-05-21;IT;Detailed meteorological article confirming 212mm at Massafra on 8 September 2003, the collapse of the Ponte di Cernera, multiple bridge collapses on provincial roads, and 2 deaths in the broader event.
SRC0517;B03.09.01;News;ViviWebTv;Quindici anni fa l'alluvione di Massafra: crollo del Ponte di Cernera e danni immensi;https://www.viviwebtv.it/articolo/quindici-anni-fa-lalluvione-che-mise-in-ginocchio-massafra-palagiano-e-i-paesi-limitrofi_76513;2014-09-09;2026-05-21;IT;Local Massafra news anniversary article explicitly confirming the collapse of the Ponte di Cernera during the 8 September 2003 Taranto alluvione event.
SRC0518;B03.09.01;News;La Gazzetta del Mezzogiorno;Massafra, quattro anni di attese per il ponte di Cernera: storia del doppio crollo 2003 e 2005;https://www.lagazzettadelmezzogiorno.it/news/home/91462/massafra-quattro-anni-di-attese-per-il-ponte-di-cernera-e-ancora-niente.html;2008-01-31;2026-05-21;IT;Regional newspaper documenting both the September 2003 collapse of the Ponte di Cernera and its second collapse in October 2005, confirming the structure was rebuilt between the two events.
SRC0519;B02.05.01;Scientific;Journal Paper;Bridge collapses in Italy across the 21st century: survey and statistical analysis;https://doi.org/10.1080/15732479.2025.2483500;2025-01-01;2026-05-21;EN;Peer-reviewed paper including this hydraulic collapse in its systematic survey of Italian bridge failures.
SRC0520;B02.05.01;News;Wikipedia IT;Idrografia del Biellese – eventi alluvionali storici: giugno 2002;https://it.wikipedia.org/wiki/Idrografia_del_Biellese;2002-05-02;2026-05-21;IT;Wikipedia article documenting the June 2002 flood as one of the major Biellese flood events, with bridges and roads destroyed in the Valle Cervo and surrounding areas.
SRC0521;B02.05.01;Scientific;BiellaClub;5 giugno 2002 – violento nubifragio nel Biellese;https://www.biellaclub.it/manifestazioni/2002_Nubifragio.php;2002-06-05;2026-05-21;IT;Local Biella news archive documenting the 5 June 2002 cloudburst event, with bridges collapsed at Netro (Colla fraction isolated) and Campiglia Cervo (irraggiungibile), and the cycle-pedestrian bridge at Biella on the Cervo.
SRC0522;B02.06.01;Official/Technical;ARPA Piemonte;Eventi alluvionali in Piemonte;https://www.arpa.piemonte.it/sites/default/files/media/2023-10/Ev2000-2002tot.pdf;2003-12-09;2026-05-21;IT;ARPA official events 2000-2002
SRC0523;B02.06.01;News;BiellaClub;5 giugno 2002 – violento nubifragio: Netro e Campiglia Cervo isolate per crollo ponti;https://www.biellaclub.it/manifestazioni/2002_Nubifragio.php;2002-06-05;2026-05-21;IT;"BiellaClub direct news archive: ""la frazione Colla di Netro (per il crollo di un ponte), Campiglia Cervo (irraggiungibile per la stessa ragione)"" — explicit confirmation of bridge collapses at Netro (Rio Ara) and Campiglia Cervo on 5 June 2002."
SRC0524;B02.06.01;Scientific;Journal Paper;Bridge collapses in Italy across the 21st century: survey and statistical analysis;https://doi.org/10.1080/15732479.2025.2483500;2025-01-01;2026-05-21;EN;Peer-reviewed paper including all four 5 June 2002 Valle Cervo bridge collapses in its systematic survey of Italian bridge failures.
SRC0525;B02.06.02;Official/Technical;ARPA Piemonte;Eventi alluvionali in Piemonte;https://www.arpa.piemonte.it/sites/default/files/media/2023-10/Ev2000-2002tot.pdf;2003-12-09;2026-05-22;IT;ARPA official events 2000-2002
SRC0526;B02.06.02;News;BiellaClub;5 giugno 2002 – violento nubifragio: Netro e Campiglia Cervo isolate per crollo ponti;https://www.biellaclub.it/manifestazioni/2002_Nubifragio.php;2002-06-05;2026-05-22;IT;"BiellaClub direct news archive: ""la frazione Colla di Netro (per il crollo di un ponte), Campiglia Cervo (irraggiungibile per la stessa ragione)"" — explicit confirmation of bridge collapses at Netro (Rio Ara) and Campiglia Cervo on 5 June 2002."
SRC0527;B02.06.02;Scientific;Journal Paper;Bridge collapses in Italy across the 21st century: survey and statistical analysis;https://doi.org/10.1080/15732479.2025.2483500;2025-01-01;2026-05-22;EN;Peer-reviewed paper including all four 5 June 2002 Valle Cervo bridge collapses in its systematic survey of Italian bridge failures.
SRC0528;B02.06.03;Official/Technical;ARPA Piemonte;Eventi alluvionali in Piemonte;https://www.arpa.piemonte.it/sites/default/files/media/2023-10/Ev2000-2002tot.pdf;2003-12-09;2026-05-22;IT;ARPA official events 2000-2002
SRC0529;B02.06.03;News;BiellaClub;5 giugno 2002 – violento nubifragio: Netro e Campiglia Cervo isolate per crollo ponti;https://www.biellaclub.it/manifestazioni/2002_Nubifragio.php;2002-06-05;2026-05-22;IT;"BiellaClub direct news archive: ""la frazione Colla di Netro (per il crollo di un ponte), Campiglia Cervo (irraggiungibile per la stessa ragione)"" — explicit confirmation of bridge collapses at Netro (Rio Ara) and Campiglia Cervo on 5 June 2002."
SRC0530;B02.06.03;Scientific;Journal Paper;Bridge collapses in Italy across the 21st century: survey and statistical analysis;https://doi.org/10.1080/15732479.2025.2483500;2025-01-01;2026-05-22;EN;Peer-reviewed paper including all four 5 June 2002 Valle Cervo bridge collapses in its systematic survey of Italian bridge failures.
SRC0531;B02.06.04;Official/Technical;ARPA Piemonte;Eventi alluvionali in Piemonte;https://www.arpa.piemonte.it/sites/default/files/media/2023-10/Ev2000-2002tot.pdf;2003-12-09;2026-05-22;IT;ARPA official events 2000-2002
SRC0532;B02.06.04;News;BiellaClub;5 giugno 2002 – violento nubifragio: Netro e Campiglia Cervo isolate per crollo ponti;https://www.biellaclub.it/manifestazioni/2002_Nubifragio.php;2002-06-05;2026-05-22;IT;"BiellaClub direct news archive: ""la frazione Colla di Netro (per il crollo di un ponte), Campiglia Cervo (irraggiungibile per la stessa ragione)"" — explicit confirmation of bridge collapses at Netro (Rio Ara) and Campiglia Cervo on 5 June 2002."
SRC0533;B02.06.04;Scientific;Journal Paper;Bridge collapses in Italy across the 21st century: survey and statistical analysis;https://doi.org/10.1080/15732479.2025.2483500;2025-01-01;2026-05-22;EN;Peer-reviewed paper including all four 5 June 2002 Valle Cervo bridge collapses in its systematic survey of Italian bridge failures.
SRC0534;B02.06.05;Scientific;Journal Paper;Bridge collapses in Italy across the 21st century: survey and statistical analysis;https://doi.org/10.1080/15732479.2025.2483500;2025-01-01;2026-05-22;EN;Peer-reviewed paper including both 23 June 2002 Valsavarenche bridge collapses in its systematic survey.
SRC0535;B02.06.05;Official/Technical;Regione Valle d'Aosta;Storia degli eventi idrogeologici in Valle d'Aosta dall'800 al 2002;https://www.regione.vda.it/allegato.aspx?pk=55612;2002-06-18;2026-05-22;IT;Official Regione VdA historical PDF documenting all major hydrogeological events in Valle d'Aosta up to 2002, including summer 2002 flood events in Valsavarenche causing bridge and road damage.
SRC0536;B02.06.06;Scientific;Journal Paper;Bridge collapses in Italy across the 21st century: survey and statistical analysis;https://doi.org/10.1080/15732479.2025.2483500;2025-01-01;2026-05-22;EN;Peer-reviewed paper including both 23 June 2002 Valsavarenche bridge collapses in its systematic survey.
SRC0537;B02.06.06;Official/Technical;Regione Valle d'Aosta;Storia degli eventi idrogeologici in Valle d'Aosta dall'800 al 2002;https://www.regione.vda.it/allegato.aspx?pk=55612;2002-06-18;2026-05-22;IT;Official Regione VdA historical PDF documenting all major hydrogeological events in Valle d'Aosta up to 2002, including summer 2002 flood events in Valsavarenche causing bridge and road damage.
SRC0538;B02.07.01;Official/Technical;ARPA Piemonte;Evento alluvionale del 14-18 e del 23-26 novembre 2002;https://www.arpa.piemonte.it/sites/default/files/media/2023-10/2002_novembre_effetti_al_suolo_indice_0.pdf;2020-09-30;2026-05-22;IT;ARPA official 2002 events
SRC0539;B02.07.01;Official/Technical;ARPA Piemonte;Eventi alluvionali in Piemonte;https://www.arpa.piemonte.it/sites/default/files/media/2023-10/Ev2000-2002tot.pdf;2003-12-09;2026-05-22;IT;ARPA official events 2000-2002
SRC0540;B02.07.01;Scientific;Journal Paper;Bridge collapses in Italy across the 21st century: survey and statistical analysis;https://doi.org/10.1080/15732479.2025.2483500;2025-01-01;2026-05-22;EN;Peer-reviewed paper including all three 15 July 2002 Valle Gesso bridge collapses in its systematic survey.
SRC0541;B02.07.02;Official/Technical;ARPA Piemonte;Evento alluvionale del 14-18 e del 23-26 novembre 2002;https://www.arpa.piemonte.it/sites/default/files/media/2023-10/2002_novembre_effetti_al_suolo_indice_0.pdf;2020-09-30;2026-05-22;IT;ARPA official 2002 events
SRC0542;B02.07.02;Official/Technical;ARPA Piemonte;Eventi alluvionali in Piemonte;https://www.arpa.piemonte.it/sites/default/files/media/2023-10/Ev2000-2002tot.pdf;2003-12-09;2026-05-22;IT;ARPA official events 2000-2002
SRC0543;B02.07.02;Scientific;Journal Paper;Bridge collapses in Italy across the 21st century: survey and statistical analysis;https://doi.org/10.1080/15732479.2025.2483500;2025-01-01;2026-05-22;EN;Peer-reviewed paper including all three 15 July 2002 Valle Gesso bridge collapses in its systematic survey.
SRC0544;B02.07.03;Official/Technical;ARPA Piemonte;Evento alluvionale del 14-18 e del 23-26 novembre 2002;https://www.arpa.piemonte.it/sites/default/files/media/2023-10/2002_novembre_effetti_al_suolo_indice_0.pdf;2020-09-30;2026-05-22;IT;ARPA official 2002 events
SRC0545;B02.07.03;Official/Technical;ARPA Piemonte;Eventi alluvionali in Piemonte;https://www.arpa.piemonte.it/sites/default/files/media/2023-10/Ev2000-2002tot.pdf;2003-12-09;2026-05-22;IT;ARPA official events 2000-2002
SRC0546;B02.07.03;Scientific;Journal Paper;Bridge collapses in Italy across the 21st century: survey and statistical analysis;https://doi.org/10.1080/15732479.2025.2483500;2025-01-01;2026-05-22;EN;Peer-reviewed paper including all three 15 July 2002 Valle Gesso bridge collapses in its systematic survey.
SRC0547;B02.11.01;Official/Technical;ARPA Piemonte;Evento alluvionale del 14-18 e del 23-26 novembre 2002;https://www.arpa.piemonte.it/sites/default/files/media/2023-10/2002_novembre_effetti_al_suolo_indice_0.pdf;2020-09-30;2026-05-22;IT;ARPA official 2002 events
SRC0548;B02.11.01;Official/Technical;ARPA Piemonte;Eventi alluvionali in Piemonte;https://www.arpa.piemonte.it/sites/default/files/media/2023-10/Ev2000-2002tot.pdf;2003-12-09;2026-05-22;IT;ARPA official events 2000-2002
SRC0549;B02.11.01;Scientific;Journal Paper;Bridge collapses in Italy across the 21st century: survey and statistical analysis;https://doi.org/10.1080/15732479.2025.2483500;2025-01-01;2026-05-22;EN;Peer-reviewed paper including all three 15 July 2002 Valle Gesso bridge collapses in its systematic survey.
SRC0550;B01.03.01;News;Local paper;I dubbi sul ponte di via Libia;https://zic.it/i-dubbi-sul-ponte-di-via-libia-sicuri-che-sia-sicuro-foto/;2018-10-12;2026-05-22;IT;Local paper citation
SRC0551;B00.10.01;Official/Technical;ARPA Piemonte;Evento alluvionale regionale 13-16 ottobre 2000 – monografia ufficiale;https://www.arpa.piemonte.it/sites/default/files/media/2023-10/Ev2000-2002tot.pdf;2002-10-16;2026-05-22;IT;Official ARPA Piemonte monograph documenting the 13-16 October 2000 catastrophic flood across 50% of Piemonte, listing all bridge collapses by valley: Stura di Lanzo, Orco, Soana, Chisone, Dora Baltea, Dora Riparia, Sangone, Po. Confirms 1,800+ damage events and multiple total bridge collapses.
SRC0552;B00.10.01;News;ANSA;10 anni fa alluvione Nord-Ovest, fu inferno d'acqua – Piemonte e Valle d'Aosta;https://www.ansa.it/web/notizie/photostory/primopiano/2010/10/13/visualizza_new.html_1733456299.html;2010-10-13;2026-05-22;IT;ANSA 10th anniversary special report documenting the October 2000 alluvione, listing bridge collapses and road damage across Piemonte and Valle d'Aosta valleys including Orco, Dora Baltea, Stura di Lanzo and Chisone.
SRC0553;B00.10.01;Scientific;Journal Paper;Bridge collapses in Italy across the 21st century: survey and statistical analysis;https://doi.org/10.1080/15732479.2025.2483500;2025-01-01;2026-05-22;EN;Peer-reviewed paper including this hydraulic bridge collapse in its systematic survey of Italian bridge failures.
SRC0554;B00.10.02;Official/Technical;ARPA Piemonte;Evento alluvionale regionale 13-16 ottobre 2000 – monografia ufficiale;https://www.arpa.piemonte.it/sites/default/files/media/2023-10/Ev2000-2002tot.pdf;2002-10-16;2026-05-22;IT;Official ARPA Piemonte monograph documenting the 13-16 October 2000 catastrophic flood across 50% of Piemonte, listing all bridge collapses by valley: Stura di Lanzo, Orco, Soana, Chisone, Dora Baltea, Dora Riparia, Sangone, Po. Confirms 1,800+ damage events and multiple total bridge collapses.
SRC0555;B00.10.02;News;ANSA;10 anni fa alluvione Nord-Ovest, fu inferno d'acqua – Piemonte e Valle d'Aosta;https://www.ansa.it/web/notizie/photostory/primopiano/2010/10/13/visualizza_new.html_1733456299.html;2010-10-13;2026-05-22;IT;ANSA 10th anniversary special report documenting the October 2000 alluvione, listing bridge collapses and road damage across Piemonte and Valle d'Aosta valleys including Orco, Dora Baltea, Stura di Lanzo and Chisone.
SRC0556;B00.10.02;Scientific;Journal Paper;Bridge collapses in Italy across the 21st century: survey and statistical analysis;https://doi.org/10.1080/15732479.2025.2483500;2025-01-01;2026-05-22;EN;Peer-reviewed paper including this hydraulic bridge collapse in its systematic survey of Italian bridge failures.
SRC0557;B00.10.03;Official/Technical;ARPA Piemonte;Evento alluvionale regionale 13-16 ottobre 2000 – monografia ufficiale;https://www.arpa.piemonte.it/sites/default/files/media/2023-10/Ev2000-2002tot.pdf;2002-10-16;2026-05-22;IT;Official ARPA Piemonte monograph documenting the 13-16 October 2000 catastrophic flood across 50% of Piemonte, listing all bridge collapses by valley: Stura di Lanzo, Orco, Soana, Chisone, Dora Baltea, Dora Riparia, Sangone, Po. Confirms 1,800+ damage events and multiple total bridge collapses.
SRC0558;B00.10.03;News;ANSA;10 anni fa alluvione Nord-Ovest, fu inferno d'acqua – Piemonte e Valle d'Aosta;https://www.ansa.it/web/notizie/photostory/primopiano/2010/10/13/visualizza_new.html_1733456299.html;2010-10-13;2026-05-22;IT;ANSA 10th anniversary special report documenting the October 2000 alluvione, listing bridge collapses and road damage across Piemonte and Valle d'Aosta valleys including Orco, Dora Baltea, Stura di Lanzo and Chisone.
SRC0559;B00.10.03;Scientific;Journal Paper;Bridge collapses in Italy across the 21st century: survey and statistical analysis;https://doi.org/10.1080/15732479.2025.2483500;2025-01-01;2026-05-22;EN;Peer-reviewed paper including this hydraulic bridge collapse in its systematic survey of Italian bridge failures.
SRC0560;B00.10.04;Official/Technical;ARPA Piemonte;Evento alluvionale regionale 13-16 ottobre 2000 – monografia ufficiale;https://www.arpa.piemonte.it/sites/default/files/media/2023-10/Ev2000-2002tot.pdf;2002-10-16;2026-05-22;IT;Official ARPA Piemonte monograph documenting the 13-16 October 2000 catastrophic flood across 50% of Piemonte, listing all bridge collapses by valley: Stura di Lanzo, Orco, Soana, Chisone, Dora Baltea, Dora Riparia, Sangone, Po. Confirms 1,800+ damage events and multiple total bridge collapses.
SRC0561;B00.10.04;News;ANSA;10 anni fa alluvione Nord-Ovest, fu inferno d'acqua – Piemonte e Valle d'Aosta;https://www.ansa.it/web/notizie/photostory/primopiano/2010/10/13/visualizza_new.html_1733456299.html;2010-10-13;2026-05-22;IT;ANSA 10th anniversary special report documenting the October 2000 alluvione, listing bridge collapses and road damage across Piemonte and Valle d'Aosta valleys including Orco, Dora Baltea, Stura di Lanzo and Chisone.
SRC0562;B00.10.04;Scientific;Journal Paper;Bridge collapses in Italy across the 21st century: survey and statistical analysis;https://doi.org/10.1080/15732479.2025.2483500;2025-01-01;2026-05-22;EN;Peer-reviewed paper including this hydraulic bridge collapse in its systematic survey of Italian bridge failures.
SRC0563;B00.10.05;Official/Technical;ARPA Piemonte;Evento alluvionale regionale 13-16 ottobre 2000 – monografia ufficiale;https://www.arpa.piemonte.it/sites/default/files/media/2023-10/Ev2000-2002tot.pdf;2002-10-16;2026-05-22;IT;Official ARPA Piemonte monograph documenting the 13-16 October 2000 catastrophic flood across 50% of Piemonte, listing all bridge collapses by valley: Stura di Lanzo, Orco, Soana, Chisone, Dora Baltea, Dora Riparia, Sangone, Po. Confirms 1,800+ damage events and multiple total bridge collapses.
SRC0564;B00.10.05;News;ANSA;10 anni fa alluvione Nord-Ovest, fu inferno d'acqua – Piemonte e Valle d'Aosta;https://www.ansa.it/web/notizie/photostory/primopiano/2010/10/13/visualizza_new.html_1733456299.html;2010-10-13;2026-05-22;IT;ANSA 10th anniversary special report documenting the October 2000 alluvione, listing bridge collapses and road damage across Piemonte and Valle d'Aosta valleys including Orco, Dora Baltea, Stura di Lanzo and Chisone.
SRC0565;B00.10.05;Scientific;Journal Paper;Bridge collapses in Italy across the 21st century: survey and statistical analysis;https://doi.org/10.1080/15732479.2025.2483500;2025-01-01;2026-05-22;EN;Peer-reviewed paper including this hydraulic bridge collapse in its systematic survey of Italian bridge failures.
SRC0566;B00.10.06;Official/Technical;ARPA Piemonte;Evento alluvionale regionale 13-16 ottobre 2000 – monografia ufficiale;https://www.arpa.piemonte.it/sites/default/files/media/2023-10/Ev2000-2002tot.pdf;2002-10-16;2026-05-22;IT;Official ARPA Piemonte monograph documenting the 13-16 October 2000 catastrophic flood across 50% of Piemonte, listing all bridge collapses by valley: Stura di Lanzo, Orco, Soana, Chisone, Dora Baltea, Dora Riparia, Sangone, Po. Confirms 1,800+ damage events and multiple total bridge collapses.
SRC0567;B00.10.06;News;ANSA;10 anni fa alluvione Nord-Ovest, fu inferno d'acqua – Piemonte e Valle d'Aosta;https://www.ansa.it/web/notizie/photostory/primopiano/2010/10/13/visualizza_new.html_1733456299.html;2010-10-13;2026-05-22;IT;ANSA 10th anniversary special report documenting the October 2000 alluvione, listing bridge collapses and road damage across Piemonte and Valle d'Aosta valleys including Orco, Dora Baltea, Stura di Lanzo and Chisone.
SRC0568;B00.10.06;Scientific;Journal Paper;Bridge collapses in Italy across the 21st century: survey and statistical analysis;https://doi.org/10.1080/15732479.2025.2483500;2025-01-01;2026-05-22;EN;Peer-reviewed paper including this hydraulic bridge collapse in its systematic survey of Italian bridge failures.
SRC0569;B00.10.07;Official/Technical;ARPA Piemonte;Evento alluvionale regionale 13-16 ottobre 2000 – monografia ufficiale;https://www.arpa.piemonte.it/sites/default/files/media/2023-10/Ev2000-2002tot.pdf;2002-10-16;2026-05-22;IT;Official ARPA Piemonte monograph documenting the 13-16 October 2000 catastrophic flood across 50% of Piemonte, listing all bridge collapses by valley: Stura di Lanzo, Orco, Soana, Chisone, Dora Baltea, Dora Riparia, Sangone, Po. Confirms 1,800+ damage events and multiple total bridge collapses.
SRC0570;B00.10.07;News;ANSA;10 anni fa alluvione Nord-Ovest, fu inferno d'acqua – Piemonte e Valle d'Aosta;https://www.ansa.it/web/notizie/photostory/primopiano/2010/10/13/visualizza_new.html_1733456299.html;2010-10-13;2026-05-22;IT;ANSA 10th anniversary special report documenting the October 2000 alluvione, listing bridge collapses and road damage across Piemonte and Valle d'Aosta valleys including Orco, Dora Baltea, Stura di Lanzo and Chisone.
SRC0571;B00.10.07;Scientific;Journal Paper;Bridge collapses in Italy across the 21st century: survey and statistical analysis;https://doi.org/10.1080/15732479.2025.2483500;2025-01-01;2026-05-22;EN;Peer-reviewed paper including this hydraulic bridge collapse in its systematic survey of Italian bridge failures.
SRC0572;B00.10.08;Official/Technical;ARPA Piemonte;Evento alluvionale regionale 13-16 ottobre 2000 – monografia ufficiale;https://www.arpa.piemonte.it/sites/default/files/media/2023-10/Ev2000-2002tot.pdf;2002-10-16;2026-05-22;IT;Official ARPA Piemonte monograph documenting the 13-16 October 2000 catastrophic flood across 50% of Piemonte, listing all bridge collapses by valley: Stura di Lanzo, Orco, Soana, Chisone, Dora Baltea, Dora Riparia, Sangone, Po. Confirms 1,800+ damage events and multiple total bridge collapses.
SRC0573;B00.10.08;News;ANSA;10 anni fa alluvione Nord-Ovest, fu inferno d'acqua – Piemonte e Valle d'Aosta;https://www.ansa.it/web/notizie/photostory/primopiano/2010/10/13/visualizza_new.html_1733456299.html;2010-10-13;2026-05-22;IT;ANSA 10th anniversary special report documenting the October 2000 alluvione, listing bridge collapses and road damage across Piemonte and Valle d'Aosta valleys including Orco, Dora Baltea, Stura di Lanzo and Chisone.
SRC0574;B00.10.08;Scientific;Journal Paper;Bridge collapses in Italy across the 21st century: survey and statistical analysis;https://doi.org/10.1080/15732479.2025.2483500;2025-01-01;2026-05-22;EN;Peer-reviewed paper including this hydraulic bridge collapse in its systematic survey of Italian bridge failures.
SRC0575;B00.10.09;Official/Technical;ARPA Piemonte;Evento alluvionale regionale 13-16 ottobre 2000 – monografia ufficiale;https://www.arpa.piemonte.it/sites/default/files/media/2023-10/Ev2000-2002tot.pdf;2002-10-16;2026-05-22;IT;Official ARPA Piemonte monograph documenting the 13-16 October 2000 catastrophic flood across 50% of Piemonte, listing all bridge collapses by valley: Stura di Lanzo, Orco, Soana, Chisone, Dora Baltea, Dora Riparia, Sangone, Po. Confirms 1,800+ damage events and multiple total bridge collapses.
SRC0576;B00.10.09;News;ANSA;10 anni fa alluvione Nord-Ovest, fu inferno d'acqua – Piemonte e Valle d'Aosta;https://www.ansa.it/web/notizie/photostory/primopiano/2010/10/13/visualizza_new.html_1733456299.html;2010-10-13;2026-05-22;IT;ANSA 10th anniversary special report documenting the October 2000 alluvione, listing bridge collapses and road damage across Piemonte and Valle d'Aosta valleys including Orco, Dora Baltea, Stura di Lanzo and Chisone.
SRC0577;B00.10.09;Scientific;Journal Paper;Bridge collapses in Italy across the 21st century: survey and statistical analysis;https://doi.org/10.1080/15732479.2025.2483500;2025-01-01;2026-05-22;EN;Peer-reviewed paper including this hydraulic bridge collapse in its systematic survey of Italian bridge failures.
SRC0578;B00.10.10;Official/Technical;ARPA Piemonte;Evento alluvionale regionale 13-16 ottobre 2000 – monografia ufficiale;https://www.arpa.piemonte.it/sites/default/files/media/2023-10/Ev2000-2002tot.pdf;2002-10-16;2026-05-22;IT;Official ARPA Piemonte monograph documenting the 13-16 October 2000 catastrophic flood across 50% of Piemonte, listing all bridge collapses by valley: Stura di Lanzo, Orco, Soana, Chisone, Dora Baltea, Dora Riparia, Sangone, Po. Confirms 1,800+ damage events and multiple total bridge collapses.
SRC0579;B00.10.10;News;ANSA;10 anni fa alluvione Nord-Ovest, fu inferno d'acqua – Piemonte e Valle d'Aosta;https://www.ansa.it/web/notizie/photostory/primopiano/2010/10/13/visualizza_new.html_1733456299.html;2010-10-13;2026-05-22;IT;ANSA 10th anniversary special report documenting the October 2000 alluvione, listing bridge collapses and road damage across Piemonte and Valle d'Aosta valleys including Orco, Dora Baltea, Stura di Lanzo and Chisone.
SRC0580;B00.10.10;Scientific;Journal Paper;Bridge collapses in Italy across the 21st century: survey and statistical analysis;https://doi.org/10.1080/15732479.2025.2483500;2025-01-01;2026-05-22;EN;Peer-reviewed paper including this hydraulic bridge collapse in its systematic survey of Italian bridge failures.
SRC0581;B00.10.11;Official/Technical;ARPA Piemonte;Evento alluvionale regionale 13-16 ottobre 2000 – monografia ufficiale;https://www.arpa.piemonte.it/sites/default/files/media/2023-10/Ev2000-2002tot.pdf;2002-10-16;2026-05-22;IT;Official ARPA Piemonte monograph documenting the 13-16 October 2000 catastrophic flood across 50% of Piemonte, listing all bridge collapses by valley: Stura di Lanzo, Orco, Soana, Chisone, Dora Baltea, Dora Riparia, Sangone, Po. Confirms 1,800+ damage events and multiple total bridge collapses.
SRC0582;B00.10.11;News;ANSA;10 anni fa alluvione Nord-Ovest, fu inferno d'acqua – Piemonte e Valle d'Aosta;https://www.ansa.it/web/notizie/photostory/primopiano/2010/10/13/visualizza_new.html_1733456299.html;2010-10-13;2026-05-22;IT;ANSA 10th anniversary special report documenting the October 2000 alluvione, listing bridge collapses and road damage across Piemonte and Valle d'Aosta valleys including Orco, Dora Baltea, Stura di Lanzo and Chisone.
SRC0583;B00.10.11;Scientific;Journal Paper;Bridge collapses in Italy across the 21st century: survey and statistical analysis;https://doi.org/10.1080/15732479.2025.2483500;2025-01-01;2026-05-22;EN;Peer-reviewed paper including this hydraulic bridge collapse in its systematic survey of Italian bridge failures.
SRC0584;B00.10.12;Official/Technical;ARPA Piemonte;Evento alluvionale regionale 13-16 ottobre 2000 – monografia ufficiale;https://www.arpa.piemonte.it/sites/default/files/media/2023-10/Ev2000-2002tot.pdf;2002-10-16;2026-05-22;IT;Official ARPA Piemonte monograph documenting the 13-16 October 2000 catastrophic flood across 50% of Piemonte, listing all bridge collapses by valley: Stura di Lanzo, Orco, Soana, Chisone, Dora Baltea, Dora Riparia, Sangone, Po. Confirms 1,800+ damage events and multiple total bridge collapses.
SRC0585;B00.10.12;News;ANSA;10 anni fa alluvione Nord-Ovest, fu inferno d'acqua – Piemonte e Valle d'Aosta;https://www.ansa.it/web/notizie/photostory/primopiano/2010/10/13/visualizza_new.html_1733456299.html;2010-10-13;2026-05-22;IT;ANSA 10th anniversary special report documenting the October 2000 alluvione, listing bridge collapses and road damage across Piemonte and Valle d'Aosta valleys including Orco, Dora Baltea, Stura di Lanzo and Chisone.
SRC0586;B00.10.12;Scientific;Journal Paper;Bridge collapses in Italy across the 21st century: survey and statistical analysis;https://doi.org/10.1080/15732479.2025.2483500;2025-01-01;2026-05-22;EN;Peer-reviewed paper including this hydraulic bridge collapse in its systematic survey of Italian bridge failures.
SRC0587;B00.10.13;Official/Technical;ARPA Piemonte;Evento alluvionale regionale 13-16 ottobre 2000 – monografia ufficiale;https://www.arpa.piemonte.it/sites/default/files/media/2023-10/Ev2000-2002tot.pdf;2002-10-16;2026-05-22;IT;Official ARPA Piemonte monograph documenting the 13-16 October 2000 catastrophic flood across 50% of Piemonte, listing all bridge collapses by valley: Stura di Lanzo, Orco, Soana, Chisone, Dora Baltea, Dora Riparia, Sangone, Po. Confirms 1,800+ damage events and multiple total bridge collapses.
SRC0588;B00.10.13;News;ANSA;10 anni fa alluvione Nord-Ovest, fu inferno d'acqua – Piemonte e Valle d'Aosta;https://www.ansa.it/web/notizie/photostory/primopiano/2010/10/13/visualizza_new.html_1733456299.html;2010-10-13;2026-05-22;IT;ANSA 10th anniversary special report documenting the October 2000 alluvione, listing bridge collapses and road damage across Piemonte and Valle d'Aosta valleys including Orco, Dora Baltea, Stura di Lanzo and Chisone.
SRC0589;B00.10.13;Scientific;Journal Paper;Bridge collapses in Italy across the 21st century: survey and statistical analysis;https://doi.org/10.1080/15732479.2025.2483500;2025-01-01;2026-05-22;EN;Peer-reviewed paper including this hydraulic bridge collapse in its systematic survey of Italian bridge failures.
SRC0590;B00.10.14;Official/Technical;ARPA Piemonte;Evento alluvionale regionale 13-16 ottobre 2000 – monografia ufficiale;https://www.arpa.piemonte.it/sites/default/files/media/2023-10/Ev2000-2002tot.pdf;2002-10-16;2026-05-22;IT;Official ARPA Piemonte monograph documenting the 13-16 October 2000 catastrophic flood across 50% of Piemonte, listing all bridge collapses by valley: Stura di Lanzo, Orco, Soana, Chisone, Dora Baltea, Dora Riparia, Sangone, Po. Confirms 1,800+ damage events and multiple total bridge collapses.
SRC0591;B00.10.14;News;ANSA;10 anni fa alluvione Nord-Ovest, fu inferno d'acqua – Piemonte e Valle d'Aosta;https://www.ansa.it/web/notizie/photostory/primopiano/2010/10/13/visualizza_new.html_1733456299.html;2010-10-13;2026-05-22;IT;ANSA 10th anniversary special report documenting the October 2000 alluvione, listing bridge collapses and road damage across Piemonte and Valle d'Aosta valleys including Orco, Dora Baltea, Stura di Lanzo and Chisone.
SRC0592;B00.10.14;Scientific;Journal Paper;Bridge collapses in Italy across the 21st century: survey and statistical analysis;https://doi.org/10.1080/15732479.2025.2483500;2025-01-01;2026-05-22;EN;Peer-reviewed paper including this hydraulic bridge collapse in its systematic survey of Italian bridge failures.
SRC0593;B00.10.15;Official/Technical;ARPA Piemonte;Evento alluvionale regionale 13-16 ottobre 2000 – monografia ufficiale;https://www.arpa.piemonte.it/sites/default/files/media/2023-10/Ev2000-2002tot.pdf;2002-10-16;2026-05-22;IT;Official ARPA Piemonte monograph documenting the 13-16 October 2000 catastrophic flood across 50% of Piemonte, listing all bridge collapses by valley: Stura di Lanzo, Orco, Soana, Chisone, Dora Baltea, Dora Riparia, Sangone, Po. Confirms 1,800+ damage events and multiple total bridge collapses.
SRC0594;B00.10.15;News;ANSA;10 anni fa alluvione Nord-Ovest, fu inferno d'acqua – Piemonte e Valle d'Aosta;https://www.ansa.it/web/notizie/photostory/primopiano/2010/10/13/visualizza_new.html_1733456299.html;2010-10-13;2026-05-22;IT;ANSA 10th anniversary special report documenting the October 2000 alluvione, listing bridge collapses and road damage across Piemonte and Valle d'Aosta valleys including Orco, Dora Baltea, Stura di Lanzo and Chisone.
SRC0595;B00.10.15;Scientific;Journal Paper;Bridge collapses in Italy across the 21st century: survey and statistical analysis;https://doi.org/10.1080/15732479.2025.2483500;2025-01-01;2026-05-22;EN;Peer-reviewed paper including this hydraulic bridge collapse in its systematic survey of Italian bridge failures.
SRC0596;B00.10.16;Official/Technical;ARPA Piemonte;Evento alluvionale regionale 13-16 ottobre 2000 – monografia ufficiale;https://www.arpa.piemonte.it/sites/default/files/media/2023-10/Ev2000-2002tot.pdf;2002-10-16;2026-05-22;IT;Official ARPA Piemonte monograph documenting the 13-16 October 2000 catastrophic flood across 50% of Piemonte, listing all bridge collapses by valley: Stura di Lanzo, Orco, Soana, Chisone, Dora Baltea, Dora Riparia, Sangone, Po. Confirms 1,800+ damage events and multiple total bridge collapses.
SRC0597;B00.10.16;News;ANSA;10 anni fa alluvione Nord-Ovest, fu inferno d'acqua – Piemonte e Valle d'Aosta;https://www.ansa.it/web/notizie/photostory/primopiano/2010/10/13/visualizza_new.html_1733456299.html;2010-10-13;2026-05-22;IT;ANSA 10th anniversary special report documenting the October 2000 alluvione, listing bridge collapses and road damage across Piemonte and Valle d'Aosta valleys including Orco, Dora Baltea, Stura di Lanzo and Chisone.
SRC0598;B00.10.16;Scientific;Journal Paper;Bridge collapses in Italy across the 21st century: survey and statistical analysis;https://doi.org/10.1080/15732479.2025.2483500;2025-01-01;2026-05-22;EN;Peer-reviewed paper including this hydraulic bridge collapse in its systematic survey of Italian bridge failures.
SRC0599;B00.10.17;Official/Technical;ARPA Piemonte;Evento alluvionale regionale 13-16 ottobre 2000 – monografia ufficiale;https://www.arpa.piemonte.it/sites/default/files/media/2023-10/Ev2000-2002tot.pdf;2002-10-16;2026-05-22;IT;Official ARPA Piemonte monograph documenting the 13-16 October 2000 catastrophic flood across 50% of Piemonte, listing all bridge collapses by valley: Stura di Lanzo, Orco, Soana, Chisone, Dora Baltea, Dora Riparia, Sangone, Po. Confirms 1,800+ damage events and multiple total bridge collapses.
SRC0600;B00.10.17;News;ANSA;10 anni fa alluvione Nord-Ovest, fu inferno d'acqua – Piemonte e Valle d'Aosta;https://www.ansa.it/web/notizie/photostory/primopiano/2010/10/13/visualizza_new.html_1733456299.html;2010-10-13;2026-05-22;IT;ANSA 10th anniversary special report documenting the October 2000 alluvione, listing bridge collapses and road damage across Piemonte and Valle d'Aosta valleys including Orco, Dora Baltea, Stura di Lanzo and Chisone.
SRC0601;B00.10.17;Scientific;Journal Paper;Bridge collapses in Italy across the 21st century: survey and statistical analysis;https://doi.org/10.1080/15732479.2025.2483500;2025-01-01;2026-05-22;EN;Peer-reviewed paper including this hydraulic bridge collapse in its systematic survey of Italian bridge failures.
SRC0602;B00.10.18;Official/Technical;ARPA Piemonte;Evento alluvionale regionale 13-16 ottobre 2000 – monografia ufficiale;https://www.arpa.piemonte.it/sites/default/files/media/2023-10/Ev2000-2002tot.pdf;2002-10-16;2026-05-22;IT;Official ARPA Piemonte monograph documenting the 13-16 October 2000 catastrophic flood across 50% of Piemonte, listing all bridge collapses by valley: Stura di Lanzo, Orco, Soana, Chisone, Dora Baltea, Dora Riparia, Sangone, Po. Confirms 1,800+ damage events and multiple total bridge collapses.
SRC0603;B00.10.18;News;ANSA;10 anni fa alluvione Nord-Ovest, fu inferno d'acqua – Piemonte e Valle d'Aosta;https://www.ansa.it/web/notizie/photostory/primopiano/2010/10/13/visualizza_new.html_1733456299.html;2010-10-13;2026-05-22;IT;ANSA 10th anniversary special report documenting the October 2000 alluvione, listing bridge collapses and road damage across Piemonte and Valle d'Aosta valleys including Orco, Dora Baltea, Stura di Lanzo and Chisone.
SRC0604;B00.10.18;Scientific;Journal Paper;Bridge collapses in Italy across the 21st century: survey and statistical analysis;https://doi.org/10.1080/15732479.2025.2483500;2025-01-01;2026-05-22;EN;Peer-reviewed paper including this hydraulic bridge collapse in its systematic survey of Italian bridge failures.
SRC0605;B00.10.19;Official/Technical;ARPA Piemonte;Evento alluvionale regionale 13-16 ottobre 2000 – monografia ufficiale;https://www.arpa.piemonte.it/sites/default/files/media/2023-10/Ev2000-2002tot.pdf;2002-10-16;2026-05-22;IT;Official ARPA Piemonte monograph documenting the 13-16 October 2000 catastrophic flood across 50% of Piemonte, listing all bridge collapses by valley: Stura di Lanzo, Orco, Soana, Chisone, Dora Baltea, Dora Riparia, Sangone, Po. Confirms 1,800+ damage events and multiple total bridge collapses.
SRC0606;B00.10.19;News;ANSA;10 anni fa alluvione Nord-Ovest, fu inferno d'acqua – Piemonte e Valle d'Aosta;https://www.ansa.it/web/notizie/photostory/primopiano/2010/10/13/visualizza_new.html_1733456299.html;2010-10-13;2026-05-22;IT;ANSA 10th anniversary special report documenting the October 2000 alluvione, listing bridge collapses and road damage across Piemonte and Valle d'Aosta valleys including Orco, Dora Baltea, Stura di Lanzo and Chisone.
SRC0607;B00.10.19;Scientific;Journal Paper;Bridge collapses in Italy across the 21st century: survey and statistical analysis;https://doi.org/10.1080/15732479.2025.2483500;2025-01-01;2026-05-22;EN;Peer-reviewed paper including this hydraulic bridge collapse in its systematic survey of Italian bridge failures.
SRC0608;B00.10.20;Official/Technical;ARPA Piemonte;Evento alluvionale regionale 13-16 ottobre 2000 – monografia ufficiale;https://www.arpa.piemonte.it/sites/default/files/media/2023-10/Ev2000-2002tot.pdf;2002-10-16;2026-05-22;IT;Official ARPA Piemonte monograph documenting the 13-16 October 2000 catastrophic flood across 50% of Piemonte, listing all bridge collapses by valley: Stura di Lanzo, Orco, Soana, Chisone, Dora Baltea, Dora Riparia, Sangone, Po. Confirms 1,800+ damage events and multiple total bridge collapses.
SRC0609;B00.10.20;News;ANSA;10 anni fa alluvione Nord-Ovest, fu inferno d'acqua – Piemonte e Valle d'Aosta;https://www.ansa.it/web/notizie/photostory/primopiano/2010/10/13/visualizza_new.html_1733456299.html;2010-10-13;2026-05-22;IT;ANSA 10th anniversary special report documenting the October 2000 alluvione, listing bridge collapses and road damage across Piemonte and Valle d'Aosta valleys including Orco, Dora Baltea, Stura di Lanzo and Chisone.
SRC0610;B00.10.20;Scientific;Journal Paper;Bridge collapses in Italy across the 21st century: survey and statistical analysis;https://doi.org/10.1080/15732479.2025.2483500;2025-01-01;2026-05-22;EN;Peer-reviewed paper including this hydraulic bridge collapse in its systematic survey of Italian bridge failures.
SRC0611;B00.10.21;Official/Technical;ARPA Piemonte;Evento alluvionale regionale 13-16 ottobre 2000 – monografia ufficiale;https://www.arpa.piemonte.it/sites/default/files/media/2023-10/Ev2000-2002tot.pdf;2002-10-16;2026-05-22;IT;Official ARPA Piemonte monograph documenting the 13-16 October 2000 catastrophic flood across 50% of Piemonte, listing all bridge collapses by valley: Stura di Lanzo, Orco, Soana, Chisone, Dora Baltea, Dora Riparia, Sangone, Po. Confirms 1,800+ damage events and multiple total bridge collapses.
SRC0612;B00.10.21;News;ANSA;10 anni fa alluvione Nord-Ovest, fu inferno d'acqua – Piemonte e Valle d'Aosta;https://www.ansa.it/web/notizie/photostory/primopiano/2010/10/13/visualizza_new.html_1733456299.html;2010-10-13;2026-05-22;IT;ANSA 10th anniversary special report documenting the October 2000 alluvione, listing bridge collapses and road damage across Piemonte and Valle d'Aosta valleys including Orco, Dora Baltea, Stura di Lanzo and Chisone.
SRC0613;B00.10.21;Scientific;Journal Paper;Bridge collapses in Italy across the 21st century: survey and statistical analysis;https://doi.org/10.1080/15732479.2025.2483500;2025-01-01;2026-05-22;EN;Peer-reviewed paper including this hydraulic bridge collapse in its systematic survey of Italian bridge failures.
SRC0614;B00.10.22;Official/Technical;ARPA Piemonte;Evento alluvionale regionale 13-16 ottobre 2000 – monografia ufficiale;https://www.arpa.piemonte.it/sites/default/files/media/2023-10/Ev2000-2002tot.pdf;2002-10-16;2026-05-22;IT;Official ARPA Piemonte monograph documenting the 13-16 October 2000 catastrophic flood across 50% of Piemonte, listing all bridge collapses by valley: Stura di Lanzo, Orco, Soana, Chisone, Dora Baltea, Dora Riparia, Sangone, Po. Confirms 1,800+ damage events and multiple total bridge collapses.
SRC0615;B00.10.22;News;ANSA;10 anni fa alluvione Nord-Ovest, fu inferno d'acqua – Piemonte e Valle d'Aosta;https://www.ansa.it/web/notizie/photostory/primopiano/2010/10/13/visualizza_new.html_1733456299.html;2010-10-13;2026-05-22;IT;ANSA 10th anniversary special report documenting the October 2000 alluvione, listing bridge collapses and road damage across Piemonte and Valle d'Aosta valleys including Orco, Dora Baltea, Stura di Lanzo and Chisone.
SRC0616;B00.10.22;Scientific;Journal Paper;Bridge collapses in Italy across the 21st century: survey and statistical analysis;https://doi.org/10.1080/15732479.2025.2483500;2025-01-01;2026-05-22;EN;Peer-reviewed paper including this hydraulic bridge collapse in its systematic survey of Italian bridge failures.
SRC0617;B00.10.23;Official/Technical;ARPA Piemonte;Evento alluvionale regionale 13-16 ottobre 2000 – monografia ufficiale;https://www.arpa.piemonte.it/sites/default/files/media/2023-10/Ev2000-2002tot.pdf;2002-10-16;2026-05-22;IT;Official ARPA Piemonte monograph documenting the 13-16 October 2000 catastrophic flood across 50% of Piemonte, listing all bridge collapses by valley: Stura di Lanzo, Orco, Soana, Chisone, Dora Baltea, Dora Riparia, Sangone, Po. Confirms 1,800+ damage events and multiple total bridge collapses.
SRC0618;B00.10.23;News;ANSA;10 anni fa alluvione Nord-Ovest, fu inferno d'acqua – Piemonte e Valle d'Aosta;https://www.ansa.it/web/notizie/photostory/primopiano/2010/10/13/visualizza_new.html_1733456299.html;2010-10-13;2026-05-22;IT;ANSA 10th anniversary special report documenting the October 2000 alluvione, listing bridge collapses and road damage across Piemonte and Valle d'Aosta valleys including Orco, Dora Baltea, Stura di Lanzo and Chisone.
SRC0619;B00.10.23;Scientific;Journal Paper;Bridge collapses in Italy across the 21st century: survey and statistical analysis;https://doi.org/10.1080/15732479.2025.2483500;2025-01-01;2026-05-22;EN;Peer-reviewed paper including this hydraulic bridge collapse in its systematic survey of Italian bridge failures.
SRC0620;B00.10.24;Official/Technical;ARPA Piemonte;Evento alluvionale regionale 13-16 ottobre 2000 – monografia ufficiale;https://www.arpa.piemonte.it/sites/default/files/media/2023-10/Ev2000-2002tot.pdf;2002-10-16;2026-05-22;IT;Official ARPA Piemonte monograph documenting the 13-16 October 2000 catastrophic flood across 50% of Piemonte, listing all bridge collapses by valley: Stura di Lanzo, Orco, Soana, Chisone, Dora Baltea, Dora Riparia, Sangone, Po. Confirms 1,800+ damage events and multiple total bridge collapses.
SRC0621;B00.10.24;News;ANSA;10 anni fa alluvione Nord-Ovest, fu inferno d'acqua – Piemonte e Valle d'Aosta;https://www.ansa.it/web/notizie/photostory/primopiano/2010/10/13/visualizza_new.html_1733456299.html;2010-10-13;2026-05-22;IT;ANSA 10th anniversary special report documenting the October 2000 alluvione, listing bridge collapses and road damage across Piemonte and Valle d'Aosta valleys including Orco, Dora Baltea, Stura di Lanzo and Chisone.
SRC0622;B00.10.24;Scientific;Journal Paper;Bridge collapses in Italy across the 21st century: survey and statistical analysis;https://doi.org/10.1080/15732479.2025.2483500;2025-01-01;2026-05-22;EN;Peer-reviewed paper including this hydraulic bridge collapse in its systematic survey of Italian bridge failures.
SRC0623;B00.10.25;Official/Technical;ARPA Piemonte;Evento alluvionale regionale 13-16 ottobre 2000 – monografia ufficiale;https://www.arpa.piemonte.it/sites/default/files/media/2023-10/Ev2000-2002tot.pdf;2002-10-16;2026-05-22;IT;Official ARPA Piemonte monograph documenting the 13-16 October 2000 catastrophic flood across 50% of Piemonte, listing all bridge collapses by valley: Stura di Lanzo, Orco, Soana, Chisone, Dora Baltea, Dora Riparia, Sangone, Po. Confirms 1,800+ damage events and multiple total bridge collapses.
SRC0624;B00.10.25;News;ANSA;10 anni fa alluvione Nord-Ovest, fu inferno d'acqua – Piemonte e Valle d'Aosta;https://www.ansa.it/web/notizie/photostory/primopiano/2010/10/13/visualizza_new.html_1733456299.html;2010-10-13;2026-05-22;IT;ANSA 10th anniversary special report documenting the October 2000 alluvione, listing bridge collapses and road damage across Piemonte and Valle d'Aosta valleys including Orco, Dora Baltea, Stura di Lanzo and Chisone.
SRC0625;B00.10.25;Scientific;Journal Paper;Bridge collapses in Italy across the 21st century: survey and statistical analysis;https://doi.org/10.1080/15732479.2025.2483500;2025-01-01;2026-05-22;EN;Peer-reviewed paper including this hydraulic bridge collapse in its systematic survey of Italian bridge failures.
SRC0626;B00.10.26;Official/Technical;ARPA Piemonte;Evento alluvionale regionale 13-16 ottobre 2000 – monografia ufficiale;https://www.arpa.piemonte.it/sites/default/files/media/2023-10/Ev2000-2002tot.pdf;2002-10-16;2026-05-22;IT;Official ARPA Piemonte monograph documenting the 13-16 October 2000 catastrophic flood across 50% of Piemonte, listing all bridge collapses by valley: Stura di Lanzo, Orco, Soana, Chisone, Dora Baltea, Dora Riparia, Sangone, Po. Confirms 1,800+ damage events and multiple total bridge collapses.
SRC0627;B00.10.26;News;ANSA;10 anni fa alluvione Nord-Ovest, fu inferno d'acqua – Piemonte e Valle d'Aosta;https://www.ansa.it/web/notizie/photostory/primopiano/2010/10/13/visualizza_new.html_1733456299.html;2010-10-13;2026-05-22;IT;ANSA 10th anniversary special report documenting the October 2000 alluvione, listing bridge collapses and road damage across Piemonte and Valle d'Aosta valleys including Orco, Dora Baltea, Stura di Lanzo and Chisone.
SRC0628;B00.10.26;Scientific;Journal Paper;Bridge collapses in Italy across the 21st century: survey and statistical analysis;https://doi.org/10.1080/15732479.2025.2483500;2025-01-01;2026-05-22;EN;Peer-reviewed paper including this hydraulic bridge collapse in its systematic survey of Italian bridge failures.
SRC0629;B00.10.27;Official/Technical;ARPA Piemonte;Evento alluvionale regionale 13-16 ottobre 2000 – monografia ufficiale;https://www.arpa.piemonte.it/sites/default/files/media/2023-10/Ev2000-2002tot.pdf;2002-10-16;2026-05-22;IT;Official ARPA Piemonte monograph documenting the 13-16 October 2000 catastrophic flood across 50% of Piemonte, listing all bridge collapses by valley: Stura di Lanzo, Orco, Soana, Chisone, Dora Baltea, Dora Riparia, Sangone, Po. Confirms 1,800+ damage events and multiple total bridge collapses.
SRC0630;B00.10.27;News;ANSA;10 anni fa alluvione Nord-Ovest, fu inferno d'acqua – Piemonte e Valle d'Aosta;https://www.ansa.it/web/notizie/photostory/primopiano/2010/10/13/visualizza_new.html_1733456299.html;2010-10-13;2026-05-22;IT;ANSA 10th anniversary special report documenting the October 2000 alluvione, listing bridge collapses and road damage across Piemonte and Valle d'Aosta valleys including Orco, Dora Baltea, Stura di Lanzo and Chisone.
SRC0631;B00.10.27;Scientific;Journal Paper;Bridge collapses in Italy across the 21st century: survey and statistical analysis;https://doi.org/10.1080/15732479.2025.2483500;2025-01-01;2026-05-22;EN;Peer-reviewed paper including this hydraulic bridge collapse in its systematic survey of Italian bridge failures.
SRC0632;B00.10.28;Official/Technical;ARPA Piemonte;Evento alluvionale regionale 13-16 ottobre 2000 – monografia ufficiale;https://www.arpa.piemonte.it/sites/default/files/media/2023-10/Ev2000-2002tot.pdf;2002-10-16;2026-05-22;IT;Official ARPA Piemonte monograph documenting the 13-16 October 2000 catastrophic flood across 50% of Piemonte, listing all bridge collapses by valley: Stura di Lanzo, Orco, Soana, Chisone, Dora Baltea, Dora Riparia, Sangone, Po. Confirms 1,800+ damage events and multiple total bridge collapses.
SRC0633;B00.10.28;News;ANSA;10 anni fa alluvione Nord-Ovest, fu inferno d'acqua – Piemonte e Valle d'Aosta;https://www.ansa.it/web/notizie/photostory/primopiano/2010/10/13/visualizza_new.html_1733456299.html;2010-10-13;2026-05-22;IT;ANSA 10th anniversary special report documenting the October 2000 alluvione, listing bridge collapses and road damage across Piemonte and Valle d'Aosta valleys including Orco, Dora Baltea, Stura di Lanzo and Chisone.
SRC0634;B00.10.28;Scientific;Journal Paper;Bridge collapses in Italy across the 21st century: survey and statistical analysis;https://doi.org/10.1080/15732479.2025.2483500;2025-01-01;2026-05-22;EN;Peer-reviewed paper including this hydraulic bridge collapse in its systematic survey of Italian bridge failures.
SRC0635;B00.10.29;Official/Technical;ARPA Piemonte;Evento alluvionale regionale 13-16 ottobre 2000 – monografia ufficiale;https://www.arpa.piemonte.it/sites/default/files/media/2023-10/Ev2000-2002tot.pdf;2002-10-16;2026-05-22;IT;Official ARPA Piemonte monograph documenting the 13-16 October 2000 catastrophic flood across 50% of Piemonte, listing all bridge collapses by valley: Stura di Lanzo, Orco, Soana, Chisone, Dora Baltea, Dora Riparia, Sangone, Po. Confirms 1,800+ damage events and multiple total bridge collapses.
SRC0636;B00.10.29;News;ANSA;10 anni fa alluvione Nord-Ovest, fu inferno d'acqua – Piemonte e Valle d'Aosta;https://www.ansa.it/web/notizie/photostory/primopiano/2010/10/13/visualizza_new.html_1733456299.html;2010-10-13;2026-05-22;IT;ANSA 10th anniversary special report documenting the October 2000 alluvione, listing bridge collapses and road damage across Piemonte and Valle d'Aosta valleys including Orco, Dora Baltea, Stura di Lanzo and Chisone.
SRC0637;B00.10.29;Scientific;Journal Paper;Bridge collapses in Italy across the 21st century: survey and statistical analysis;https://doi.org/10.1080/15732479.2025.2483500;2025-01-01;2026-05-22;EN;Peer-reviewed paper including this hydraulic bridge collapse in its systematic survey of Italian bridge failures.
SRC0638;B00.10.30;Official/Technical;ARPA Piemonte;Evento alluvionale regionale 13-16 ottobre 2000 – monografia ufficiale;https://www.arpa.piemonte.it/sites/default/files/media/2023-10/Ev2000-2002tot.pdf;2002-10-16;2026-05-22;IT;Official ARPA Piemonte monograph documenting the 13-16 October 2000 catastrophic flood across 50% of Piemonte, listing all bridge collapses by valley: Stura di Lanzo, Orco, Soana, Chisone, Dora Baltea, Dora Riparia, Sangone, Po. Confirms 1,800+ damage events and multiple total bridge collapses.
SRC0639;B00.10.30;News;ANSA;10 anni fa alluvione Nord-Ovest, fu inferno d'acqua – Piemonte e Valle d'Aosta;https://www.ansa.it/web/notizie/photostory/primopiano/2010/10/13/visualizza_new.html_1733456299.html;2010-10-13;2026-05-22;IT;ANSA 10th anniversary special report documenting the October 2000 alluvione, listing bridge collapses and road damage across Piemonte and Valle d'Aosta valleys including Orco, Dora Baltea, Stura di Lanzo and Chisone.
SRC0640;B00.10.30;Scientific;Journal Paper;Bridge collapses in Italy across the 21st century: survey and statistical analysis;https://doi.org/10.1080/15732479.2025.2483500;2025-01-01;2026-05-22;EN;Peer-reviewed paper including this hydraulic bridge collapse in its systematic survey of Italian bridge failures.
SRC0641;B00.10.31;Official/Technical;ARPA Piemonte;Evento alluvionale regionale 13-16 ottobre 2000 – monografia ufficiale;https://www.arpa.piemonte.it/sites/default/files/media/2023-10/Ev2000-2002tot.pdf;2002-10-16;2026-05-22;IT;Official ARPA Piemonte monograph documenting the 13-16 October 2000 catastrophic flood across 50% of Piemonte, listing all bridge collapses by valley: Stura di Lanzo, Orco, Soana, Chisone, Dora Baltea, Dora Riparia, Sangone, Po. Confirms 1,800+ damage events and multiple total bridge collapses.
SRC0642;B00.10.31;News;ANSA;10 anni fa alluvione Nord-Ovest, fu inferno d'acqua – Piemonte e Valle d'Aosta;https://www.ansa.it/web/notizie/photostory/primopiano/2010/10/13/visualizza_new.html_1733456299.html;2010-10-13;2026-05-22;IT;ANSA 10th anniversary special report documenting the October 2000 alluvione, listing bridge collapses and road damage across Piemonte and Valle d'Aosta valleys including Orco, Dora Baltea, Stura di Lanzo and Chisone.
SRC0643;B00.10.31;Scientific;Journal Paper;Bridge collapses in Italy across the 21st century: survey and statistical analysis;https://doi.org/10.1080/15732479.2025.2483500;2025-01-01;2026-05-22;EN;Peer-reviewed paper including this hydraulic bridge collapse in its systematic survey of Italian bridge failures.
SRC0644;B00.10.32;Official/Technical;ARPA Piemonte;Evento alluvionale regionale 13-16 ottobre 2000 – monografia ufficiale;https://www.arpa.piemonte.it/sites/default/files/media/2023-10/Ev2000-2002tot.pdf;2002-10-16;2026-05-22;IT;Official ARPA Piemonte monograph documenting the 13-16 October 2000 catastrophic flood across 50% of Piemonte, listing all bridge collapses by valley: Stura di Lanzo, Orco, Soana, Chisone, Dora Baltea, Dora Riparia, Sangone, Po. Confirms 1,800+ damage events and multiple total bridge collapses.
SRC0645;B00.10.32;News;ANSA;10 anni fa alluvione Nord-Ovest, fu inferno d'acqua – Piemonte e Valle d'Aosta;https://www.ansa.it/web/notizie/photostory/primopiano/2010/10/13/visualizza_new.html_1733456299.html;2010-10-13;2026-05-22;IT;ANSA 10th anniversary special report documenting the October 2000 alluvione, listing bridge collapses and road damage across Piemonte and Valle d'Aosta valleys including Orco, Dora Baltea, Stura di Lanzo and Chisone.
SRC0646;B00.10.32;Scientific;Journal Paper;Bridge collapses in Italy across the 21st century: survey and statistical analysis;https://doi.org/10.1080/15732479.2025.2483500;2025-01-01;2026-05-22;EN;Peer-reviewed paper including this hydraulic bridge collapse in its systematic survey of Italian bridge failures.
SRC0647;B00.10.33;Official/Technical;ARPA Piemonte;Evento alluvionale regionale 13-16 ottobre 2000 – monografia ufficiale;https://www.arpa.piemonte.it/sites/default/files/media/2023-10/Ev2000-2002tot.pdf;2002-10-16;2026-05-22;IT;Official ARPA Piemonte monograph documenting the 13-16 October 2000 catastrophic flood across 50% of Piemonte, listing all bridge collapses by valley: Stura di Lanzo, Orco, Soana, Chisone, Dora Baltea, Dora Riparia, Sangone, Po. Confirms 1,800+ damage events and multiple total bridge collapses.
SRC0648;B00.10.33;News;ANSA;10 anni fa alluvione Nord-Ovest, fu inferno d'acqua – Piemonte e Valle d'Aosta;https://www.ansa.it/web/notizie/photostory/primopiano/2010/10/13/visualizza_new.html_1733456299.html;2010-10-13;2026-05-22;IT;ANSA 10th anniversary special report documenting the October 2000 alluvione, listing bridge collapses and road damage across Piemonte and Valle d'Aosta valleys including Orco, Dora Baltea, Stura di Lanzo and Chisone.
SRC0649;B00.10.33;Scientific;Journal Paper;Bridge collapses in Italy across the 21st century: survey and statistical analysis;https://doi.org/10.1080/15732479.2025.2483500;2025-01-01;2026-05-22;EN;Peer-reviewed paper including this hydraulic bridge collapse in its systematic survey of Italian bridge failures.
SRC0650;B00.10.34;Official/Technical;ARPA Piemonte;Evento alluvionale regionale 13-16 ottobre 2000 – monografia ufficiale;https://www.arpa.piemonte.it/sites/default/files/media/2023-10/Ev2000-2002tot.pdf;2002-10-16;2026-05-22;IT;Official ARPA Piemonte monograph documenting the 13-16 October 2000 catastrophic flood across 50% of Piemonte, listing all bridge collapses by valley: Stura di Lanzo, Orco, Soana, Chisone, Dora Baltea, Dora Riparia, Sangone, Po. Confirms 1,800+ damage events and multiple total bridge collapses.
SRC0651;B00.10.34;News;ANSA;10 anni fa alluvione Nord-Ovest, fu inferno d'acqua – Piemonte e Valle d'Aosta;https://www.ansa.it/web/notizie/photostory/primopiano/2010/10/13/visualizza_new.html_1733456299.html;2010-10-13;2026-05-22;IT;ANSA 10th anniversary special report documenting the October 2000 alluvione, listing bridge collapses and road damage across Piemonte and Valle d'Aosta valleys including Orco, Dora Baltea, Stura di Lanzo and Chisone.
SRC0652;B00.10.34;Scientific;Journal Paper;Bridge collapses in Italy across the 21st century: survey and statistical analysis;https://doi.org/10.1080/15732479.2025.2483500;2025-01-01;2026-05-22;EN;Peer-reviewed paper including this hydraulic bridge collapse in its systematic survey of Italian bridge failures.
SRC0653;B00.10.35;Official/Technical;ARPA Piemonte;Evento alluvionale regionale 13-16 ottobre 2000 – monografia ufficiale;https://www.arpa.piemonte.it/sites/default/files/media/2023-10/Ev2000-2002tot.pdf;2002-10-16;2026-05-22;IT;Official ARPA Piemonte monograph documenting the 13-16 October 2000 catastrophic flood across 50% of Piemonte, listing all bridge collapses by valley: Stura di Lanzo, Orco, Soana, Chisone, Dora Baltea, Dora Riparia, Sangone, Po. Confirms 1,800+ damage events and multiple total bridge collapses.
SRC0654;B00.10.35;News;ANSA;10 anni fa alluvione Nord-Ovest, fu inferno d'acqua – Piemonte e Valle d'Aosta;https://www.ansa.it/web/notizie/photostory/primopiano/2010/10/13/visualizza_new.html_1733456299.html;2010-10-13;2026-05-22;IT;ANSA 10th anniversary special report documenting the October 2000 alluvione, listing bridge collapses and road damage across Piemonte and Valle d'Aosta valleys including Orco, Dora Baltea, Stura di Lanzo and Chisone.
SRC0655;B00.10.35;Scientific;Journal Paper;Bridge collapses in Italy across the 21st century: survey and statistical analysis;https://doi.org/10.1080/15732479.2025.2483500;2025-01-01;2026-05-22;EN;Peer-reviewed paper including this hydraulic bridge collapse in its systematic survey of Italian bridge failures.
SRC0656;B00.10.36;Official/Technical;ARPA Piemonte;Evento alluvionale regionale 13-16 ottobre 2000 – monografia ufficiale;https://www.arpa.piemonte.it/sites/default/files/media/2023-10/Ev2000-2002tot.pdf;2002-10-16;2026-05-22;IT;Official ARPA Piemonte monograph documenting the 13-16 October 2000 catastrophic flood across 50% of Piemonte, listing all bridge collapses by valley: Stura di Lanzo, Orco, Soana, Chisone, Dora Baltea, Dora Riparia, Sangone, Po. Confirms 1,800+ damage events and multiple total bridge collapses.
SRC0657;B00.10.36;News;ANSA;10 anni fa alluvione Nord-Ovest, fu inferno d'acqua – Piemonte e Valle d'Aosta;https://www.ansa.it/web/notizie/photostory/primopiano/2010/10/13/visualizza_new.html_1733456299.html;2010-10-13;2026-05-22;IT;ANSA 10th anniversary special report documenting the October 2000 alluvione, listing bridge collapses and road damage across Piemonte and Valle d'Aosta valleys including Orco, Dora Baltea, Stura di Lanzo and Chisone.
SRC0658;B00.10.36;Scientific;Journal Paper;Bridge collapses in Italy across the 21st century: survey and statistical analysis;https://doi.org/10.1080/15732479.2025.2483500;2025-01-01;2026-05-22;EN;Peer-reviewed paper including this hydraulic bridge collapse in its systematic survey of Italian bridge failures.
SRC0659;B00.10.37;Official/Technical;ARPA Piemonte;Evento alluvionale regionale 13-16 ottobre 2000 – monografia ufficiale;https://www.arpa.piemonte.it/sites/default/files/media/2023-10/Ev2000-2002tot.pdf;2002-10-16;2026-05-22;IT;Official ARPA Piemonte monograph documenting the 13-16 October 2000 catastrophic flood across 50% of Piemonte, listing all bridge collapses by valley: Stura di Lanzo, Orco, Soana, Chisone, Dora Baltea, Dora Riparia, Sangone, Po. Confirms 1,800+ damage events and multiple total bridge collapses.
SRC0660;B00.10.37;News;ANSA;10 anni fa alluvione Nord-Ovest, fu inferno d'acqua – Piemonte e Valle d'Aosta;https://www.ansa.it/web/notizie/photostory/primopiano/2010/10/13/visualizza_new.html_1733456299.html;2010-10-13;2026-05-22;IT;ANSA 10th anniversary special report documenting the October 2000 alluvione, listing bridge collapses and road damage across Piemonte and Valle d'Aosta valleys including Orco, Dora Baltea, Stura di Lanzo and Chisone.
SRC0661;B00.10.37;Scientific;Journal Paper;Bridge collapses in Italy across the 21st century: survey and statistical analysis;https://doi.org/10.1080/15732479.2025.2483500;2025-01-01;2026-05-22;EN;Peer-reviewed paper including this hydraulic bridge collapse in its systematic survey of Italian bridge failures.
SRC0662;B00.10.38;Official/Technical;ARPA Piemonte;Evento alluvionale regionale 13-16 ottobre 2000 – monografia ufficiale;https://www.arpa.piemonte.it/sites/default/files/media/2023-10/Ev2000-2002tot.pdf;2002-10-16;2026-05-22;IT;Official ARPA Piemonte monograph documenting the 13-16 October 2000 catastrophic flood across 50% of Piemonte, listing all bridge collapses by valley: Stura di Lanzo, Orco, Soana, Chisone, Dora Baltea, Dora Riparia, Sangone, Po. Confirms 1,800+ damage events and multiple total bridge collapses.
SRC0663;B00.10.38;News;ANSA;10 anni fa alluvione Nord-Ovest, fu inferno d'acqua – Piemonte e Valle d'Aosta;https://www.ansa.it/web/notizie/photostory/primopiano/2010/10/13/visualizza_new.html_1733456299.html;2010-10-13;2026-05-22;IT;ANSA 10th anniversary special report documenting the October 2000 alluvione, listing bridge collapses and road damage across Piemonte and Valle d'Aosta valleys including Orco, Dora Baltea, Stura di Lanzo and Chisone.
SRC0664;B00.10.38;Scientific;Journal Paper;Bridge collapses in Italy across the 21st century: survey and statistical analysis;https://doi.org/10.1080/15732479.2025.2483500;2025-01-01;2026-05-22;EN;Peer-reviewed paper including this hydraulic bridge collapse in its systematic survey of Italian bridge failures.
SRC0665;B00.10.39;Official/Technical;ARPA Piemonte;Evento alluvionale regionale 13-16 ottobre 2000 – monografia ufficiale;https://www.arpa.piemonte.it/sites/default/files/media/2023-10/Ev2000-2002tot.pdf;2002-10-16;2026-05-22;IT;Official ARPA Piemonte monograph documenting the 13-16 October 2000 catastrophic flood across 50% of Piemonte, listing all bridge collapses by valley: Stura di Lanzo, Orco, Soana, Chisone, Dora Baltea, Dora Riparia, Sangone, Po. Confirms 1,800+ damage events and multiple total bridge collapses.
SRC0666;B00.10.39;News;ANSA;10 anni fa alluvione Nord-Ovest, fu inferno d'acqua – Piemonte e Valle d'Aosta;https://www.ansa.it/web/notizie/photostory/primopiano/2010/10/13/visualizza_new.html_1733456299.html;2010-10-13;2026-05-22;IT;ANSA 10th anniversary special report documenting the October 2000 alluvione, listing bridge collapses and road damage across Piemonte and Valle d'Aosta valleys including Orco, Dora Baltea, Stura di Lanzo and Chisone.
SRC0667;B00.10.39;Scientific;Journal Paper;Bridge collapses in Italy across the 21st century: survey and statistical analysis;https://doi.org/10.1080/15732479.2025.2483500;2025-01-01;2026-05-22;EN;Peer-reviewed paper including this hydraulic bridge collapse in its systematic survey of Italian bridge failures.
SRC0668;B00.10.40;Official/Technical;ARPA Piemonte;Evento alluvionale regionale 13-16 ottobre 2000 – monografia ufficiale;https://www.arpa.piemonte.it/sites/default/files/media/2023-10/Ev2000-2002tot.pdf;2002-10-16;2026-05-22;IT;Official ARPA Piemonte monograph documenting the 13-16 October 2000 catastrophic flood across 50% of Piemonte, listing all bridge collapses by valley: Stura di Lanzo, Orco, Soana, Chisone, Dora Baltea, Dora Riparia, Sangone, Po. Confirms 1,800+ damage events and multiple total bridge collapses.
SRC0669;B00.10.40;News;ANSA;10 anni fa alluvione Nord-Ovest, fu inferno d'acqua – Piemonte e Valle d'Aosta;https://www.ansa.it/web/notizie/photostory/primopiano/2010/10/13/visualizza_new.html_1733456299.html;2010-10-13;2026-05-22;IT;ANSA 10th anniversary special report documenting the October 2000 alluvione, listing bridge collapses and road damage across Piemonte and Valle d'Aosta valleys including Orco, Dora Baltea, Stura di Lanzo and Chisone.
SRC0670;B00.10.40;Scientific;Journal Paper;Bridge collapses in Italy across the 21st century: survey and statistical analysis;https://doi.org/10.1080/15732479.2025.2483500;2025-01-01;2026-05-22;EN;Peer-reviewed paper including this hydraulic bridge collapse in its systematic survey of Italian bridge failures.
SRC0671;B00.10.41;Official/Technical;ARPA Piemonte;Evento alluvionale regionale 13-16 ottobre 2000 – monografia ufficiale;https://www.arpa.piemonte.it/sites/default/files/media/2023-10/Ev2000-2002tot.pdf;2002-10-16;2026-05-22;IT;Official ARPA Piemonte monograph documenting the 13-16 October 2000 catastrophic flood across 50% of Piemonte, listing all bridge collapses by valley: Stura di Lanzo, Orco, Soana, Chisone, Dora Baltea, Dora Riparia, Sangone, Po. Confirms 1,800+ damage events and multiple total bridge collapses.
SRC0672;B00.10.41;News;ANSA;10 anni fa alluvione Nord-Ovest, fu inferno d'acqua – Piemonte e Valle d'Aosta;https://www.ansa.it/web/notizie/photostory/primopiano/2010/10/13/visualizza_new.html_1733456299.html;2010-10-13;2026-05-22;IT;ANSA 10th anniversary special report documenting the October 2000 alluvione, listing bridge collapses and road damage across Piemonte and Valle d'Aosta valleys including Orco, Dora Baltea, Stura di Lanzo and Chisone.
SRC0673;B00.10.41;Scientific;Journal Paper;Bridge collapses in Italy across the 21st century: survey and statistical analysis;https://doi.org/10.1080/15732479.2025.2483500;2025-01-01;2026-05-22;EN;Peer-reviewed paper including this hydraulic bridge collapse in its systematic survey of Italian bridge failures.
SRC0674;B00.10.43;Official/Technical;ARPA Piemonte;Evento alluvionale regionale 13-16 ottobre 2000 – monografia ufficiale;https://www.arpa.piemonte.it/sites/default/files/media/2023-10/Ev2000-2002tot.pdf;2002-10-16;2026-05-22;IT;Official ARPA Piemonte monograph documenting the 13-16 October 2000 catastrophic flood across 50% of Piemonte, listing all bridge collapses by valley: Stura di Lanzo, Orco, Soana, Chisone, Dora Baltea, Dora Riparia, Sangone, Po. Confirms 1,800+ damage events and multiple total bridge collapses.
SRC0675;B00.10.43;News;ANSA;10 anni fa alluvione Nord-Ovest, fu inferno d'acqua – Piemonte e Valle d'Aosta;https://www.ansa.it/web/notizie/photostory/primopiano/2010/10/13/visualizza_new.html_1733456299.html;2010-10-13;2026-05-22;IT;ANSA 10th anniversary special report documenting the October 2000 alluvione, listing bridge collapses and road damage across Piemonte and Valle d'Aosta valleys including Orco, Dora Baltea, Stura di Lanzo and Chisone.
SRC0676;B00.10.43;Scientific;Journal Paper;Bridge collapses in Italy across the 21st century: survey and statistical analysis;https://doi.org/10.1080/15732479.2025.2483500;2025-01-01;2026-05-22;EN;Peer-reviewed paper including this hydraulic bridge collapse in its systematic survey of Italian bridge failures.
SRC0677;B00.10.42;Official/Technical;Regione Valle d'Aosta;Alluvione ottobre 2000 in Valle d'Aosta – documentazione ufficiale;https://www.regione.vda.it/territorio/territorio/rischiidrogeologici/ricordare_il_passato/valluvione/default_i.asp;2002-10-16;2026-05-22;IT;Official Regione VdA page documenting the 13-16 October 2000 alluvione that caused 20 deaths and €1.5 billion damage, with 456mm at Cogne and 320mm in the Lys valley, confirming multiple bridge collapses including at Issime.
SRC0678;B00.10.42;Official/Technical;Regione Valle d'Aosta;Issime – Casa e pericoli: crollo ponte del Giubileo durante alluvione 2000;https://casaepericoli.regione.vda.it/eventi-storici/issime/;2002-10-16;2026-05-22;IT;"Official Regione VdA hazard register for Issime explicitly documenting: ""durante l'alluvione del 2000...viene travolto il ponte del Giubileo"" — direct confirmation of bridge collapse over the Lys stream during the October 2000 event."
SRC0679;B00.10.42;News;ANSA;10 anni fa alluvione Nord-Ovest – Valle d'Aosta: 20 morti, ponti distrutti;https://www.ansa.it/web/notizie/photostory/primopiano/2010/10/13/visualizza_new.html_1733456299.html;2010-10-13;2026-05-22;IT;ANSA 10th anniversary special confirming the October 2000 alluvione caused 20 deaths in Valle d'Aosta with bridge collapses across the Lys valley (including Issime) and Dora Baltea.
SRC0680;B00.01.01;Scientific;Journal Paper;Bridge collapses in Italy across the 21st century: survey and statistical analysis;https://doi.org/10.1080/15732479.2025.2483500;2025-01-01;2026-05-22;EN;Peer-reviewed paper confirming this hydraulic collapse on SS647 near Campobasso in January 2000.
SRC0681;B00.01.01;News;Sudnews;Maltempo, crolla un ponte sula statale per Campobasso;http://www.sudnews.it/risorsa/5533_Molise__maltempo__crolla_un_ponte_sulla_statale_per_Campobasso.html;2001-01-25;2026-05-22;IT;Local paper news
SRC0682;B00.11.01;Scientific;Journal Paper;Bridge collapses in Italy across the 21st century: survey and statistical analysis;https://doi.org/10.1080/15732479.2025.2483500;2025-01-01;2026-05-22;EN;Peer-reviewed paper including this November 2000 hydraulic collapse in its systematic survey, confirming 1 victim.
SRC0683;B00.11.01;News;Il Tirreno;Lunigiana, crolla ponte sull'Orzanella a Filattiera: un morto;https://www.iltirreno.it/massa/cronaca/2011/11/11/news/mori-nell-alluvione-processo-dopo-11-anni-1.2793437;2000-11-13;2026-05-22;IT;Local Toscana newspaper covering the November 2000 collapse of the Orzanella bridge at Filattiera and the one fatality.
SRC0684;B00.12.01;News;La Repubblica;A13, tir abbatte cavalcavia;https://ricerca.repubblica.it/repubblica/archivio/repubblica/2000/12/16/a13-tir-abbatte-cavalcavia.html?ref=search;2000-12-16;2026-05-22;IT;La repubblica archive
SRC0685;B23.05.06;News;Il Resto del Carlino;Alluvione Bologna, crolla ponte a Monterenzio: residenti isolati a Villa Sassonero;https://www.ilrestodelcarlino.it/bologna/alluvione-bologna-oggi-crolla-ponte-monterenzio-diretta-lrrsj83t;2023-05-24;2026-05-22;IT;"Direct news report (24 May 2023) confirming the collapse of the Ponte di Villa Sassonero on the Sillaro in via Ca' di Lesso, Monterenzio — one of several bridges destroyed during the May 2023 Emilia-Romagna alluvione. No injuries; two residents isolated."
SRC0686;B23.05.06;News;BolognaToday;Maltempo, a Monterenzio è crollato un ponte (VIDEO);https://www.bolognatoday.it/cronaca/ponte-crollato-monterenzio-maltempo.html;2023-05-24;2026-05-22;IT;Direct news report with video (24 May 2023) confirming the collapse of the small bridge over the Sillaro in locality Sassonero at approximately 18:00, caused by soil subsidence following extreme rainfall. Vigili del fuoco evacuated affected residents.
SRC0687;B24.10.01;News;ANSA;Alluvione Bolognese: Esercito realizza by-pass per 15 famiglie isolate a Sasso Marconi;https://www.ansa.it/emiliaromagna/notizie/2024/11/30/alluvione-esercito-realizza-by-pass-stradale-nel-bolognese_53350d11-b88f-4def-886a-a96f61a7204a.html;2024-11-30;2026-05-22;IT;"ANSA direct report confirming the collapse of the Olivetta stream bridge at loc. Molino di Pramarano (via Boschi), Sasso Marconi, caused by the 18-19 October 2024 flood event. 15 families isolated; Army engineers built a bypass road."
SRC0688;B24.10.01;News;Il Resto del Carlino;Crollo del ponte sul torrente Olivetta: il by-pass dell'Esercito libera 15 famiglie;https://www.ilrestodelcarlino.it/bologna/cronaca/crollo-del-ponte-sul-torrente-aeeec7c9;2024-11-30;2026-05-22;IT;Direct news report (3 Dec 2024) confirming the masonry arch bridge collapse on the Olivetta stream at Sasso Marconi during the 18-19 October 2024 alluvione, 15 families isolated for weeks, Esercito bypass, €160k emergency works.
