{"type":"FeatureCollection","features":[{"type":"Feature","properties":{"cod_reg":"1","den_reg":"Piemonte"},"geometry":{"type":"MultiPolygon","coordinates":[[[[6.62662,45.1043],[6.64445,45.08569],[6.64617,45.07502],[6.66226,45.07138],[6.66698,45.04708],[6.66454,45.03405],[6.6736,45.02004],[6.72459,45.02198],[6.74595,45.01386],[6.75131,44.99756],[6.73756,44.99076],[6.76364,44.97145],[6.76555,44.96161],[6.75782,44.94821],[6.74622,44.93858],[6.75999,44.93379],[6.75187,44.92516],[6.75084,44.90617],[6.77293,44.90261],[6.785,44.8887],[6.79263,44.88929],[6.80895,44.87547],[6.83001,44.8679],[6.83966,44.86005],[6.85483,44.85756],[6.86294,44.85072],[6.91129,44.84457],[6.93151,44.86344],[6.97048,44.84626],[7.00609,44.83997],[7.0097,44.82639],[7.02385,44.82333],[7.00008,44.78905],[7.01924,44.77596],[7.02472,44.76233],[7.02132,44.75181],[7.02367,44.7397],[7.03245,44.72788],[7.04247,44.71883],[7.06535,44.71383],[7.07326,44.69594],[7.07616,44.68385],[7.07112,44.67987],[7.04894,44.68307],[7.02922,44.69161],[7.00345,44.68681],[6.98892,44.69023],[6.97123,44.67757],[6.96268,44.67774],[6.94752,44.65358],[6.95492,44.6348],[6.96848,44.62633],[6.96734,44.61928],[6.95228,44.62051],[6.94836,44.60803],[6.93771,44.60312],[6.93316,44.59355],[6.93259,44.57289],[6.91247,44.56852],[6.91637,44.56173],[6.91358,44.55866],[6.87892,44.55432],[6.87054,44.54037],[6.85505,44.53221],[6.85966,44.50594],[6.86679,44.49401],[6.87714,44.48812],[6.87617,44.48149],[6.90633,44.46783],[6.91301,44.45104],[6.94839,44.42983],[6.93465,44.42994],[6.93249,44.42463],[6.92531,44.42267],[6.91453,44.42453],[6.89279,44.42023],[6.89684,44.37474],[6.88723,44.36203],[6.92201,44.35173],[6.92678,44.33319],[6.96071,44.3112],[6.95834,44.29548],[6.99575,44.28014],[6.99671,44.25071],[7.00728,44.23599],[7.02808,44.23136],[7.03498,44.22397],[7.06854,44.23369],[7.08643,44.22931],[7.09459,44.22106],[7.11712,44.21583],[7.14405,44.20018],[7.16357,44.20785],[7.17637,44.19901],[7.18867,44.1989],[7.1936,44.18683],[7.20386,44.18526],[7.21887,44.16856],[7.22923,44.16893],[7.23514,44.17494],[7.24392,44.17148],[7.24295,44.16592],[7.24842,44.15797],[7.27754,44.14291],[7.29134,44.14608],[7.30634,44.14407],[7.31054,44.14747],[7.31949,44.14339],[7.34191,44.14605],[7.35696,44.11639],[7.39265,44.12556],[7.40342,44.11828],[7.42335,44.11332],[7.42817,44.13041],[7.45808,44.12653],[7.50383,44.14366],[7.5214,44.1378],[7.53495,44.14744],[7.54867,44.14573],[7.56502,44.15234],[7.61738,44.14984],[7.62522,44.15608],[7.63527,44.17634],[7.64595,44.17824],[7.68465,44.17392],[7.67233,44.15965],[7.6705,44.15264],[7.67841,44.14621],[7.66643,44.13066],[7.67232,44.11984],[7.69043,44.10852],[7.71698,44.08331],[7.71433,44.06156],[7.72777,44.06028],[7.73789,44.07637],[7.75936,44.0843],[7.7325,44.08388],[7.71802,44.10358],[7.71821,44.10865],[7.7263,44.12624],[7.76274,44.14088],[7.77514,44.13997],[7.816,44.12307],[7.86612,44.11816],[7.88079,44.1129],[7.88394,44.10466],[7.92596,44.1103],[7.93543,44.10102],[7.94237,44.10012],[7.958,44.10369],[7.97153,44.1131],[8.00688,44.10259],[8.01559,44.1107],[8.00269,44.11663],[8.01199,44.12094],[8.00594,44.12616],[7.99173,44.12741],[7.99146,44.13228],[7.97893,44.13354],[7.97963,44.13846],[8.01184,44.1559],[8.02913,44.15383],[8.04293,44.14283],[8.0682,44.14498],[8.0857,44.17049],[8.09717,44.17871],[8.09208,44.18604],[8.09551,44.19695],[8.08796,44.20316],[8.07466,44.20578],[8.06536,44.21694],[8.06735,44.22556],[8.0811,44.24004],[8.0631,44.25307],[8.08126,44.26203],[8.0907,44.2748],[8.08287,44.27784],[8.07604,44.28753],[8.06356,44.28827],[8.06122,44.29949],[8.07602,44.31396],[8.08452,44.3066],[8.10196,44.30093],[8.10907,44.31512],[8.10644,44.33237],[8.13428,44.3321],[8.14492,44.34578],[8.14864,44.35481],[8.14148,44.36807],[8.15036,44.37532],[8.14952,44.38479],[8.16193,44.38583],[8.18126,44.39715],[8.18651,44.3953],[8.20805,44.41034],[8.20828,44.41714],[8.22284,44.431],[8.20715,44.44814],[8.21026,44.45552],[8.19574,44.46427],[8.19751,44.47682],[8.22332,44.48567],[8.2162,44.4973],[8.22416,44.51417],[8.25278,44.52875],[8.27131,44.5068],[8.30896,44.49899],[8.32164,44.48802],[8.34918,44.48555],[8.35953,44.465],[8.37492,44.47439],[8.39243,44.47705],[8.39075,44.48774],[8.40099,44.49338],[8.40388,44.50897],[8.41859,44.51328],[8.42551,44.50625],[8.44147,44.504],[8.4495,44.49739],[8.45301,44.50981],[8.47066,44.52248],[8.47807,44.51065],[8.53478,44.51335],[8.54366,44.512],[8.54954,44.50399],[8.5597,44.50282],[8.57616,44.50923],[8.57171,44.51613],[8.57376,44.52332],[8.58669,44.52419],[8.5928,44.53518],[8.60709,44.53754],[8.61237,44.5433],[8.61291,44.54712],[8.59782,44.55656],[8.60121,44.56824],[8.61492,44.56859],[8.62386,44.58638],[8.6327,44.58044],[8.64764,44.58283],[8.66166,44.57921],[8.66676,44.58246],[8.68142,44.57488],[8.69005,44.58196],[8.71408,44.58145],[8.73277,44.57043],[8.74027,44.55683],[8.73819,44.55177],[8.74995,44.54895],[8.75698,44.53669],[8.74981,44.52566],[8.75392,44.52412],[8.76047,44.53024],[8.76756,44.52496],[8.76898,44.5099],[8.77357,44.50393],[8.76694,44.49195],[8.78826,44.48803],[8.78918,44.49641],[8.79771,44.50025],[8.79511,44.52186],[8.79908,44.53015],[8.82877,44.54307],[8.82221,44.55025],[8.82684,44.5618],[8.86291,44.56061],[8.86861,44.56624],[8.89134,44.55063],[8.89494,44.55537],[8.9175,44.56106],[8.92169,44.56707],[8.91189,44.58003],[8.90302,44.60766],[8.90937,44.61333],[8.9034,44.62186],[8.88497,44.63175],[8.88262,44.63868],[8.90826,44.64682],[8.93114,44.67613],[8.95952,44.67602],[8.97364,44.66315],[8.99166,44.66231],[9.0067,44.66849],[9.01469,44.66607],[9.02505,44.65053],[9.03325,44.64745],[9.03154,44.64241],[9.03876,44.64087],[9.04786,44.61624],[9.05489,44.62138],[9.07585,44.6237],[9.10353,44.60939],[9.10238,44.59285],[9.1107,44.58197],[9.13519,44.57448],[9.15255,44.57422],[9.18352,44.59164],[9.19895,44.59278],[9.20517,44.59948],[9.19804,44.64984],[9.20643,44.6602],[9.19914,44.68313],[9.20844,44.70292],[9.20283,44.72206],[9.21111,44.732],[9.21355,44.75235],[9.19416,44.75684],[9.17173,44.77168],[9.1735,44.79615],[9.15512,44.80941],[9.16098,44.81474],[9.13083,44.80573],[9.11898,44.80844],[9.10899,44.80544],[9.09515,44.81903],[9.0799,44.8142],[9.07264,44.81709],[9.07543,44.8218],[9.07291,44.82803],[9.06411,44.83019],[9.049,44.84986],[9.07007,44.86468],[9.0559,44.88884],[9.04015,44.88574],[9.03036,44.8885],[9.0184,44.9008],[8.99969,44.90932],[8.99159,44.93075],[8.98255,44.93164],[8.9696,44.94351],[8.97812,44.96721],[8.96062,44.98728],[8.94859,44.98847],[8.9256,44.98216],[8.9094,44.99756],[8.90116,45.00819],[8.90476,45.02608],[8.90248,45.03611],[8.89508,45.04043],[8.90016,45.04362],[8.89807,45.05066],[8.88106,45.05408],[8.88769,45.05916],[8.884,45.06087],[8.86328,45.05014],[8.84268,45.05059],[8.84212,45.04263],[8.82389,45.04659],[8.81272,45.03746],[8.79536,45.03528],[8.80231,45.02607],[8.79804,45.02097],[8.7777,45.02373],[8.77868,45.01325],[8.77175,45.00678],[8.74788,45.00915],[8.74817,45.01418],[8.75411,45.01533],[8.75054,45.02073],[8.74198,45.02435],[8.72666,45.02186],[8.71006,45.03829],[8.70251,45.03449],[8.69356,45.02084],[8.68128,45.02905],[8.67116,45.02717],[8.65907,45.01797],[8.65188,45.02337],[8.65703,45.02843],[8.65226,45.03492],[8.63474,45.04096],[8.64695,45.05469],[8.6369,45.06653],[8.64599,45.07533],[8.64015,45.0767],[8.63549,45.08904],[8.62202,45.09124],[8.62337,45.09835],[8.6091,45.10689],[8.61098,45.12363],[8.59011,45.13302],[8.58647,45.14672],[8.58,45.1527],[8.55366,45.15786],[8.555,45.16431],[8.54294,45.17284],[8.54395,45.18129],[8.55356,45.19095],[8.58121,45.20221],[8.57779,45.20792],[8.55603,45.20486],[8.5506,45.20115],[8.5523,45.19642],[8.54648,45.19486],[8.52941,45.19345],[8.52451,45.19833],[8.52542,45.20199],[8.53224,45.19928],[8.54805,45.20412],[8.52324,45.2216],[8.52708,45.22915],[8.54365,45.234],[8.5291,45.23951],[8.54873,45.23796],[8.55618,45.2414],[8.52518,45.24691],[8.52277,45.25463],[8.53091,45.25369],[8.53601,45.24759],[8.54362,45.25398],[8.53305,45.25814],[8.53622,45.2627],[8.53071,45.26713],[8.53611,45.27222],[8.53511,45.2778],[8.52241,45.27914],[8.52325,45.27437],[8.51408,45.27432],[8.51595,45.28627],[8.512,45.29102],[8.49785,45.29177],[8.51354,45.31328],[8.52161,45.31228],[8.53116,45.31932],[8.5379,45.31725],[8.52645,45.34255],[8.55038,45.3548],[8.55175,45.36132],[8.55721,45.3533],[8.57881,45.34723],[8.5869,45.35193],[8.61178,45.35443],[8.62561,45.35173],[8.63167,45.33838],[8.65571,45.32568],[8.6632,45.30967],[8.65898,45.30266],[8.66411,45.30175],[8.66603,45.29192],[8.69065,45.29253],[8.70398,45.30154],[8.70724,45.29856],[8.71612,45.30288],[8.72477,45.33571],[8.74212,45.33206],[8.74375,45.3403],[8.76254,45.34862],[8.75827,45.35458],[8.76066,45.3557],[8.7467,45.35629],[8.72084,45.37042],[8.71908,45.37808],[8.76089,45.37648],[8.76403,45.3773],[8.76201,45.38234],[8.76543,45.38894],[8.80154,45.37918],[8.8119,45.38327],[8.81123,45.38911],[8.8429,45.39384],[8.82453,45.4195],[8.82192,45.42676],[8.82634,45.43259],[8.8081,45.43333],[8.81198,45.43897],[8.81007,45.44598],[8.78935,45.46198],[8.7908,45.47874],[8.78749,45.48623],[8.77349,45.4847],[8.76035,45.49685],[8.72789,45.5024],[8.71307,45.52013],[8.71441,45.52788],[8.7194,45.53105],[8.70776,45.54752],[8.70553,45.56915],[8.69335,45.57778],[8.70444,45.58831],[8.70315,45.60006],[8.69983,45.60449],[8.69927,45.60171],[8.69186,45.6041],[8.68878,45.60823],[8.69386,45.60965],[8.68213,45.62034],[8.66309,45.62203],[8.66594,45.63032],[8.65894,45.63775],[8.66566,45.64288],[8.67865,45.63363],[8.68818,45.63699],[8.68467,45.64688],[8.66984,45.66142],[8.67237,45.66632],[8.68198,45.66945],[8.6812,45.6764],[8.6408,45.67681],[8.64043,45.68472],[8.65436,45.70788],[8.65343,45.71397],[8.64287,45.72316],[8.59375,45.73041],[8.58243,45.74917],[8.55567,45.77499],[8.55228,45.7881],[8.55557,45.80004],[8.58794,45.81893],[8.5952,45.83361],[8.59231,45.85245],[8.57051,45.88951],[8.57163,45.90134],[8.59384,45.92183],[8.72081,46.01229],[8.72803,46.02112],[8.72876,46.02923],[8.72064,46.04105],[8.71556,46.06227],[8.70548,46.08193],[8.71482,46.09804],[8.6909,46.10206],[8.6793,46.11035],[8.65829,46.11256],[8.64769,46.12317],[8.61187,46.12145],[8.61045,46.13204],[8.59488,46.14224],[8.60271,46.15525],[8.57371,46.16438],[8.56372,46.18394],[8.54069,46.19767],[8.53258,46.21806],[8.46876,46.23349],[8.46457,46.2444],[8.44308,46.25022],[8.44564,46.25715],[8.45625,46.26351],[8.42766,46.2984],[8.44013,46.30477],[8.44384,46.3195],[8.45368,46.32131],[8.46444,46.33299],[8.46202,46.35321],[8.4701,46.3624],[8.46637,46.38063],[8.46097,46.38654],[8.46748,46.39959],[8.46342,46.40563],[8.46853,46.41163],[8.45767,46.42236],[8.46582,46.44349],[8.44549,46.46371],[8.412,46.45928],[8.39293,46.4516],[8.3645,46.45114],[8.33687,46.43155],[8.30823,46.42485],[8.28969,46.40859],[8.30974,46.4035],[8.3169,46.39724],[8.31419,46.38957],[8.31868,46.38629],[8.31235,46.37684],[8.28503,46.36595],[8.2634,46.36366],[8.26087,46.36048],[8.26552,46.3529],[8.2617,46.34518],[8.23507,46.34031],[8.2237,46.33364],[8.21172,46.30918],[8.20316,46.30427],[8.16136,46.29621],[8.13771,46.30161],[8.08043,46.26077],[8.08761,46.25414],[8.11014,46.2493],[8.11564,46.23697],[8.12761,46.22831],[8.139,46.22608],[8.15346,46.19165],[8.16545,46.18226],[8.16484,46.17684],[8.15058,46.16391],[8.15407,46.1478],[8.15026,46.1413],[8.11497,46.13031],[8.11376,46.11777],[8.10805,46.11159],[8.03329,46.09938],[8.02237,46.0697],[8.03459,46.04334],[8.01277,46.03197],[8.01678,46.02478],[8.01218,46.01191],[8.00119,46.01204],[7.98891,45.99649],[7.97784,45.99951],[7.90882,45.99732],[7.89533,45.98216],[7.87806,45.9734],[7.87706,45.94978],[7.87066,45.94774],[7.8684,45.93764],[7.87696,45.92643],[7.866,45.91934],[7.86137,45.91041],[7.86882,45.86772],[7.87592,45.86158],[7.86386,45.83958],[7.8735,45.82593],[7.86233,45.8199],[7.86662,45.80165],[7.86264,45.79216],[7.88221,45.77238],[7.88493,45.7602],[7.90016,45.74925],[7.929,45.74244],[7.92726,45.7347],[7.93662,45.72434],[7.9203,45.7019],[7.91148,45.7004],[7.90479,45.68473],[7.91114,45.67977],[7.91186,45.67069],[7.92162,45.66642],[7.92258,45.65807],[7.9395,45.6437],[7.93611,45.6357],[7.91504,45.63274],[7.89746,45.61253],[7.89589,45.60067],[7.90077,45.59172],[7.89579,45.59003],[7.89059,45.597],[7.87918,45.60016],[7.86228,45.59699],[7.84887,45.60226],[7.84144,45.59723],[7.82779,45.59707],[7.79568,45.58639],[7.79681,45.58272],[7.78533,45.57479],[7.75821,45.5652],[7.7327,45.55034],[7.71893,45.55889],[7.68828,45.55735],[7.67679,45.5521],[7.64594,45.56899],[7.63404,45.57079],[7.60907,45.56288],[7.60621,45.57285],[7.5997,45.57809],[7.56648,45.59162],[7.54792,45.5886],[7.53177,45.57679],[7.48932,45.58311],[7.47086,45.57769],[7.44864,45.56083],[7.44796,45.55557],[7.41933,45.54697],[7.41509,45.5364],[7.39823,45.53292],[7.39675,45.52851],[7.37724,45.5169],[7.3593,45.52587],[7.33376,45.52072],[7.32296,45.51445],[7.30117,45.51722],[7.2695,45.51468],[7.26373,45.49903],[7.24755,45.49407],[7.22266,45.47048],[7.20984,45.47256],[7.19947,45.48115],[7.16033,45.48659],[7.14359,45.47783],[7.13692,45.49086],[7.14367,45.49699],[7.14106,45.51092],[7.1343,45.51546],[7.12143,45.50667],[7.11451,45.4752],[7.10027,45.46425],[7.10034,45.45618],[7.11472,45.44084],[7.11443,45.43346],[7.15226,45.42263],[7.15785,45.41622],[7.18378,45.40744],[7.18585,45.40323],[7.16328,45.38179],[7.15951,45.35946],[7.13297,45.34734],[7.13077,45.33913],[7.13454,45.3317],[7.12608,45.32733],[7.1094,45.3277],[7.10936,45.31828],[7.11793,45.31098],[7.12157,45.29856],[7.13601,45.2804],[7.13148,45.27401],[7.13709,45.25607],[7.12476,45.24433],[7.11051,45.24608],[7.08426,45.22424],[7.08309,45.21635],[7.06699,45.21029],[7.04755,45.22588],[7.01962,45.21461],[7.00322,45.22006],[6.98909,45.21018],[6.96576,45.20772],[6.96062,45.20298],[6.96778,45.19565],[6.94321,45.1759],[6.94747,45.17047],[6.90739,45.16629],[6.89352,45.16901],[6.8842,45.15605],[6.89792,45.14135],[6.89393,45.13728],[6.87238,45.13598],[6.84832,45.12731],[6.84114,45.13574],[6.8131,45.14853],[6.76916,45.15984],[6.7402,45.13697],[6.71203,45.14477],[6.68021,45.14041],[6.67306,45.12453],[6.64869,45.11511],[6.63478,45.11579],[6.62686,45.10495],[6.62662,45.1043]],[[8.704043151476407,45.01752628866867],[8.705427662316254,45.02448328104466],[8.706385939108358,45.01356277862746],[8.704043151476407,45.01752628866867]],[[8.814271332612188,45.01739445254022],[8.816377530376762,45.022280434323186],[8.816417405222543,45.02230533824752],[8.814271332612188,45.01739445254022]]]]}},{"type":"Feature","properties":{"cod_reg":"2","den_reg":"Valle d'Aosta"},"geometry":{"type":"MultiPolygon","coordinates":[[[[6.80133,45.78126],[6.80652,45.76177],[6.80554,45.7482],[6.81728,45.73975],[6.80919,45.72476],[6.8193,45.71915],[6.82991,45.70228],[6.86958,45.68056],[6.89352,45.67596],[6.90194,45.68076],[6.90653,45.67524],[6.90602,45.6674],[6.91645,45.66025],[6.91506,45.65262],[6.92614,45.64847],[6.96857,45.65451],[6.97367,45.64691],[7.0008,45.64026],[6.99497,45.62897],[6.98419,45.62517],[6.98512,45.60802],[6.97786,45.58894],[6.99503,45.57615],[6.99529,45.56849],[6.98963,45.56311],[6.99557,45.54483],[6.99405,45.5288],[7.00478,45.51724],[6.99969,45.50457],[7.02067,45.49712],[7.05319,45.49499],[7.05419,45.48838],[7.04461,45.47997],[7.04789,45.47248],[7.07555,45.47422],[7.10433,45.46696],[7.11451,45.4752],[7.12143,45.50667],[7.13753,45.51626],[7.14367,45.49699],[7.13692,45.49086],[7.14321,45.47803],[7.16033,45.48659],[7.19947,45.48115],[7.20984,45.47256],[7.22266,45.47048],[7.24755,45.49407],[7.26373,45.49903],[7.2695,45.51468],[7.30117,45.51722],[7.32296,45.51445],[7.33376,45.52072],[7.3593,45.52587],[7.37724,45.5169],[7.39675,45.52851],[7.39823,45.53292],[7.41509,45.5364],[7.41933,45.54697],[7.44796,45.55557],[7.44864,45.56083],[7.47086,45.57769],[7.48932,45.58311],[7.53177,45.57679],[7.54792,45.5886],[7.56648,45.59162],[7.5997,45.57809],[7.60621,45.57285],[7.60907,45.56288],[7.63404,45.57079],[7.64594,45.56899],[7.67679,45.5521],[7.68828,45.55735],[7.71893,45.55889],[7.7327,45.55034],[7.75821,45.5652],[7.78533,45.57479],[7.79681,45.58272],[7.79568,45.58639],[7.82779,45.59707],[7.84144,45.59723],[7.84887,45.60226],[7.86228,45.59699],[7.88052,45.59991],[7.89059,45.597],[7.89579,45.59003],[7.90015,45.59143],[7.89589,45.60067],[7.89746,45.61253],[7.91504,45.63274],[7.93611,45.6357],[7.9395,45.6437],[7.92258,45.65807],[7.92162,45.66642],[7.91186,45.67069],[7.91114,45.67977],[7.90479,45.68473],[7.91148,45.7004],[7.9203,45.7019],[7.93662,45.72434],[7.92726,45.7347],[7.929,45.74244],[7.90016,45.74925],[7.88548,45.75971],[7.88086,45.76716],[7.88221,45.77238],[7.86264,45.79216],[7.86662,45.80165],[7.86233,45.8199],[7.8735,45.82593],[7.86386,45.83958],[7.87592,45.86158],[7.86882,45.86772],[7.86561,45.87904],[7.86137,45.91041],[7.86405,45.91644],[7.85777,45.92087],[7.8214,45.92686],[7.80009,45.91712],[7.76923,45.93685],[7.75369,45.93961],[7.74731,45.93776],[7.73455,45.92365],[7.72014,45.92369],[7.7073,45.9347],[7.70988,45.94826],[7.70255,45.95353],[7.68126,45.95718],[7.66371,45.97555],[7.63922,45.97032],[7.58857,45.97075],[7.57478,45.98748],[7.54625,45.9845],[7.54159,45.97659],[7.54602,45.96208],[7.54101,45.95636],[7.50234,45.96066],[7.47813,45.95263],[7.47141,45.94727],[7.47417,45.93559],[7.44428,45.93148],[7.42716,45.91567],[7.3974,45.90554],[7.38586,45.89729],[7.34386,45.91525],[7.3242,45.91039],[7.31798,45.91177],[7.31595,45.91664],[7.29298,45.92136],[7.27697,45.90116],[7.25971,45.89037],[7.24841,45.89299],[7.21641,45.88875],[7.21565,45.884],[7.19976,45.87488],[7.20028,45.86314],[7.19026,45.8586],[7.17171,45.865],[7.16135,45.87155],[7.16449,45.87688],[7.15648,45.87934],[7.13509,45.8727],[7.11827,45.85954],[7.10165,45.85904],[7.09508,45.87592],[7.06524,45.89985],[7.06181,45.91241],[7.04469,45.92268],[7.03292,45.92143],[7.01841,45.9147],[7.0038,45.89922],[7.0065,45.88662],[6.99768,45.87261],[6.95074,45.85883],[6.94065,45.84707],[6.89663,45.84267],[6.88018,45.84989],[6.8649,45.83319],[6.84311,45.84225],[6.81911,45.83655],[6.80939,45.82078],[6.81223,45.79675],[6.80447,45.79057],[6.80133,45.78126]]]]}},{"type":"Feature","properties":{"cod_reg":"3","den_reg":"Lombardia"},"geometry":{"type":"MultiPolygon","coordinates":[[[[8.49785,45.29177],[8.512,45.29102],[8.51595,45.28627],[8.51408,45.27432],[8.52325,45.27437],[8.52241,45.27914],[8.53511,45.2778],[8.53611,45.27222],[8.53071,45.26713],[8.53622,45.2627],[8.53305,45.25814],[8.54362,45.25398],[8.53601,45.24759],[8.53091,45.25369],[8.52277,45.25463],[8.52518,45.24691],[8.55618,45.2414],[8.54873,45.23796],[8.5291,45.23951],[8.54365,45.234],[8.52708,45.22915],[8.52324,45.2216],[8.54805,45.20412],[8.53224,45.19928],[8.52542,45.20199],[8.52796,45.19459],[8.55119,45.19598],[8.5506,45.20115],[8.55688,45.20517],[8.57779,45.20792],[8.58121,45.20221],[8.55356,45.19095],[8.54395,45.18129],[8.54294,45.17284],[8.555,45.16431],[8.55366,45.15786],[8.58,45.1527],[8.58647,45.14672],[8.59011,45.13302],[8.61098,45.12363],[8.6091,45.10689],[8.62337,45.09835],[8.62202,45.09124],[8.63549,45.08904],[8.64015,45.0767],[8.64599,45.07533],[8.6369,45.06653],[8.64695,45.05469],[8.63474,45.04096],[8.65226,45.03492],[8.65703,45.02843],[8.65188,45.02337],[8.65924,45.01792],[8.67116,45.02717],[8.68128,45.02905],[8.69356,45.02084],[8.705,45.03705],[8.71064,45.03822],[8.72666,45.02186],[8.74198,45.02435],[8.75054,45.02073],[8.75411,45.01533],[8.74817,45.01418],[8.74788,45.00915],[8.77175,45.00678],[8.77868,45.01325],[8.7777,45.02373],[8.79834,45.02112],[8.80231,45.02607],[8.79437,45.03262],[8.79621,45.03581],[8.81272,45.03746],[8.82389,45.04659],[8.84212,45.04263],[8.84268,45.05059],[8.86328,45.05014],[8.88093,45.06026],[8.8874,45.0598],[8.88106,45.05408],[8.89872,45.04983],[8.90016,45.04362],[8.89508,45.04043],[8.90248,45.03611],[8.90476,45.02608],[8.90116,45.00819],[8.9094,44.99756],[8.9256,44.98216],[8.94859,44.98847],[8.96062,44.98728],[8.97812,44.96721],[8.9696,44.94351],[8.98255,44.93164],[8.99159,44.93075],[8.99969,44.90932],[9.0184,44.9008],[9.03036,44.8885],[9.04015,44.88574],[9.0559,44.88884],[9.07007,44.86468],[9.049,44.84986],[9.06411,44.83019],[9.07291,44.82803],[9.07543,44.8218],[9.07264,44.81709],[9.0799,44.8142],[9.09515,44.81903],[9.10899,44.80544],[9.11898,44.80844],[9.13083,44.80573],[9.16098,44.81474],[9.15512,44.80941],[9.1735,44.79615],[9.17173,44.77168],[9.19416,44.75684],[9.21355,44.75235],[9.21111,44.732],[9.20283,44.72206],[9.20844,44.70292],[9.20032,44.6864],[9.2168,44.68353],[9.24048,44.68831],[9.23205,44.70233],[9.23508,44.71636],[9.25394,44.69601],[9.25948,44.67995],[9.28302,44.68598],[9.29851,44.68101],[9.30668,44.68816],[9.32574,44.69209],[9.31701,44.69528],[9.30848,44.70563],[9.31258,44.7171],[9.32591,44.7231],[9.33258,44.73504],[9.28651,44.75868],[9.28697,44.7725],[9.31676,44.78395],[9.32153,44.80003],[9.32987,44.79999],[9.35419,44.81186],[9.3631,44.8224],[9.34832,44.83977],[9.34168,44.86981],[9.32668,44.87251],[9.32239,44.87974],[9.30869,44.8759],[9.29011,44.88221],[9.29283,44.89032],[9.27741,44.89561],[9.28871,44.90981],[9.29166,44.92089],[9.28726,44.928],[9.29058,44.93384],[9.31453,44.93682],[9.32182,44.9441],[9.32459,44.95605],[9.33755,44.96538],[9.33516,44.97374],[9.34545,44.99513],[9.35321,45.00102],[9.36587,45.00304],[9.37561,45.01992],[9.36945,45.02373],[9.3762,45.04167],[9.37082,45.04815],[9.40591,45.07286],[9.41256,45.07891],[9.41224,45.08355],[9.4356,45.08183],[9.43901,45.09345],[9.47141,45.0955],[9.49929,45.10392],[9.5275,45.07896],[9.53901,45.08105],[9.55137,45.09309],[9.53575,45.122],[9.54866,45.13265],[9.5608,45.1225],[9.56858,45.10734],[9.58595,45.10499],[9.58745,45.09962],[9.61196,45.1115],[9.61897,45.13355],[9.62935,45.13203],[9.64092,45.11662],[9.6315,45.09039],[9.63494,45.08398],[9.67689,45.07761],[9.68368,45.07034],[9.715,45.05824],[9.72768,45.06214],[9.73783,45.0732],[9.74959,45.07784],[9.7531,45.0866],[9.74507,45.11094],[9.75754,45.11254],[9.76666,45.10727],[9.77896,45.08958],[9.79188,45.0823],[9.81326,45.0781],[9.81656,45.05446],[9.82376,45.05259],[9.83376,45.06168],[9.83551,45.07188],[9.83139,45.08396],[9.83304,45.09181],[9.83836,45.09565],[9.86152,45.09356],[9.88065,45.07479],[9.89677,45.08054],[9.90063,45.09544],[9.87783,45.11353],[9.87542,45.12171],[9.88103,45.127],[9.91369,45.13913],[9.92261,45.13594],[9.92707,45.12599],[9.91346,45.10465],[9.91849,45.0996],[9.93581,45.1044],[9.97119,45.13235],[9.98547,45.13343],[10.02853,45.09623],[10.0295,45.08724],[10.02165,45.07589],[10.02967,45.06681],[10.04695,45.05929],[10.05286,45.05059],[10.05022,45.04128],[10.08231,45.04661],[10.08413,45.03293],[10.0891,45.02719],[10.10619,45.02213],[10.14673,45.03498],[10.15772,45.04408],[10.16875,45.04319],[10.17475,45.03425],[10.1873,45.02822],[10.21107,45.03403],[10.25586,45.01781],[10.27447,44.99793],[10.30469,44.99904],[10.31001,44.99301],[10.3089,44.98738],[10.33077,44.9808],[10.35852,44.96554],[10.36797,44.96736],[10.3898,44.98233],[10.40567,44.98449],[10.41677,44.97765],[10.43567,44.94314],[10.50114,44.92383],[10.51985,44.91273],[10.56984,44.90834],[10.62788,44.9242],[10.65033,44.94808],[10.66208,44.96706],[10.67979,44.97663],[10.68668,44.98659],[10.69596,44.97447],[10.68804,44.9656],[10.69474,44.96194],[10.71077,44.97309],[10.71216,44.98526],[10.7274,44.99203],[10.7319,44.99105],[10.7294,44.98669],[10.73644,44.98709],[10.74168,44.98035],[10.74816,44.9627],[10.74372,44.94908],[10.82234,44.93639],[10.84255,44.92919],[10.86539,44.92962],[10.86498,44.92357],[10.87398,44.92183],[10.87663,44.91706],[10.89799,44.92181],[10.88789,44.91427],[10.89031,44.91244],[10.91669,44.92439],[10.94137,44.92191],[10.95137,44.92787],[10.95059,44.93333],[10.96716,44.93481],[10.99676,44.95489],[11.05954,44.94889],[11.07347,44.96295],[11.11802,44.95447],[11.15244,44.93324],[11.15854,44.93809],[11.23801,44.94505],[11.24621,44.95144],[11.27226,44.93832],[11.28435,44.95661],[11.2968,44.95764],[11.30158,44.96236],[11.31246,44.95821],[11.3265,44.96225],[11.35716,44.95008],[11.37408,44.95778],[11.39919,44.95483],[11.40638,44.9491],[11.42674,44.95008],[11.42765,44.95373],[11.42442,44.9619],[11.41265,44.96825],[11.33347,44.99142],[11.30874,45.01236],[11.2755,45.01731],[11.27128,45.02713],[11.26305,45.03294],[11.27046,45.04451],[11.2659,45.05622],[11.24044,45.04295],[11.21219,45.05748],[11.17417,45.05998],[11.17465,45.07449],[11.18837,45.08408],[11.17682,45.08849],[11.17751,45.09734],[11.20548,45.10949],[11.20343,45.11167],[11.18819,45.10969],[11.14588,45.12601],[11.13874,45.12386],[11.13482,45.10986],[11.1274,45.10323],[11.10583,45.10769],[11.10057,45.11273],[11.09489,45.10607],[11.09757,45.09525],[11.07294,45.09875],[11.03971,45.11313],[11.0284,45.12673],[11.04385,45.13428],[11.04229,45.14395],[11.05015,45.14999],[11.04663,45.15314],[11.03228,45.14985],[11.02837,45.15924],[11.01024,45.14866],[10.99452,45.15036],[10.99888,45.16527],[10.99343,45.18013],[10.99712,45.18694],[10.98411,45.19978],[10.94696,45.20574],[10.94457,45.21117],[10.93498,45.2142],[10.93073,45.21801],[10.93075,45.22622],[10.93679,45.23294],[10.90209,45.23748],[10.89966,45.24692],[10.88191,45.24687],[10.87861,45.25244],[10.84661,45.25657],[10.84001,45.27289],[10.81687,45.28931],[10.81649,45.29408],[10.78282,45.31542],[10.73742,45.28724],[10.72835,45.2913],[10.7331,45.30545],[10.73067,45.31567],[10.72196,45.31883],[10.70638,45.3163],[10.71318,45.32369],[10.71497,45.33408],[10.70312,45.34095],[10.68676,45.34217],[10.68554,45.35368],[10.70365,45.35832],[10.71463,45.36793],[10.70639,45.37],[10.69773,45.38009],[10.71684,45.39557],[10.71937,45.40596],[10.71252,45.41855],[10.66455,45.42811],[10.65463,45.41582],[10.64387,45.41782],[10.65155,45.4279],[10.64515,45.43158],[10.64211,45.4437],[10.62725,45.43827],[10.62365,45.44362],[10.64341,45.44438],[10.64774,45.44854],[10.64301,45.45731],[10.62847,45.60206],[10.63104,45.60951],[10.70561,45.67641],[10.80959,45.79836],[10.83247,45.81557],[10.84015,45.83276],[10.82539,45.83774],[10.79121,45.83346],[10.77463,45.84308],[10.76306,45.83996],[10.75635,45.83003],[10.75131,45.83682],[10.73555,45.84272],[10.71101,45.83606],[10.6995,45.84167],[10.67572,45.83046],[10.65523,45.8325],[10.65104,45.81249],[10.64141,45.80189],[10.63515,45.80667],[10.60098,45.803],[10.58218,45.7942],[10.58045,45.78889],[10.56441,45.78466],[10.53275,45.78806],[10.53062,45.79594],[10.53511,45.80171],[10.52607,45.80578],[10.54363,45.81765],[10.52888,45.82655],[10.50857,45.82359],[10.50283,45.82973],[10.50549,45.85037],[10.50153,45.85855],[10.50238,45.87137],[10.49004,45.88461],[10.49442,45.90003],[10.50769,45.90534],[10.50857,45.92357],[10.49124,45.93323],[10.49144,45.94195],[10.48471,45.94511],[10.48303,45.95193],[10.48993,45.96252],[10.4866,45.97116],[10.46769,45.97159],[10.45341,45.97655],[10.45293,45.98962],[10.45845,46.01058],[10.47082,46.02108],[10.48204,46.02124],[10.48471,46.02462],[10.48137,46.04991],[10.47734,46.05132],[10.48095,46.05629],[10.49092,46.06681],[10.51718,46.08008],[10.5414,46.10303],[10.5495,46.11739],[10.54927,46.14643],[10.56539,46.16684],[10.55455,46.18027],[10.5414,46.18862],[10.54972,46.20553],[10.57041,46.22321],[10.56822,46.23372],[10.58573,46.24534],[10.57567,46.27568],[10.55972,46.28305],[10.57957,46.29883],[10.56451,46.31362],[10.56562,46.32634],[10.52731,46.34225],[10.51571,46.34322],[10.51594,46.34637],[10.5195,46.35576],[10.53999,46.35475],[10.54721,46.36657],[10.56704,46.37793],[10.60747,46.37938],[10.6114,46.38744],[10.63098,46.40229],[10.62057,46.41401],[10.61634,46.42826],[10.61972,46.43503],[10.61662,46.44364],[10.62183,46.44796],[10.60049,46.46866],[10.57708,46.47336],[10.55196,46.49146],[10.49353,46.49811],[10.48453,46.4936],[10.47612,46.49553],[10.45794,46.51059],[10.45314,46.53055],[10.43656,46.5374],[10.41934,46.55105],[10.39756,46.54394],[10.37068,46.55385],[10.35221,46.55557],[10.34915,46.54904],[10.33823,46.54301],[10.32565,46.55171],[10.31539,46.54842],[10.29575,46.5504],[10.29588,46.55853],[10.28354,46.57122],[10.26913,46.5778],[10.25352,46.57183],[10.244,46.5784],[10.24225,46.59252],[10.25822,46.60986],[10.24342,46.6238],[10.24033,46.63507],[10.22296,46.62829],[10.21354,46.61758],[10.19063,46.62609],[10.13017,46.6056],[10.10215,46.61077],[10.09725,46.59308],[10.10109,46.58278],[10.09442,46.57689],[10.07937,46.57487],[10.08514,46.5676],[10.08314,46.56406],[10.04365,46.53785],[10.0531,46.53146],[10.05404,46.52093],[10.04681,46.51058],[10.04304,46.47941],[10.0509,46.47209],[10.05336,46.46315],[10.04392,46.45484],[10.04052,46.44413],[10.05653,46.44056],[10.0605,46.42822],[10.07959,46.42111],[10.10125,46.42233],[10.13067,46.43187],[10.1431,46.42812],[10.148,46.41923],[10.16059,46.41581],[10.16668,46.40778],[10.16241,46.40446],[10.16166,46.3875],[10.14212,46.38609],[10.1286,46.37836],[10.12607,46.37125],[10.12918,46.36123],[10.10777,46.35138],[10.10432,46.33354],[10.11641,46.31474],[10.15379,46.2931],[10.16143,46.27635],[10.17634,46.25791],[10.15094,46.2397],[10.14568,46.23038],[10.12329,46.22377],[10.09452,46.22855],[10.08307,46.22645],[10.07084,46.21714],[10.04745,46.22874],[10.06053,46.24814],[10.05546,46.26292],[10.03011,46.27712],[9.99549,46.28546],[9.99161,46.29568],[9.9982,46.30477],[9.99468,46.31405],[9.98085,46.3236],[9.98489,46.33354],[9.99404,46.34143],[9.99635,46.35094],[9.96449,46.36341],[9.95541,46.37373],[9.95859,46.37812],[9.95266,46.37947],[9.93353,46.37454],[9.93093,46.36805],[9.92536,46.36601],[9.90636,46.38088],[9.86962,46.36249],[9.85044,46.36464],[9.83871,46.36149],[9.77748,46.33496],[9.7647,46.33782],[9.74363,46.35152],[9.73728,46.35066],[9.72302,46.34045],[9.72712,46.33349],[9.72184,46.32821],[9.72613,46.3192],[9.72417,46.30974],[9.71801,46.30609],[9.7145,46.29307],[9.70306,46.29071],[9.68833,46.29368],[9.6757,46.30309],[9.63508,46.28622],[9.61845,46.28744],[9.60986,46.29451],[9.5829,46.29448],[9.55953,46.30634],[9.54938,46.30234],[9.51862,46.32723],[9.50832,46.3491],[9.49604,46.36404],[9.4616,46.37625],[9.46875,46.38869],[9.46106,46.41223],[9.45341,46.42053],[9.45906,46.44248],[9.45737,46.46319],[9.46351,46.4704],[9.46153,46.48021],[9.44978,46.47947],[9.44946,46.48337],[9.45926,46.48493],[9.45986,46.50662],[9.44939,46.49972],[9.43393,46.49786],[9.42481,46.48952],[9.4238,46.47649],[9.41028,46.46655],[9.38943,46.47326],[9.38473,46.48227],[9.37556,46.48523],[9.36838,46.49403],[9.37371,46.49983],[9.37234,46.50369],[9.36468,46.50773],[9.30958,46.50447],[9.28193,46.49642],[9.27387,46.48223],[9.27378,46.46357],[9.27782,46.4616],[9.26561,46.45148],[9.24677,46.44693],[9.24747,46.43624],[9.24947,46.43116],[9.28064,46.41236],[9.28116,46.40063],[9.27571,46.39474],[9.28434,46.38606],[9.27668,46.36942],[9.28147,46.35888],[9.29574,46.35568],[9.2992,46.34385],[9.29181,46.33496],[9.30005,46.32659],[9.29449,46.31718],[9.28146,46.30936],[9.28454,46.29695],[9.27401,46.29116],[9.25164,46.26549],[9.24762,46.23363],[9.2213,46.22987],[9.21822,46.21466],[9.20097,46.20834],[9.19389,46.19402],[9.19634,46.187],[9.19353,46.1799],[9.18263,46.17052],[9.15957,46.17052],[9.15182,46.16121],[9.13444,46.15287],[9.1208,46.13461],[9.07163,46.11952],[9.08984,46.08849],[9.07876,46.07563],[9.07787,46.06532],[9.04938,46.06241],[9.02208,46.05238],[9.00897,46.03698],[9.0091,46.02717],[9.02246,46.01647],[9.02829,45.99366],[8.98877,45.97058],[9.01406,45.96016],[9.01294,45.94233],[9.02185,45.93765],[9.0194,45.92858],[9.04303,45.92674],[9.06724,45.91086],[9.07632,45.91144],[9.07496,45.9063],[9.08006,45.90043],[9.08876,45.90072],[9.07779,45.88559],[9.06555,45.87601],[9.05401,45.8729],[9.04847,45.86251],[9.04933,45.85224],[9.03585,45.84117],[9.03792,45.83585],[9.03063,45.82079],[8.99328,45.82263],[8.99749,45.83474],[8.9867,45.83832],[8.96811,45.83236],[8.94954,45.84348],[8.93409,45.83937],[8.92936,45.83331],[8.91245,45.83028],[8.919,45.84771],[8.9456,45.8672],[8.93409,45.87006],[8.93216,45.88467],[8.92225,45.89494],[8.92461,45.90585],[8.89306,45.93134],[8.89872,45.94516],[8.89427,45.95847],[8.88286,45.95656],[8.86823,45.96039],[8.83128,45.98798],[8.79465,45.99209],[8.7859,45.98902],[8.79206,46.00498],[8.80594,46.02161],[8.81968,46.02527],[8.82798,46.03332],[8.82991,46.04159],[8.83515,46.04373],[8.83085,46.04731],[8.83443,46.05135],[8.8443,46.04854],[8.85452,46.06163],[8.85205,46.07552],[8.80615,46.10091],[8.79976,46.09458],[8.78342,46.09394],[8.76017,46.1017],[8.74269,46.12215],[8.72464,46.11017],[8.70534,46.08319],[8.72064,46.04105],[8.72847,46.03022],[8.72643,46.01797],[8.59384,45.92183],[8.57163,45.90134],[8.57051,45.88951],[8.59231,45.85245],[8.5952,45.83361],[8.58165,45.81366],[8.55828,45.80356],[8.55228,45.7881],[8.55567,45.77499],[8.58243,45.74917],[8.59375,45.73041],[8.64287,45.72316],[8.65343,45.71397],[8.65436,45.70788],[8.64043,45.68472],[8.6409,45.67653],[8.6812,45.6764],[8.68198,45.66945],[8.67237,45.66632],[8.66984,45.66142],[8.68467,45.64688],[8.68818,45.63699],[8.67865,45.63363],[8.66566,45.64288],[8.65894,45.63775],[8.66594,45.63032],[8.66309,45.62203],[8.68213,45.62034],[8.69386,45.60965],[8.68878,45.60823],[8.69186,45.6041],[8.69927,45.60171],[8.69983,45.60449],[8.70315,45.60006],[8.70444,45.58831],[8.69335,45.57778],[8.70553,45.56915],[8.70776,45.54752],[8.7194,45.53105],[8.71441,45.52788],[8.71307,45.52013],[8.72789,45.5024],[8.76035,45.49685],[8.77349,45.4847],[8.78749,45.48623],[8.7908,45.47874],[8.78935,45.46198],[8.81007,45.44598],[8.81198,45.43897],[8.8081,45.43333],[8.82634,45.43259],[8.82192,45.42676],[8.82453,45.4195],[8.8429,45.39384],[8.81123,45.38911],[8.8119,45.38327],[8.80154,45.37918],[8.76543,45.38894],[8.76201,45.38234],[8.76403,45.3773],[8.76089,45.37648],[8.71908,45.37808],[8.72084,45.37042],[8.7467,45.35629],[8.76066,45.3557],[8.75827,45.35458],[8.76254,45.34862],[8.74375,45.3403],[8.74212,45.33206],[8.72477,45.33571],[8.71612,45.30288],[8.70724,45.29856],[8.70398,45.30154],[8.69065,45.29253],[8.66603,45.29192],[8.66411,45.30175],[8.65898,45.30266],[8.6632,45.30967],[8.65571,45.32568],[8.63167,45.33838],[8.62561,45.35173],[8.61178,45.35443],[8.5869,45.35193],[8.57881,45.34723],[8.55721,45.3533],[8.55376,45.36152],[8.55038,45.3548],[8.52665,45.34316],[8.5379,45.31725],[8.53116,45.31932],[8.52161,45.31228],[8.51354,45.31328],[8.49807,45.29197],[8.49785,45.29177]],[[9.28968,44.70122],[9.29534,44.70495],[9.30257,44.70326],[9.28986,44.70082],[9.28968,44.70122]],[[9.29863,44.69302],[9.30421,44.69655],[9.29886,44.69265],[9.29863,44.69302]]],[[[8.704043151476407,45.01752628866867],[8.706385939108358,45.01356277862746],[8.705427662316254,45.02448328104466],[8.704043151476407,45.01752628866867]]],[[[8.814271332612188,45.01739445254022],[8.816417405222543,45.02230533824752],[8.816377530376762,45.022280434323186],[8.814271332612188,45.01739445254022]]],[[[8.95788,45.96474],[8.97519,45.96159],[8.97905,45.9706],[8.97754,45.98302],[8.96685,45.98403],[8.95809,45.96525],[8.95788,45.96474]]]]}},{"type":"Feature","properties":{"cod_reg":"4","den_reg":"Trentino-Alto Adige"},"geometry":{"type":"MultiPolygon","coordinates":[[[[10.38611,46.68018],[10.39225,46.67127],[10.40161,46.63705],[10.40961,46.63499],[10.44595,46.6411],[10.49229,46.61512],[10.48431,46.60471],[10.48742,46.58925],[10.47498,46.5666],[10.47746,46.55772],[10.47257,46.54356],[10.46161,46.5411],[10.45318,46.53205],[10.45794,46.51059],[10.47612,46.49553],[10.48453,46.4936],[10.49353,46.49811],[10.54875,46.49226],[10.57708,46.47336],[10.60049,46.46866],[10.62183,46.44796],[10.61662,46.44364],[10.61972,46.43503],[10.61634,46.42826],[10.62057,46.41401],[10.63098,46.40229],[10.6114,46.38744],[10.60738,46.3793],[10.56704,46.37793],[10.54721,46.36657],[10.53999,46.35475],[10.5195,46.35576],[10.5158,46.3458],[10.56562,46.32634],[10.56451,46.31362],[10.57957,46.29883],[10.55972,46.28305],[10.57567,46.27568],[10.58573,46.24534],[10.56822,46.23372],[10.57041,46.22321],[10.54972,46.20553],[10.5414,46.18862],[10.55455,46.18027],[10.56539,46.16684],[10.54927,46.14643],[10.5495,46.11739],[10.5414,46.10303],[10.51718,46.08008],[10.49092,46.06681],[10.48095,46.05629],[10.47734,46.05132],[10.48137,46.04991],[10.48471,46.02462],[10.48204,46.02124],[10.47082,46.02108],[10.45845,46.01058],[10.45719,45.99568],[10.45298,45.98994],[10.45341,45.97655],[10.46769,45.97159],[10.4866,45.97116],[10.48993,45.96252],[10.48303,45.95193],[10.48471,45.94511],[10.49144,45.94195],[10.49124,45.93323],[10.50857,45.92357],[10.50769,45.90534],[10.49442,45.90003],[10.49005,45.88505],[10.50238,45.87137],[10.50153,45.85855],[10.50549,45.85037],[10.50236,45.83038],[10.50833,45.82365],[10.52888,45.82655],[10.54327,45.81836],[10.54312,45.81491],[10.52605,45.80561],[10.53511,45.80171],[10.53062,45.79594],[10.53275,45.78806],[10.55033,45.78385],[10.58045,45.78889],[10.58566,45.79618],[10.61171,45.80532],[10.63515,45.80667],[10.64141,45.80189],[10.65104,45.81249],[10.65523,45.8325],[10.67572,45.83046],[10.6995,45.84167],[10.71101,45.83606],[10.73555,45.84272],[10.75131,45.83682],[10.75635,45.83003],[10.76306,45.83996],[10.77694,45.84311],[10.79121,45.83346],[10.82539,45.83774],[10.85706,45.82707],[10.8834,45.81697],[10.88735,45.81209],[10.87669,45.80323],[10.87272,45.78838],[10.88539,45.77557],[10.86694,45.76424],[10.86263,45.74366],[10.85503,45.74185],[10.84383,45.71859],[10.88183,45.71719],[10.926,45.69917],[10.912,45.68831],[10.9218,45.67985],[10.9429,45.67306],[10.95152,45.6845],[10.962,45.68568],[10.9722,45.70182],[10.97494,45.69597],[10.96832,45.68012],[10.98634,45.68881],[10.99547,45.6965],[10.99898,45.70761],[11.01108,45.71376],[11.01147,45.71894],[11.01738,45.71892],[11.01647,45.70573],[11.04138,45.70632],[11.05641,45.71847],[11.06545,45.70849],[11.09311,45.69419],[11.12072,45.69566],[11.12256,45.68909],[11.13851,45.69685],[11.13585,45.69958],[11.13866,45.70932],[11.1459,45.71695],[11.15319,45.71832],[11.17874,45.73766],[11.17506,45.74909],[11.1806,45.76568],[11.17355,45.78667],[11.17838,45.78811],[11.19023,45.78161],[11.20279,45.78337],[11.19351,45.79385],[11.18882,45.81357],[11.19867,45.82419],[11.2188,45.8326],[11.22186,45.84896],[11.23936,45.85613],[11.24436,45.87695],[11.23485,45.87966],[11.24644,45.88644],[11.25508,45.88401],[11.24889,45.89918],[11.25987,45.90425],[11.26207,45.91722],[11.25832,45.92068],[11.27026,45.91658],[11.2753,45.91969],[11.30289,45.91802],[11.30182,45.92469],[11.31302,45.92982],[11.32417,45.91752],[11.34931,45.90953],[11.35069,45.91397],[11.34503,45.92094],[11.35806,45.92529],[11.3583,45.94366],[11.38182,45.94253],[11.38331,45.95103],[11.3724,45.97317],[11.37374,45.9835],[11.44678,45.98089],[11.46805,45.99756],[11.48388,46.00129],[11.48886,46.00777],[11.53864,46.01319],[11.57723,46.00652],[11.58759,45.969],[11.62092,45.97156],[11.63068,45.96938],[11.62761,45.96064],[11.67323,45.96435],[11.6858,45.96929],[11.68251,45.97574],[11.68429,45.98408],[11.69,45.98881],[11.66665,46.0171],[11.68187,46.02842],[11.67304,46.02949],[11.66669,46.03779],[11.67883,46.04605],[11.70644,46.04599],[11.70389,46.05513],[11.6865,46.066],[11.68239,46.07756],[11.68529,46.09357],[11.70346,46.09049],[11.71693,46.10302],[11.75077,46.10514],[11.75869,46.0956],[11.77322,46.10669],[11.7801,46.1027],[11.81513,46.10442],[11.81968,46.10796],[11.88607,46.11809],[11.90474,46.133],[11.90124,46.13663],[11.92177,46.14934],[11.91832,46.15527],[11.92833,46.16657],[11.92863,46.1758],[11.9509,46.17027],[11.94947,46.18163],[11.96227,46.18786],[11.9626,46.19966],[11.93936,46.19882],[11.92424,46.21717],[11.90957,46.22443],[11.9291,46.24883],[11.89199,46.25263],[11.88494,46.26073],[11.88836,46.27251],[11.88519,46.27882],[11.8629,46.27133],[11.83802,46.27035],[11.82626,46.28497],[11.84143,46.30622],[11.83137,46.31338],[11.83185,46.32515],[11.80281,46.33322],[11.80234,46.34287],[11.77931,46.35195],[11.77438,46.35824],[11.79217,46.36782],[11.80942,46.36664],[11.82017,46.37662],[11.83539,46.36622],[11.83204,46.38719],[11.84369,46.40992],[11.83822,46.41523],[11.8503,46.43419],[11.87088,46.43321],[11.88911,46.44274],[11.88683,46.46457],[11.87716,46.47178],[11.81341,46.47794],[11.81039,46.48487],[11.81545,46.50032],[11.84802,46.51673],[11.88943,46.52296],[11.91188,46.53296],[11.93389,46.5279],[11.94549,46.52942],[11.94953,46.53923],[11.96615,46.54468],[11.98756,46.5453],[11.99842,46.53286],[12.03418,46.57679],[12.04669,46.58472],[12.04962,46.59948],[12.04597,46.60801],[12.07418,46.64261],[12.06713,46.65393],[12.06827,46.67507],[12.10746,46.65818],[12.14513,46.63407],[12.16109,46.63682],[12.17133,46.6341],[12.18237,46.62088],[12.19443,46.61952],[12.19224,46.59456],[12.20399,46.59953],[12.21242,46.60896],[12.23218,46.61405],[12.24465,46.6241],[12.2602,46.62871],[12.27007,46.62103],[12.28384,46.61793],[12.3055,46.61917],[12.31464,46.62367],[12.31589,46.63],[12.33956,46.63098],[12.3601,46.61948],[12.38516,46.62278],[12.38984,46.62754],[12.3784,46.63669],[12.37977,46.64291],[12.40575,46.6432],[12.43424,46.66828],[12.47783,46.68002],[12.47356,46.68688],[12.4429,46.68813],[12.38369,46.71656],[12.36912,46.74041],[12.35741,46.77466],[12.31134,46.78431],[12.28384,46.7829],[12.28055,46.79138],[12.29256,46.8025],[12.28332,46.81458],[12.30618,46.83394],[12.30692,46.84095],[12.29611,46.84347],[12.28922,46.85684],[12.29199,46.86511],[12.27556,46.87286],[12.2781,46.87862],[12.27402,46.8844],[12.24219,46.89108],[12.232,46.8805],[12.22195,46.8799],[12.21623,46.87387],[12.20072,46.88663],[12.19932,46.8963],[12.19016,46.90623],[12.16137,46.90701],[12.14413,46.91401],[12.16741,46.93284],[12.16821,46.93789],[12.15821,46.95066],[12.13807,46.95668],[12.13151,46.96295],[12.13743,46.9795],[12.12852,46.98718],[12.13016,46.99351],[12.12099,47.00665],[12.14693,47.02424],[12.16992,47.02198],[12.20479,47.02789],[12.21644,47.04689],[12.21674,47.0585],[12.24019,47.06794],[12.22589,47.08259],[12.18668,47.09178],[12.16101,47.08159],[12.13652,47.08052],[12.12171,47.07467],[12.09367,47.07665],[12.06975,47.05992],[12.04304,47.06126],[12.02115,47.04698],[11.97888,47.04983],[11.9684,47.04061],[11.93208,47.03761],[11.91533,47.03255],[11.8922,47.01649],[11.88004,47.01619],[11.86055,47.00842],[11.83621,46.9929],[11.81473,46.9897],[11.78178,46.99206],[11.76588,46.97522],[11.74717,46.9689],[11.72797,46.97233],[11.71123,46.99302],[11.66684,46.99246],[11.63581,47.0027],[11.62721,47.01258],[11.58885,47.00465],[11.57709,46.99557],[11.53808,46.98411],[11.5126,47.00467],[11.47932,47.01091],[11.46911,46.99732],[11.4517,46.99053],[11.44209,46.9765],[11.41498,46.96679],[11.39921,46.96634],[11.38077,46.97354],[11.35829,46.99036],[11.33483,46.9873],[11.31931,46.99243],[11.31027,46.98568],[11.26277,46.98034],[11.24139,46.96962],[11.18891,46.97016],[11.17613,46.96253],[11.16453,46.96557],[11.16273,46.95016],[11.16834,46.94466],[11.16519,46.94071],[11.13955,46.92763],[11.11501,46.93101],[11.10988,46.92684],[11.10897,46.91623],[11.0959,46.91223],[11.10155,46.88986],[11.08896,46.87872],[11.07142,46.85286],[11.08345,46.82222],[11.0398,46.80508],[11.04062,46.7986],[11.02214,46.76517],[11.01363,46.77207],[10.99343,46.76709],[10.94397,46.77514],[10.8832,46.76311],[10.86896,46.76574],[10.86716,46.77237],[10.85196,46.77439],[10.8407,46.78169],[10.83208,46.78047],[10.82572,46.77387],[10.81412,46.77541],[10.78868,46.79478],[10.75691,46.78525],[10.73049,46.78791],[10.72606,46.79774],[10.74581,46.80438],[10.76336,46.82327],[10.75463,46.83259],[10.72332,46.83739],[10.69378,46.85236],[10.69694,46.86268],[10.67145,46.87069],[10.66793,46.87589],[10.654,46.86677],[10.59643,46.8573],[10.57051,46.84245],[10.55072,46.83917],[10.55631,46.84687],[10.55263,46.84978],[10.49894,46.84751],[10.47894,46.85888],[10.46958,46.85484],[10.46317,46.83454],[10.45763,46.82885],[10.45796,46.81615],[10.44842,46.80155],[10.42731,46.79412],[10.42791,46.78547],[10.44191,46.77122],[10.44211,46.75286],[10.40107,46.73408],[10.41881,46.71856],[10.41505,46.70835],[10.40323,46.70534],[10.38742,46.68728],[10.38611,46.68018]]]]}},{"type":"Feature","properties":{"cod_reg":"5","den_reg":"Veneto"},"geometry":{"type":"MultiPolygon","coordinates":[[[[10.62365,45.44362],[10.62725,45.43827],[10.64211,45.4437],[10.64515,45.43158],[10.65155,45.4279],[10.64387,45.41782],[10.65463,45.41582],[10.66455,45.42811],[10.71579,45.41664],[10.71951,45.40506],[10.71763,45.39669],[10.70793,45.38501],[10.69773,45.38009],[10.70639,45.37],[10.71463,45.36793],[10.70365,45.35832],[10.68554,45.35368],[10.68676,45.34217],[10.70312,45.34095],[10.71497,45.33408],[10.71318,45.32369],[10.70638,45.3163],[10.72196,45.31883],[10.73067,45.31567],[10.7331,45.30545],[10.72835,45.2913],[10.73742,45.28724],[10.78282,45.31542],[10.81649,45.29408],[10.81687,45.28931],[10.84001,45.27289],[10.84661,45.25657],[10.87861,45.25244],[10.88191,45.24687],[10.89966,45.24692],[10.90209,45.23748],[10.93679,45.23294],[10.93075,45.22622],[10.93073,45.21801],[10.93498,45.2142],[10.94457,45.21117],[10.94696,45.20574],[10.98411,45.19978],[10.99712,45.18694],[10.99343,45.18013],[10.99888,45.16527],[10.99452,45.15036],[11.01024,45.14866],[11.02837,45.15924],[11.03228,45.14985],[11.04946,45.15069],[11.04229,45.14395],[11.04385,45.13428],[11.02893,45.12787],[11.0287,45.12305],[11.03971,45.11313],[11.07294,45.09875],[11.09757,45.09525],[11.09489,45.10607],[11.10214,45.11314],[11.10583,45.10769],[11.1274,45.10323],[11.13482,45.10986],[11.13874,45.12386],[11.14644,45.12607],[11.18819,45.10969],[11.20343,45.11167],[11.20548,45.10949],[11.17751,45.09734],[11.17682,45.08849],[11.18837,45.08408],[11.17465,45.07449],[11.17417,45.05998],[11.21219,45.05748],[11.24044,45.04295],[11.2659,45.05622],[11.27046,45.04451],[11.26305,45.03294],[11.27128,45.02713],[11.27404,45.01826],[11.30874,45.01236],[11.33581,44.9904],[11.42191,44.96383],[11.42759,44.95653],[11.42393,44.93789],[11.42749,44.92956],[11.4696,44.93637],[11.53413,44.93625],[11.56006,44.92051],[11.58469,44.91318],[11.59354,44.89089],[11.61959,44.88806],[11.67128,44.91476],[11.71553,44.92634],[11.73407,44.92714],[11.74485,44.93497],[11.73997,44.94978],[11.74563,44.95733],[11.78383,44.96419],[11.80472,44.97696],[11.83793,44.97278],[11.89563,44.97792],[11.92458,44.97468],[11.96268,44.98683],[12.01545,44.97656],[12.04749,44.97696],[12.06106,44.96958],[12.098,44.97148],[12.10123,44.96183],[12.11493,44.9591],[12.1223,44.94319],[12.14242,44.9279],[12.17068,44.94205],[12.18767,44.92643],[12.2112,44.92703],[12.22497,44.92298],[12.25618,44.94253],[12.28185,44.94126],[12.29474,44.92741],[12.28187,44.91002],[12.286,44.87237],[12.29411,44.86036],[12.30193,44.85574],[12.34053,44.85007],[12.34615,44.82942],[12.35516,44.81511],[12.39811,44.79278],[12.42237,44.81106],[12.42344,44.81457],[12.41545,44.82004],[12.42436,44.82718],[12.46651,44.84371],[12.48045,44.86344],[12.51283,44.93225],[12.54086,44.95474],[12.55525,44.96038],[12.55526,44.96575],[12.54833,44.97424],[12.50569,44.99674],[12.48514,44.99295],[12.45014,45.0106],[12.40117,45.04209],[12.36565,45.0724],[12.36737,45.07702],[12.3642,45.07157],[12.35961,45.07344],[12.3449,45.08919],[12.33562,45.09333],[12.32676,45.13676],[12.33202,45.16426],[12.30876,45.1905],[12.3011,45.20954],[12.30208,45.22508],[12.30458,45.22923],[12.31371,45.22852],[12.31493,45.2337],[12.30056,45.23694],[12.29801,45.2456],[12.30699,45.2865],[12.32591,45.33246],[12.34276,45.33378],[12.33039,45.33717],[12.33093,45.35101],[12.36014,45.39546],[12.3788,45.41389],[12.40196,45.42867],[12.42799,45.41851],[12.45102,45.43719],[12.4681,45.44504],[12.5844,45.47874],[12.64625,45.50355],[12.73522,45.5313],[12.86513,45.58747],[12.90874,45.61284],[12.91705,45.61163],[12.97815,45.62652],[12.97815,45.62315],[13.09766,45.63527],[13.10223,45.64149],[13.08313,45.65805],[13.06337,45.65677],[13.06188,45.66292],[13.06677,45.67234],[13.06249,45.67917],[13.05425,45.67765],[13.0436,45.68548],[13.05325,45.69452],[13.04976,45.69702],[13.04497,45.69383],[13.03684,45.69938],[13.04057,45.70617],[13.02729,45.72803],[13.02921,45.73617],[13.01643,45.73061],[13.01504,45.72446],[13.00831,45.72489],[13.00797,45.73104],[13.01565,45.73526],[13.01565,45.74134],[13.00151,45.74839],[13.00069,45.75815],[13.01204,45.76251],[12.98795,45.77616],[12.98044,45.78716],[12.98126,45.79295],[12.99133,45.79999],[12.98078,45.79767],[12.9739,45.80664],[12.97874,45.81457],[12.98349,45.81489],[12.98838,45.80874],[12.99324,45.81501],[12.97332,45.82027],[12.98207,45.8273],[12.97419,45.82336],[12.97088,45.82867],[12.97905,45.83404],[12.96718,45.83601],[12.96143,45.84687],[12.95137,45.843],[12.95207,45.82221],[12.9295,45.81735],[12.92051,45.83134],[12.91502,45.82462],[12.90781,45.82911],[12.89325,45.81969],[12.87873,45.82474],[12.86967,45.83376],[12.87723,45.8432],[12.87498,45.85034],[12.86118,45.85079],[12.83689,45.84498],[12.83385,45.83827],[12.8189,45.83373],[12.81852,45.82434],[12.80858,45.82018],[12.79994,45.82573],[12.8043,45.84462],[12.7941,45.84537],[12.77983,45.85444],[12.7695,45.85048],[12.74378,45.82708],[12.73107,45.83665],[12.69502,45.80635],[12.66904,45.79089],[12.64973,45.80188],[12.654,45.80951],[12.63484,45.81744],[12.63104,45.82584],[12.61214,45.83147],[12.60759,45.83876],[12.59444,45.83077],[12.59739,45.82214],[12.59329,45.81508],[12.58764,45.81531],[12.582,45.82423],[12.57287,45.82437],[12.5653,45.83181],[12.56122,45.82574],[12.55408,45.82941],[12.54992,45.83949],[12.55899,45.84706],[12.54961,45.8607],[12.52986,45.86361],[12.53709,45.86866],[12.53522,45.87633],[12.53006,45.88439],[12.50697,45.89786],[12.52319,45.90309],[12.50975,45.90944],[12.506,45.92271],[12.4747,45.92847],[12.46356,45.93499],[12.45425,45.94711],[12.42614,45.94701],[12.42251,45.95587],[12.42819,45.99576],[12.41869,46.00791],[12.41528,46.02686],[12.39899,46.04142],[12.40508,46.04274],[12.40995,46.05915],[12.4172,46.0605],[12.43749,46.08483],[12.46487,46.09278],[12.48443,46.10447],[12.49407,46.12091],[12.49189,46.12513],[12.4972,46.12975],[12.49581,46.15255],[12.465,46.16567],[12.44726,46.17958],[12.44229,46.19868],[12.44645,46.20777],[12.40688,46.20712],[12.40027,46.21126],[12.40865,46.22101],[12.40168,46.229],[12.37642,46.22294],[12.33998,46.24018],[12.32398,46.25493],[12.32275,46.27312],[12.32914,46.2822],[12.35587,46.29371],[12.35253,46.30685],[12.35466,46.31968],[12.37812,46.33162],[12.39806,46.32855],[12.41179,46.33147],[12.42122,46.34258],[12.41738,46.35485],[12.42867,46.35159],[12.46294,46.36926],[12.45505,46.39167],[12.46935,46.39008],[12.47965,46.40184],[12.49869,46.4122],[12.49248,46.42426],[12.50458,46.44001],[12.5248,46.44857],[12.53084,46.46493],[12.54197,46.45932],[12.5682,46.47572],[12.59294,46.4714],[12.60607,46.46413],[12.62075,46.47537],[12.64235,46.47233],[12.65477,46.46546],[12.66236,46.46797],[12.65406,46.48439],[12.63002,46.50071],[12.63158,46.5089],[12.62153,46.52649],[12.6202,46.54377],[12.63704,46.57264],[12.64362,46.57581],[12.65656,46.57171],[12.68753,46.59986],[12.70784,46.60203],[12.70624,46.62078],[12.73198,46.63381],[12.7167,46.64757],[12.69011,46.65597],[12.65797,46.65643],[12.64246,46.65193],[12.6341,46.65433],[12.63162,46.6604],[12.6244,46.6609],[12.60271,46.65559],[12.57813,46.65614],[12.56703,46.6508],[12.54631,46.65933],[12.521,46.67649],[12.4776,46.67982],[12.43424,46.66828],[12.40575,46.6432],[12.37977,46.64291],[12.3784,46.63669],[12.38984,46.62754],[12.38516,46.62278],[12.3601,46.61948],[12.33956,46.63098],[12.31589,46.63],[12.31464,46.62367],[12.3055,46.61917],[12.28384,46.61793],[12.27007,46.62103],[12.2602,46.62871],[12.24465,46.6241],[12.23218,46.61405],[12.21242,46.60896],[12.20399,46.59953],[12.19224,46.59456],[12.19443,46.61952],[12.18237,46.62088],[12.17133,46.6341],[12.16109,46.63682],[12.14513,46.63407],[12.10746,46.65818],[12.06827,46.67507],[12.06713,46.65393],[12.07418,46.64261],[12.04597,46.60801],[12.04962,46.59948],[12.04669,46.58472],[12.03418,46.57679],[11.99842,46.53286],[11.98756,46.5453],[11.96615,46.54468],[11.94953,46.53923],[11.94549,46.52942],[11.93389,46.5279],[11.91188,46.53296],[11.88943,46.52296],[11.85135,46.51784],[11.81545,46.50032],[11.81039,46.48487],[11.81731,46.47661],[11.87716,46.47178],[11.88683,46.46457],[11.88911,46.44274],[11.87088,46.43321],[11.8503,46.43419],[11.83822,46.41523],[11.84369,46.40992],[11.83204,46.38719],[11.83539,46.36622],[11.82017,46.37662],[11.80942,46.36664],[11.79217,46.36782],[11.77438,46.35824],[11.77931,46.35195],[11.80234,46.34287],[11.80281,46.33322],[11.83185,46.32515],[11.83137,46.31338],[11.84143,46.30622],[11.82626,46.28497],[11.83802,46.27035],[11.8629,46.27133],[11.88525,46.27881],[11.88836,46.27251],[11.88494,46.26073],[11.89199,46.25263],[11.9291,46.24883],[11.90957,46.22443],[11.92424,46.21717],[11.93936,46.19882],[11.9626,46.19966],[11.96227,46.18786],[11.94947,46.18163],[11.9509,46.17027],[11.92863,46.1758],[11.92833,46.16657],[11.91832,46.15527],[11.92177,46.14934],[11.90124,46.13663],[11.90558,46.1345],[11.89341,46.12115],[11.81513,46.10442],[11.7801,46.1027],[11.77322,46.10669],[11.75869,46.0956],[11.75077,46.10514],[11.71693,46.10302],[11.70346,46.09049],[11.68529,46.09357],[11.68239,46.07756],[11.6865,46.066],[11.70389,46.05513],[11.70644,46.04599],[11.67883,46.04605],[11.66669,46.03779],[11.67304,46.02949],[11.68187,46.02842],[11.66665,46.0171],[11.69,45.98881],[11.68429,45.98408],[11.68251,45.97574],[11.6858,45.96929],[11.67323,45.96435],[11.62761,45.96064],[11.63068,45.96938],[11.62092,45.97156],[11.58759,45.969],[11.57723,46.00652],[11.53864,46.01319],[11.51721,46.00918],[11.5107,46.012],[11.48886,46.00777],[11.48388,46.00129],[11.46805,45.99756],[11.44678,45.98089],[11.37374,45.9835],[11.3724,45.97317],[11.38331,45.95103],[11.38182,45.94253],[11.3583,45.94366],[11.35806,45.92529],[11.34503,45.92094],[11.35069,45.91397],[11.34931,45.90953],[11.32417,45.91752],[11.31302,45.92982],[11.30182,45.92469],[11.30289,45.91802],[11.2753,45.91969],[11.27026,45.91658],[11.25832,45.92068],[11.26207,45.91722],[11.25987,45.90425],[11.24889,45.89918],[11.25508,45.88401],[11.24644,45.88644],[11.23485,45.87966],[11.24436,45.87695],[11.23936,45.85613],[11.22186,45.84896],[11.2188,45.8326],[11.19867,45.82419],[11.18882,45.81357],[11.19351,45.79385],[11.20279,45.78337],[11.19023,45.78161],[11.17838,45.78811],[11.17355,45.78667],[11.1806,45.76568],[11.17506,45.74909],[11.17874,45.73766],[11.15319,45.71832],[11.1459,45.71695],[11.13866,45.70932],[11.13585,45.69958],[11.13851,45.69685],[11.12256,45.68909],[11.12072,45.69566],[11.09311,45.69419],[11.06545,45.70849],[11.05641,45.71847],[11.04138,45.70632],[11.01647,45.70573],[11.01658,45.71942],[10.99898,45.70761],[10.99547,45.6965],[10.98634,45.68881],[10.96832,45.68012],[10.97494,45.69597],[10.9722,45.70182],[10.962,45.68568],[10.95152,45.6845],[10.9445,45.67407],[10.93746,45.67342],[10.912,45.68831],[10.926,45.69917],[10.88183,45.71719],[10.84383,45.71859],[10.85503,45.74185],[10.86263,45.74366],[10.86694,45.76424],[10.88498,45.77465],[10.87272,45.78838],[10.87669,45.80323],[10.88759,45.81165],[10.8834,45.81697],[10.84015,45.83276],[10.83247,45.81557],[10.80959,45.79836],[10.70561,45.67641],[10.63104,45.60951],[10.62847,45.60206],[10.64301,45.45731],[10.64774,45.44854],[10.64414,45.44455],[10.62583,45.44334],[10.62365,45.44362]],[[11.742409551978957,45.08218357281373],[11.742409817675076,45.08220984902899],[11.742411632955896,45.08215132241252],[11.742409551978957,45.08218357281373]],[[11.742410305298286,45.082258222968214],[11.742410685842842,45.082295894521685],[11.742412373555272,45.082315805587726],[11.742410305298286,45.082258222968214]],[[11.742414711921977,45.082103611715546],[11.742420440844894,45.08204522149639],[11.742416793110493,45.08207136580973],[11.742414711921977,45.082103611715546]],[[11.742416666479537,45.08236643125411],[11.742420192375675,45.08240801592571],[11.742422321347012,45.08242132615868],[11.742416666479537,45.08236643125411]],[[11.742427160431225,45.08199706683906],[11.74243663302689,45.08193988111523],[11.742432389902293,45.081959587235865],[11.742427160431225,45.08199706683906]],[[11.742447434053636,45.08188971548888],[11.742460132907993,45.081835427331654],[11.742456297421711,45.08184854693082],[11.742447434053636,45.08188971548888]],[[11.742476661401886,45.08177888490496],[11.742490873404689,45.08173202558631],[11.742488449248054,45.08173855704824],[11.742476661401886,45.08177888490496]]]]}},{"type":"Feature","properties":{"cod_reg":"6","den_reg":"Friuli-Venezia Giulia"},"geometry":{"type":"MultiPolygon","coordinates":[[[[12.32094,46.2689],[12.32398,46.25493],[12.33998,46.24018],[12.35999,46.229],[12.37642,46.22294],[12.40168,46.229],[12.40865,46.22101],[12.40027,46.21126],[12.40726,46.20702],[12.44645,46.20777],[12.44229,46.19868],[12.44726,46.17958],[12.465,46.16567],[12.49581,46.15255],[12.4972,46.12975],[12.49189,46.12513],[12.49407,46.12091],[12.48443,46.10447],[12.46487,46.09278],[12.43749,46.08483],[12.4172,46.0605],[12.40995,46.05915],[12.40508,46.04274],[12.39899,46.04142],[12.41528,46.02686],[12.41869,46.00791],[12.42819,45.99576],[12.42251,45.95587],[12.42584,45.94735],[12.45425,45.94711],[12.46356,45.93499],[12.4747,45.92847],[12.506,45.92271],[12.50975,45.90944],[12.52319,45.90309],[12.50697,45.89786],[12.53226,45.88193],[12.53709,45.86866],[12.52986,45.86361],[12.54961,45.8607],[12.55911,45.84599],[12.54992,45.83949],[12.5593,45.82592],[12.5653,45.83181],[12.57287,45.82437],[12.582,45.82423],[12.58764,45.81531],[12.59385,45.81518],[12.59739,45.82214],[12.59444,45.83077],[12.60759,45.83876],[12.61214,45.83147],[12.63104,45.82584],[12.63484,45.81744],[12.654,45.80951],[12.64973,45.80188],[12.66968,45.79079],[12.69502,45.80635],[12.73107,45.83665],[12.74378,45.82708],[12.7695,45.85048],[12.77983,45.85444],[12.7941,45.84537],[12.8043,45.84462],[12.79994,45.82573],[12.80858,45.82018],[12.81852,45.82434],[12.8189,45.83373],[12.83385,45.83827],[12.83689,45.84498],[12.86118,45.85079],[12.87498,45.85034],[12.87723,45.8432],[12.86967,45.83376],[12.87873,45.82474],[12.89325,45.81969],[12.90781,45.82911],[12.91502,45.82462],[12.92051,45.83134],[12.9295,45.81735],[12.95207,45.82221],[12.95137,45.843],[12.96143,45.84687],[12.96718,45.83601],[12.97905,45.83404],[12.97088,45.82867],[12.97419,45.82336],[12.98207,45.8273],[12.97332,45.82027],[12.99324,45.81501],[12.98838,45.80874],[12.98349,45.81489],[12.97874,45.81457],[12.9739,45.80664],[12.98078,45.79767],[12.99133,45.79999],[12.98126,45.79295],[12.98044,45.78716],[12.98795,45.77616],[13.01204,45.76251],[13.00069,45.75815],[13.00151,45.74839],[13.01565,45.74134],[13.01565,45.73526],[13.00797,45.73104],[13.00831,45.72489],[13.01504,45.72446],[13.01643,45.73061],[13.02921,45.73617],[13.02729,45.72803],[13.04057,45.70617],[13.03684,45.69938],[13.04497,45.69383],[13.04976,45.69702],[13.05325,45.69452],[13.0436,45.68548],[13.05425,45.67765],[13.06249,45.67917],[13.06677,45.67234],[13.06188,45.66292],[13.06337,45.65677],[13.08114,45.65882],[13.10079,45.64339],[13.11,45.66366],[13.14753,45.68881],[13.15297,45.69489],[13.15227,45.7005],[13.17096,45.70308],[13.18579,45.71115],[13.24452,45.71325],[13.2458,45.7195],[13.25368,45.70887],[13.29064,45.70449],[13.34312,45.68052],[13.35442,45.67941],[13.36687,45.68419],[13.38941,45.67525],[13.42327,45.677],[13.45415,45.68991],[13.46813,45.7046],[13.46108,45.71121],[13.47257,45.70422],[13.48563,45.70443],[13.53056,45.72335],[13.55216,45.72354],[13.55325,45.72947],[13.5265,45.73664],[13.51644,45.74427],[13.52584,45.7478],[13.52083,45.76307],[13.53733,45.78309],[13.53003,45.78811],[13.54223,45.79284],[13.54815,45.79024],[13.53345,45.80473],[13.56214,45.77843],[13.57946,45.77481],[13.58089,45.78176],[13.60288,45.77162],[13.63239,45.76849],[13.64324,45.75641],[13.67699,45.73696],[13.71177,45.71051],[13.7171,45.702],[13.73345,45.69619],[13.75334,45.68044],[13.7691,45.65299],[13.75902,45.6457],[13.75504,45.64935],[13.74388,45.64081],[13.7624,45.63495],[13.75493,45.63124],[13.75685,45.62789],[13.76598,45.6305],[13.76767,45.63561],[13.77571,45.63556],[13.77816,45.63117],[13.77165,45.62521],[13.78195,45.61441],[13.79975,45.60993],[13.8139,45.61466],[13.80466,45.60956],[13.80738,45.60679],[13.80243,45.60894],[13.78644,45.60016],[13.73473,45.61062],[13.71911,45.60571],[13.72294,45.59471],[13.74684,45.5979],[13.78984,45.58259],[13.84224,45.58313],[13.85098,45.58488],[13.85351,45.5922],[13.86562,45.59669],[13.86875,45.60926],[13.91807,45.63114],[13.85969,45.66446],[13.8355,45.68613],[13.83105,45.69269],[13.83574,45.6979],[13.83371,45.70724],[13.81127,45.72283],[13.7963,45.7427],[13.73467,45.76016],[13.73707,45.76173],[13.72996,45.76664],[13.70459,45.77705],[13.6694,45.79964],[13.62329,45.79825],[13.59629,45.80794],[13.59493,45.82116],[13.58779,45.83413],[13.57273,45.84755],[13.59288,45.87481],[13.59033,45.88832],[13.59684,45.88716],[13.5934,45.89146],[13.60835,45.89904],[13.61883,45.91708],[13.63755,45.93539],[13.6332,45.95024],[13.64266,45.98319],[13.6334,45.98948],[13.61919,45.9833],[13.58991,45.98967],[13.57795,45.98309],[13.56825,45.96808],[13.54735,45.96959],[13.54098,45.96487],[13.52781,45.96706],[13.52614,45.97202],[13.49884,45.98302],[13.47619,46.00625],[13.48029,46.0117],[13.49429,46.01455],[13.50755,46.03348],[13.51002,46.04625],[13.49715,46.04834],[13.4983,46.05919],[13.52995,46.0677],[13.54348,46.08017],[13.57396,46.09068],[13.63034,46.13201],[13.64389,46.13708],[13.65206,46.14837],[13.65412,46.16194],[13.66382,46.1698],[13.6632,46.18012],[13.63258,46.19074],[13.61453,46.18441],[13.58871,46.19088],[13.57318,46.1842],[13.56695,46.18567],[13.56196,46.20408],[13.55327,46.20863],[13.5294,46.21225],[13.52906,46.21875],[13.503,46.21568],[13.49715,46.21768],[13.4969,46.2217],[13.48439,46.22455],[13.44828,46.22523],[13.44488,46.22384],[13.4463,46.21284],[13.42345,46.20634],[13.40905,46.21491],[13.41507,46.21872],[13.42248,46.23439],[13.40992,46.24001],[13.39858,46.25341],[13.39155,46.27976],[13.38373,46.29062],[13.37933,46.28926],[13.37555,46.29822],[13.4028,46.3],[13.41574,46.30967],[13.41814,46.31817],[13.42569,46.32255],[13.43902,46.32228],[13.44737,46.33638],[13.43683,46.35437],[13.43899,46.36021],[13.47011,46.36114],[13.48198,46.369],[13.51734,46.37728],[13.51691,46.38301],[13.53858,46.38643],[13.55864,46.39862],[13.56544,46.39821],[13.57687,46.40889],[13.5787,46.42648],[13.59754,46.43925],[13.64838,46.44606],[13.6834,46.43753],[13.68877,46.43987],[13.69875,46.45649],[13.69547,46.46863],[13.70956,46.48108],[13.70254,46.49877],[13.71678,46.50735],[13.71385,46.52308],[13.67678,46.52325],[13.62717,46.54151],[13.59705,46.54576],[13.5699,46.53888],[13.5681,46.54687],[13.561,46.55182],[13.54404,46.55351],[13.51817,46.5473],[13.5041,46.56608],[13.47488,46.55749],[13.42543,46.55791],[13.40794,46.56162],[13.40876,46.571],[13.37275,46.57936],[13.36852,46.57382],[13.37081,46.56731],[13.34444,46.56986],[13.32018,46.55289],[13.26956,46.56128],[13.25272,46.56057],[13.23253,46.55359],[13.23219,46.55927],[13.21801,46.57029],[13.19338,46.57264],[13.1788,46.57832],[13.16842,46.58883],[13.10636,46.59443],[13.08457,46.60171],[13.04592,46.59535],[13.03234,46.59581],[13.02143,46.60213],[12.98769,46.59943],[12.95659,46.60632],[12.94894,46.60262],[12.9287,46.61034],[12.84704,46.6058],[12.83365,46.61065],[12.83732,46.62743],[12.8309,46.63061],[12.81904,46.62825],[12.80285,46.63375],[12.79502,46.64252],[12.75648,46.64722],[12.70881,46.62352],[12.70472,46.6184],[12.70784,46.60203],[12.68753,46.59986],[12.65656,46.57171],[12.64362,46.57581],[12.63704,46.57264],[12.6236,46.55095],[12.61916,46.54004],[12.62153,46.52649],[12.63158,46.5089],[12.63002,46.50071],[12.65406,46.48439],[12.66236,46.46797],[12.65477,46.46546],[12.64235,46.47233],[12.62075,46.47537],[12.60607,46.46413],[12.59294,46.4714],[12.5682,46.47572],[12.54197,46.45932],[12.53084,46.46493],[12.5248,46.44857],[12.50458,46.44001],[12.49248,46.42426],[12.49869,46.4122],[12.47965,46.40184],[12.46935,46.39008],[12.45505,46.39167],[12.46294,46.36926],[12.42867,46.35159],[12.41738,46.35485],[12.42122,46.34258],[12.41179,46.33147],[12.39806,46.32855],[12.37812,46.33162],[12.35466,46.31968],[12.35253,46.30685],[12.35587,46.29371],[12.32914,46.2822],[12.32275,46.27312],[12.32094,46.2689]]],[[[13.75802,45.66301],[13.76243,45.65513],[13.75819,45.66314],[13.75802,45.66301]]]]}},{"type":"Feature","properties":{"cod_reg":"7","den_reg":"Liguria"},"geometry":{"type":"MultiPolygon","coordinates":[[[[7.49479,43.85596],[7.49938,43.84563],[7.50807,43.84167],[7.5182,43.80461],[7.5296,43.78425],[7.55574,43.77978],[7.55969,43.78849],[7.57539,43.79286],[7.67322,43.77603],[7.7,43.79865],[7.71305,43.80088],[7.73884,43.79542],[7.76729,43.81227],[7.80492,43.82325],[7.83304,43.81643],[7.84707,43.82879],[7.87211,43.83607],[7.91195,43.83635],[7.91741,43.83829],[7.90783,43.83726],[7.91748,43.84352],[7.94931,43.84704],[7.96563,43.8524],[7.97035,43.86061],[8.01501,43.87201],[8.01975,43.87912],[8.03571,43.88598],[8.07302,43.89137],[8.0802,43.89709],[8.07846,43.90445],[8.09172,43.91562],[8.12829,43.92691],[8.1403,43.94657],[8.17371,43.95475],[8.1599,43.97356],[8.16312,43.9926],[8.17881,44.01128],[8.20834,44.03475],[8.22568,44.04319],[8.22913,44.08664],[8.23749,44.10218],[8.26907,44.13932],[8.29468,44.15345],[8.32907,44.16126],[8.37094,44.1778],[8.40698,44.18138],[8.40938,44.1872],[8.42473,44.19495],[8.41661,44.20168],[8.41592,44.22128],[8.42805,44.233],[8.44282,44.23743],[8.45633,44.2584],[8.44306,44.26463],[8.44043,44.27026],[8.45106,44.28797],[8.49195,44.30545],[8.5012,44.31572],[8.49046,44.31199],[8.49049,44.31478],[8.50934,44.32845],[8.56304,44.34628],[8.57064,44.35081],[8.56622,44.35336],[8.57254,44.35752],[8.62435,44.37186],[8.6402,44.38652],[8.67975,44.39328],[8.69293,44.40835],[8.74378,44.42698],[8.79673,44.4172],[8.79773,44.42222],[8.78415,44.42432],[8.83581,44.42389],[8.85217,44.4191],[8.84106,44.41516],[8.823,44.41781],[8.82186,44.41492],[8.91776,44.39818],[8.9186,44.40393],[8.90991,44.41012],[8.92401,44.41416],[8.93297,44.3937],[8.98102,44.39088],[9.09903,44.37185],[9.13988,44.36041],[9.15419,44.34899],[9.15523,44.33699],[9.14882,44.32463],[9.15226,44.31713],[9.21755,44.2985],[9.209,44.31062],[9.21407,44.31289],[9.21672,44.32238],[9.21374,44.3336],[9.22579,44.3352],[9.2296,44.34793],[9.23528,44.34786],[9.32401,44.31245],[9.31526,44.31229],[9.33316,44.31134],[9.33378,44.3069],[9.34314,44.30347],[9.33421,44.3099],[9.37694,44.29051],[9.39266,44.27776],[9.40314,44.25528],[9.42035,44.25919],[9.43272,44.2535],[9.44517,44.2388],[9.45264,44.24016],[9.46703,44.23441],[9.48035,44.24072],[9.48816,44.23911],[9.49553,44.23469],[9.5014,44.22254],[9.51129,44.21666],[9.5293,44.20747],[9.55214,44.20495],[9.56966,44.19084],[9.56876,44.1822],[9.60714,44.17081],[9.60917,44.15659],[9.63546,44.13352],[9.64252,44.14367],[9.64853,44.14535],[9.67541,44.1395],[9.70572,44.11918],[9.72564,44.11249],[9.73954,44.09153],[9.75738,44.09084],[9.76078,44.08335],[9.79696,44.06567],[9.82089,44.05875],[9.83263,44.05008],[9.85234,44.06181],[9.84456,44.0669],[9.83918,44.06573],[9.81094,44.10181],[9.81547,44.10339],[9.8212,44.09552],[9.83581,44.11013],[9.85061,44.10768],[9.86445,44.09148],[9.87871,44.08776],[9.88117,44.08098],[9.90678,44.08142],[9.91303,44.067],[9.96348,44.0375],[9.97759,44.03549],[9.99413,44.05063],[10.01877,44.04448],[10.02869,44.05917],[10.06215,44.08013],[10.07102,44.09367],[10.04738,44.11512],[10.02195,44.11962],[10.00381,44.10947],[9.99331,44.09268],[9.98345,44.09888],[9.99407,44.10576],[9.99535,44.11789],[9.9836,44.12476],[9.97523,44.13762],[9.97925,44.14617],[9.97641,44.15178],[9.97901,44.16103],[9.97403,44.16693],[9.92804,44.16625],[9.9202,44.16984],[9.89786,44.16359],[9.89295,44.1665],[9.92812,44.19561],[9.93401,44.19662],[9.91451,44.1996],[9.90851,44.20977],[9.89121,44.20781],[9.8743,44.19527],[9.86496,44.18071],[9.85755,44.19351],[9.87536,44.22394],[9.85703,44.23403],[9.86112,44.25121],[9.85266,44.27021],[9.83944,44.2721],[9.83533,44.27887],[9.81478,44.28621],[9.80604,44.28269],[9.76542,44.30433],[9.75311,44.32273],[9.72946,44.32833],[9.71746,44.35533],[9.7063,44.36619],[9.67498,44.36471],[9.663,44.40066],[9.65455,44.41175],[9.63604,44.4139],[9.60003,44.43691],[9.58358,44.42724],[9.57782,44.4336],[9.55918,44.43813],[9.54524,44.42608],[9.53409,44.42926],[9.4939,44.4239],[9.48188,44.41709],[9.47903,44.40926],[9.47219,44.41642],[9.47256,44.42428],[9.44278,44.41659],[9.43839,44.41854],[9.43916,44.42907],[9.44501,44.43741],[9.45774,44.44453],[9.47024,44.47327],[9.46887,44.48188],[9.48225,44.47929],[9.4968,44.48273],[9.49463,44.5004],[9.50217,44.51276],[9.50461,44.52996],[9.49951,44.53888],[9.48818,44.54557],[9.49334,44.55588],[9.48414,44.56242],[9.44023,44.56681],[9.42308,44.57461],[9.41848,44.57765],[9.42131,44.5926],[9.40563,44.60081],[9.40262,44.59079],[9.39829,44.58742],[9.38937,44.59022],[9.38108,44.57675],[9.36105,44.58497],[9.34222,44.57778],[9.32782,44.58897],[9.30943,44.59638],[9.30042,44.60777],[9.28751,44.6076],[9.28023,44.59617],[9.24625,44.59927],[9.25654,44.61059],[9.24481,44.61972],[9.20297,44.61349],[9.20517,44.59948],[9.19895,44.59278],[9.18352,44.59164],[9.15255,44.57422],[9.13767,44.57393],[9.1107,44.58197],[9.10238,44.59285],[9.10353,44.60939],[9.07585,44.6237],[9.05489,44.62138],[9.04786,44.61624],[9.03876,44.64087],[9.03154,44.64241],[9.03325,44.64745],[9.02505,44.65053],[9.01469,44.66607],[9.0067,44.66849],[8.99166,44.66231],[8.97364,44.66315],[8.95952,44.67602],[8.93114,44.67613],[8.90826,44.64682],[8.88262,44.63868],[8.88497,44.63175],[8.9034,44.62186],[8.90937,44.61333],[8.90302,44.60766],[8.91189,44.58003],[8.92169,44.56707],[8.9175,44.56106],[8.89494,44.55537],[8.89134,44.55063],[8.86861,44.56624],[8.86291,44.56061],[8.82684,44.5618],[8.82221,44.55025],[8.82877,44.54307],[8.79908,44.53015],[8.79511,44.52186],[8.79771,44.50025],[8.78918,44.49641],[8.78826,44.48803],[8.76694,44.49195],[8.77357,44.50393],[8.76898,44.5099],[8.76756,44.52496],[8.76047,44.53024],[8.75392,44.52412],[8.74981,44.52566],[8.75698,44.53669],[8.74933,44.54985],[8.73819,44.55177],[8.74027,44.55683],[8.73277,44.57043],[8.721,44.57986],[8.69005,44.58196],[8.68142,44.57488],[8.66676,44.58246],[8.66166,44.57921],[8.64764,44.58283],[8.6327,44.58044],[8.62386,44.58638],[8.61492,44.56859],[8.60121,44.56824],[8.59782,44.55656],[8.61291,44.54712],[8.61237,44.5433],[8.60709,44.53754],[8.5928,44.53518],[8.58669,44.52419],[8.57376,44.52332],[8.57171,44.51613],[8.57616,44.50923],[8.5597,44.50282],[8.54954,44.50399],[8.54366,44.512],[8.53478,44.51335],[8.47807,44.51065],[8.47066,44.52248],[8.45301,44.50981],[8.4495,44.49739],[8.44147,44.504],[8.42551,44.50625],[8.41859,44.51328],[8.40388,44.50897],[8.40099,44.49338],[8.39075,44.48774],[8.39243,44.47705],[8.37492,44.47439],[8.35953,44.465],[8.34918,44.48555],[8.32164,44.48802],[8.30896,44.49899],[8.27131,44.5068],[8.25278,44.52875],[8.22577,44.51539],[8.2162,44.4973],[8.22332,44.48567],[8.19751,44.47682],[8.19574,44.46427],[8.21026,44.45552],[8.20715,44.44814],[8.22284,44.431],[8.20828,44.41714],[8.20805,44.41034],[8.18651,44.3953],[8.18126,44.39715],[8.16193,44.38583],[8.14952,44.38479],[8.15036,44.37532],[8.14148,44.36807],[8.14864,44.35481],[8.14492,44.34578],[8.13428,44.3321],[8.10644,44.33237],[8.10907,44.31512],[8.10196,44.30093],[8.08452,44.3066],[8.07602,44.31396],[8.06122,44.29949],[8.06356,44.28827],[8.07604,44.28753],[8.08287,44.27784],[8.0907,44.2748],[8.08126,44.26203],[8.0631,44.25307],[8.0811,44.24004],[8.06735,44.22556],[8.06536,44.21694],[8.07466,44.20578],[8.08796,44.20316],[8.09551,44.19695],[8.09208,44.18604],[8.0972,44.17897],[8.07983,44.16342],[8.07119,44.14693],[8.0445,44.14255],[8.02913,44.15383],[8.01184,44.1559],[7.98541,44.14277],[7.97893,44.13354],[7.99146,44.13228],[7.99173,44.12741],[8.00594,44.12616],[8.01289,44.11966],[8.00269,44.11663],[8.01559,44.1107],[8.00463,44.10233],[7.97153,44.1131],[7.958,44.10369],[7.94237,44.10012],[7.93543,44.10102],[7.92596,44.1103],[7.88394,44.10466],[7.88079,44.1129],[7.86612,44.11816],[7.816,44.12307],[7.77514,44.13997],[7.76274,44.14088],[7.73724,44.12803],[7.72793,44.12732],[7.71821,44.10865],[7.72465,44.0942],[7.73367,44.08331],[7.75909,44.08388],[7.73789,44.07637],[7.72777,44.06028],[7.71166,44.0604],[7.70354,44.05158],[7.70069,44.04072],[7.66303,44.02877],[7.66272,44.01637],[7.67034,43.99823],[7.65537,43.98492],[7.65557,43.97691],[7.61283,43.95656],[7.5878,43.95542],[7.58177,43.94826],[7.56908,43.94744],[7.5669,43.94275],[7.57086,43.93511],[7.55888,43.91697],[7.56264,43.90066],[7.51517,43.88383],[7.50348,43.87518],[7.49483,43.85645],[7.49479,43.85596]]],[[[8.22407,44.02598],[8.22947,44.0254],[8.22408,44.02613],[8.22407,44.02598]]],[[[8.44377,44.23385],[8.44406,44.23493],[8.44377,44.23385]]],[[[8.76973,44.41579],[8.79512,44.41198],[8.8105,44.42221],[8.79504,44.41216],[8.76984,44.41615],[8.76973,44.41579]]],[[[8.81692,44.41349],[8.88035,44.39982],[8.81712,44.41394],[8.81692,44.41349]]],[[[8.87688,44.40365],[8.91561,44.39674],[8.87704,44.40409],[8.87688,44.40365]]],[[[9.83314,44.04699],[9.847,44.03342],[9.85547,44.05135],[9.83324,44.04713],[9.83314,44.04699]]],[[[9.84742,44.02895],[9.85374,44.02554],[9.8475,44.02902],[9.84742,44.02895]]],[[[9.8504,44.02369],[9.85098,44.02437],[9.8504,44.02369]]]]}},{"type":"Feature","properties":{"cod_reg":"8","den_reg":"Emilia-Romagna"},"geometry":{"type":"MultiPolygon","coordinates":[[[[9.19804,44.64984],[9.20042,44.61533],[9.2455,44.61965],[9.25654,44.61059],[9.24625,44.59927],[9.28023,44.59617],[9.28751,44.6076],[9.30042,44.60777],[9.30943,44.59638],[9.32782,44.58897],[9.34222,44.57778],[9.36105,44.58497],[9.38108,44.57675],[9.38937,44.59022],[9.39829,44.58742],[9.40262,44.59079],[9.40563,44.60081],[9.42131,44.5926],[9.41848,44.57765],[9.42308,44.57461],[9.44023,44.56681],[9.47654,44.5652],[9.49161,44.55817],[9.48818,44.54557],[9.49951,44.53888],[9.50461,44.52996],[9.50217,44.51276],[9.49463,44.5004],[9.4968,44.48273],[9.48225,44.47929],[9.46887,44.48188],[9.47024,44.47327],[9.45774,44.44453],[9.44583,44.43842],[9.43916,44.42907],[9.43839,44.41854],[9.44278,44.41659],[9.47256,44.42428],[9.47219,44.41642],[9.47903,44.40926],[9.48188,44.41709],[9.4939,44.4239],[9.53409,44.42926],[9.54524,44.42608],[9.55918,44.43813],[9.57782,44.4336],[9.58358,44.42724],[9.60149,44.43676],[9.61186,44.42651],[9.63604,44.4139],[9.65455,44.41175],[9.663,44.40066],[9.67498,44.36471],[9.6867,44.36594],[9.7169,44.38317],[9.73333,44.37949],[9.74405,44.38243],[9.74385,44.38948],[9.76048,44.39005],[9.75335,44.39768],[9.75646,44.40617],[9.76306,44.40811],[9.79824,44.44314],[9.81673,44.45205],[9.81585,44.46179],[9.81994,44.46642],[9.89996,44.4727],[9.90923,44.46796],[9.92431,44.47237],[9.96211,44.46707],[9.97071,44.46444],[9.97145,44.45219],[9.98067,44.44504],[9.99604,44.44696],[10.00102,44.44325],[10.00685,44.43038],[9.98928,44.40433],[10.0217,44.38293],[10.05703,44.37157],[10.09827,44.34629],[10.11979,44.35339],[10.14496,44.35301],[10.16195,44.34348],[10.16791,44.32991],[10.1853,44.32148],[10.18961,44.31431],[10.20169,44.31238],[10.20931,44.30189],[10.21814,44.30469],[10.22626,44.29997],[10.23703,44.28165],[10.25386,44.26858],[10.29662,44.28546],[10.30712,44.28432],[10.31897,44.27558],[10.34276,44.26963],[10.37272,44.26973],[10.4074,44.24931],[10.41403,44.23584],[10.43026,44.22743],[10.46494,44.23114],[10.47292,44.22406],[10.48461,44.22283],[10.49299,44.21658],[10.48522,44.2045],[10.49025,44.19655],[10.51001,44.18691],[10.52294,44.17484],[10.5197,44.16719],[10.52512,44.15624],[10.57751,44.1319],[10.58408,44.11955],[10.5931,44.11542],[10.60509,44.11469],[10.62406,44.12037],[10.62452,44.14138],[10.63372,44.14643],[10.63611,44.15407],[10.64398,44.16009],[10.64792,44.15553],[10.66162,44.15402],[10.69399,44.15765],[10.75426,44.15415],[10.77326,44.13466],[10.79668,44.1274],[10.80411,44.11862],[10.81915,44.11245],[10.82888,44.11629],[10.84438,44.10939],[10.84866,44.09806],[10.86988,44.09989],[10.89208,44.09243],[10.90404,44.08426],[10.89952,44.0654],[10.91006,44.06254],[10.91825,44.06301],[10.92586,44.07307],[10.94473,44.08168],[10.95557,44.09032],[10.97857,44.12197],[10.99404,44.12956],[10.99604,44.13614],[11.00695,44.13855],[11.01431,44.13749],[11.01493,44.12521],[11.00742,44.12161],[11.00201,44.11089],[11.02767,44.09612],[11.04207,44.09589],[11.04943,44.09025],[11.08943,44.08995],[11.12764,44.10968],[11.13942,44.10781],[11.1592,44.11242],[11.2098,44.09887],[11.22835,44.10241],[11.24804,44.09757],[11.25157,44.10412],[11.26374,44.10433],[11.26023,44.11584],[11.25081,44.11588],[11.22275,44.12811],[11.19585,44.14354],[11.19573,44.15141],[11.21402,44.15015],[11.23929,44.15892],[11.28087,44.15603],[11.2981,44.16792],[11.2958,44.1724],[11.30753,44.17231],[11.31678,44.1773],[11.32262,44.18224],[11.32441,44.19464],[11.34281,44.20582],[11.38055,44.2],[11.39463,44.21921],[11.42107,44.23925],[11.4513,44.22057],[11.45347,44.21403],[11.44763,44.19949],[11.46783,44.18509],[11.48641,44.18283],[11.48949,44.17456],[11.51613,44.15755],[11.52892,44.15824],[11.54442,44.15253],[11.55267,44.15927],[11.55298,44.16574],[11.56517,44.16724],[11.57324,44.16065],[11.59011,44.16235],[11.61536,44.15825],[11.61671,44.14338],[11.60378,44.13648],[11.59729,44.12515],[11.58783,44.1237],[11.58457,44.11221],[11.59904,44.11859],[11.61471,44.11901],[11.63667,44.11164],[11.64843,44.09943],[11.67358,44.11338],[11.67881,44.12291],[11.70438,44.11977],[11.74418,44.12607],[11.75264,44.12139],[11.74888,44.10414],[11.74008,44.09935],[11.7365,44.08735],[11.6969,44.05249],[11.69491,44.03534],[11.68189,44.0212],[11.65652,44.01748],[11.66394,44.00555],[11.65015,44.00299],[11.64555,43.98985],[11.654,43.97526],[11.69088,43.95686],[11.6926,43.95324],[11.6822,43.93785],[11.68421,43.93513],[11.71844,43.92071],[11.70918,43.88858],[11.71017,43.87745],[11.72189,43.87438],[11.73248,43.86317],[11.78573,43.84702],[11.82342,43.81581],[11.84167,43.80802],[11.85537,43.81568],[11.86741,43.81691],[11.88717,43.80873],[11.90902,43.81242],[11.9131,43.79893],[11.91928,43.79366],[11.94782,43.79064],[11.95338,43.77609],[11.98651,43.76193],[12.00639,43.76652],[12.04092,43.75555],[12.053,43.75697],[12.0614,43.75302],[12.06459,43.74291],[12.07054,43.74073],[12.10744,43.75377],[12.12358,43.74915],[12.14202,43.75259],[12.16367,43.76236],[12.1765,43.74526],[12.19463,43.73192],[12.20056,43.74032],[12.19767,43.74481],[12.20717,43.74897],[12.20931,43.75707],[12.22899,43.75955],[12.24591,43.75119],[12.25466,43.7533],[12.25771,43.76054],[12.28378,43.76492],[12.289,43.78577],[12.28276,43.78944],[12.28485,43.79479],[12.3018,43.79786],[12.31589,43.80564],[12.34979,43.7996],[12.36857,43.81289],[12.38718,43.81549],[12.39854,43.82636],[12.39095,43.845],[12.39746,43.86739],[12.40361,43.87045],[12.40061,43.87277],[12.40775,43.87671],[12.44569,43.87081],[12.45776,43.88011],[12.46364,43.89124],[12.45112,43.89568],[12.44369,43.90498],[12.41768,43.89905],[12.40836,43.90297],[12.4125,43.9094],[12.40827,43.92152],[12.41525,43.93074],[12.40482,43.94404],[12.40459,43.9557],[12.41194,43.9522],[12.43687,43.95662],[12.46363,43.97469],[12.50947,43.9912],[12.51428,43.99088],[12.51585,43.98478],[12.50656,43.97093],[12.50679,43.95785],[12.51567,43.94153],[12.49241,43.91828],[12.49332,43.91014],[12.48709,43.89427],[12.48863,43.88333],[12.49934,43.8736],[12.51817,43.88104],[12.51912,43.87514],[12.54169,43.86403],[12.56245,43.86982],[12.5659,43.88224],[12.58949,43.88565],[12.59302,43.87316],[12.58936,43.86525],[12.60256,43.86343],[12.601,43.85051],[12.60559,43.84526],[12.61586,43.84647],[12.6189,43.84263],[12.61002,43.8339],[12.62327,43.82115],[12.64446,43.82689],[12.67289,43.82365],[12.68132,43.82807],[12.67856,43.83904],[12.68246,43.85287],[12.69666,43.85268],[12.70087,43.85857],[12.72363,43.86124],[12.73399,43.87026],[12.72265,43.88057],[12.73483,43.89602],[12.72712,43.9117],[12.73005,43.91311],[12.72791,43.92418],[12.75564,43.96195],[12.75062,43.96854],[12.7183,43.97289],[12.6882,43.98712],[12.63225,44.02507],[12.57547,44.07851],[12.55653,44.07802],[12.52143,44.1011],[12.39336,44.212],[12.35751,44.26988],[12.34318,44.31865],[12.32725,44.35447],[12.31512,44.40662],[12.28926,44.46306],[12.2863,44.48368],[12.29036,44.48774],[12.28529,44.49415],[12.27969,44.51949],[12.28178,44.59373],[12.27304,44.62164],[12.2506,44.66198],[12.25242,44.67633],[12.24587,44.67644],[12.24121,44.68607],[12.24085,44.71034],[12.24831,44.76277],[12.28523,44.81813],[12.26631,44.80435],[12.26888,44.81105],[12.25893,44.81563],[12.28718,44.84203],[12.3172,44.84291],[12.31721,44.83781],[12.3504,44.81725],[12.35546,44.81228],[12.35138,44.81085],[12.37317,44.79619],[12.37275,44.79222],[12.38532,44.78994],[12.37473,44.78557],[12.32584,44.79623],[12.3421,44.78857],[12.32323,44.79158],[12.32193,44.78852],[12.3752,44.78352],[12.39295,44.78731],[12.39811,44.79278],[12.35516,44.81511],[12.34615,44.82942],[12.34053,44.85007],[12.30193,44.85574],[12.29411,44.86036],[12.286,44.87237],[12.28187,44.91002],[12.29474,44.92741],[12.27616,44.94329],[12.25618,44.94253],[12.22497,44.92298],[12.2112,44.92703],[12.18767,44.92643],[12.17068,44.94205],[12.14242,44.9279],[12.1223,44.94319],[12.11493,44.9591],[12.10123,44.96183],[12.098,44.97148],[12.06106,44.96958],[12.04749,44.97696],[12.01545,44.97656],[11.96268,44.98683],[11.92458,44.97468],[11.89563,44.97792],[11.83793,44.97278],[11.80647,44.97716],[11.78383,44.96419],[11.74563,44.95733],[11.73997,44.94978],[11.74485,44.93497],[11.73407,44.92714],[11.71553,44.92634],[11.67128,44.91476],[11.61737,44.88803],[11.59354,44.89089],[11.58469,44.91318],[11.56006,44.92051],[11.53413,44.93625],[11.4696,44.93637],[11.42937,44.92905],[11.424,44.93656],[11.42618,44.95207],[11.40638,44.9491],[11.39919,44.95483],[11.37819,44.95793],[11.36276,44.95547],[11.35716,44.95008],[11.3265,44.96225],[11.31246,44.95821],[11.30158,44.96236],[11.2968,44.95764],[11.28435,44.95661],[11.27226,44.93832],[11.24621,44.95144],[11.23801,44.94505],[11.15854,44.93809],[11.15244,44.93324],[11.11802,44.95447],[11.07347,44.96295],[11.05954,44.94889],[10.99747,44.95509],[10.96716,44.93481],[10.95059,44.93333],[10.95137,44.92787],[10.94137,44.92191],[10.91669,44.92439],[10.89031,44.91244],[10.88789,44.91427],[10.89799,44.92181],[10.87663,44.91706],[10.87398,44.92183],[10.86498,44.92357],[10.86539,44.92962],[10.84255,44.92919],[10.82234,44.93639],[10.74372,44.94908],[10.74816,44.9627],[10.74168,44.98035],[10.73644,44.98709],[10.7294,44.98669],[10.7319,44.99105],[10.7274,44.99203],[10.71216,44.98526],[10.71077,44.97309],[10.69474,44.96194],[10.68804,44.9656],[10.69596,44.97447],[10.68668,44.98659],[10.67979,44.97663],[10.66208,44.96706],[10.65033,44.94808],[10.62788,44.9242],[10.56703,44.9084],[10.51985,44.91273],[10.50114,44.92383],[10.464,44.93718],[10.43776,44.94205],[10.41677,44.97765],[10.408,44.98384],[10.3917,44.98301],[10.36529,44.9661],[10.35528,44.96616],[10.33275,44.97989],[10.3089,44.98738],[10.31001,44.99301],[10.30469,44.99904],[10.27447,44.99793],[10.25586,45.01781],[10.21107,45.03403],[10.1873,45.02822],[10.17475,45.03425],[10.16901,45.04304],[10.161,45.04438],[10.14673,45.03498],[10.10619,45.02213],[10.09288,45.02376],[10.08413,45.03293],[10.08231,45.04661],[10.05022,45.04128],[10.05286,45.05059],[10.04695,45.05929],[10.02967,45.06681],[10.02165,45.07589],[10.0295,45.08724],[10.02853,45.09623],[9.98547,45.13343],[9.97119,45.13235],[9.93581,45.1044],[9.91849,45.0996],[9.91346,45.10465],[9.92707,45.12599],[9.92261,45.13594],[9.91369,45.13913],[9.88103,45.127],[9.87542,45.12171],[9.87783,45.11353],[9.90063,45.09544],[9.89677,45.08054],[9.88065,45.07479],[9.86152,45.09356],[9.83836,45.09565],[9.83304,45.09181],[9.83139,45.08396],[9.83551,45.07188],[9.83376,45.06168],[9.82376,45.05259],[9.81656,45.05446],[9.81326,45.0781],[9.79188,45.0823],[9.77896,45.08958],[9.76666,45.10727],[9.75754,45.11254],[9.74507,45.11094],[9.7531,45.0866],[9.74959,45.07784],[9.73783,45.0732],[9.72768,45.06214],[9.715,45.05824],[9.68368,45.07034],[9.67689,45.07761],[9.63494,45.08398],[9.6315,45.09039],[9.64092,45.11662],[9.62935,45.13203],[9.61897,45.13355],[9.61196,45.1115],[9.58745,45.09962],[9.58595,45.10499],[9.56858,45.10734],[9.5608,45.1225],[9.54866,45.13265],[9.53575,45.122],[9.55137,45.09309],[9.53901,45.08105],[9.5275,45.07896],[9.49929,45.10392],[9.47141,45.0955],[9.43901,45.09345],[9.4356,45.08183],[9.41224,45.08355],[9.41256,45.07891],[9.40591,45.07286],[9.37082,45.04815],[9.3762,45.04167],[9.36945,45.02373],[9.37561,45.01992],[9.36587,45.00304],[9.35321,45.00102],[9.34545,44.99513],[9.33516,44.97374],[9.33755,44.96538],[9.32459,44.95605],[9.32182,44.9441],[9.31453,44.93682],[9.29058,44.93384],[9.28726,44.928],[9.29166,44.92089],[9.28871,44.90981],[9.27741,44.89561],[9.29283,44.89032],[9.29011,44.88221],[9.30869,44.8759],[9.32239,44.87974],[9.32668,44.87251],[9.34168,44.86981],[9.34832,44.83977],[9.3631,44.8224],[9.35419,44.81186],[9.32987,44.79999],[9.32153,44.80003],[9.31676,44.78395],[9.28697,44.7725],[9.28651,44.75868],[9.33258,44.73504],[9.32591,44.7231],[9.31258,44.7171],[9.30848,44.70563],[9.31701,44.69528],[9.32574,44.69209],[9.30668,44.68816],[9.29851,44.68101],[9.28302,44.68598],[9.25948,44.67995],[9.25394,44.69601],[9.23508,44.71636],[9.23205,44.70233],[9.24048,44.68831],[9.22379,44.68341],[9.20032,44.6864],[9.19979,44.67665],[9.20643,44.6602],[9.19999,44.6503],[9.19804,44.64984]],[[12.16976,43.80463],[12.17654,43.81054],[12.18708,43.80409],[12.21803,43.80279],[12.22506,43.80988],[12.23828,43.79955],[12.23581,43.78719],[12.21428,43.78351],[12.19935,43.77038],[12.18522,43.77482],[12.17011,43.80364],[12.16976,43.80463]]],[[[9.28968,44.70122],[9.30257,44.70326],[9.29107,44.70421],[9.28968,44.70122]]],[[[9.29863,44.69302],[9.30465,44.69579],[9.29867,44.69311],[9.29863,44.69302]]],[[[10.48032,44.18967],[10.48032,44.18979],[10.48032,44.18967]]]]}},{"type":"Feature","properties":{"cod_reg":"9","den_reg":"Toscana"},"geometry":{"type":"MultiPolygon","coordinates":[[[[9.6867,44.36594],[9.71115,44.36358],[9.72946,44.32833],[9.75311,44.32273],[9.76542,44.30433],[9.80604,44.28269],[9.81478,44.28621],[9.83533,44.27887],[9.83944,44.2721],[9.85266,44.27021],[9.86112,44.25121],[9.85703,44.23403],[9.87536,44.22394],[9.85755,44.19351],[9.86496,44.18071],[9.8743,44.19527],[9.89121,44.20781],[9.90785,44.21004],[9.91451,44.1996],[9.93401,44.19662],[9.92812,44.19561],[9.89295,44.1665],[9.89786,44.16359],[9.9202,44.16984],[9.92804,44.16625],[9.97403,44.16693],[9.97901,44.16103],[9.97641,44.15178],[9.97925,44.14617],[9.97523,44.13762],[9.9836,44.12476],[9.99535,44.11789],[9.99407,44.10576],[9.98345,44.09888],[9.99331,44.09268],[10.00381,44.10947],[10.02195,44.11962],[10.04738,44.11512],[10.05815,44.10805],[10.06926,44.098],[10.06887,44.08971],[10.06215,44.08013],[10.02869,44.05917],[10.01877,44.04448],[10.03528,44.03468],[10.06693,44.02666],[10.14792,43.97199],[10.20045,43.92181],[10.24392,43.86268],[10.23988,43.85305],[10.25789,43.8157],[10.2776,43.73752],[10.27656,43.71919],[10.2826,43.68642],[10.28024,43.68142],[10.26872,43.67676],[10.2856,43.64219],[10.29056,43.60156],[10.29948,43.57902],[10.2947,43.57486],[10.29664,43.56228],[10.3051,43.56652],[10.30358,43.5819],[10.30938,43.5711],[10.31993,43.58433],[10.3164,43.57359],[10.29536,43.55675],[10.30383,43.54503],[10.2925,43.54695],[10.31893,43.51031],[10.33003,43.48462],[10.33045,43.47384],[10.33982,43.46584],[10.35466,43.46377],[10.3791,43.44887],[10.39977,43.42234],[10.40737,43.40681],[10.4041,43.40173],[10.41747,43.40316],[10.42522,43.3998],[10.44147,43.36857],[10.44422,43.35491],[10.44894,43.35418],[10.45479,43.34464],[10.45519,43.32863],[10.45917,43.32188],[10.50205,43.2901],[10.52734,43.2349],[10.53858,43.1683],[10.53789,43.0942],[10.53181,43.05325],[10.52209,43.02064],[10.51077,43.01212],[10.50981,43.00685],[10.51606,42.99908],[10.50714,42.99068],[10.4947,42.9951],[10.483,42.98839],[10.48623,42.97879],[10.48387,42.96648],[10.49906,42.93595],[10.4953,42.93177],[10.51028,42.93283],[10.52118,42.92257],[10.5435,42.92075],[10.54656,42.92851],[10.5408,42.93669],[10.55505,42.94248],[10.56071,42.94116],[10.55927,42.93697],[10.56297,42.94368],[10.55975,42.94758],[10.54946,42.94599],[10.56121,42.95095],[10.59386,42.95428],[10.64999,42.95276],[10.71229,42.94001],[10.75263,42.92249],[10.77362,42.9088],[10.78662,42.88837],[10.76892,42.8692],[10.77582,42.84685],[10.7731,42.83201],[10.75944,42.80945],[10.73403,42.80136],[10.78467,42.77554],[10.80978,42.77491],[10.86964,42.76418],[10.91865,42.75104],[10.95155,42.73689],[10.9827,42.71311],[11.01357,42.65702],[11.08556,42.62654],[11.08844,42.61806],[11.0823,42.61346],[11.10484,42.59684],[11.10922,42.57923],[11.12272,42.55893],[11.13305,42.55279],[11.13903,42.56074],[11.15679,42.56277],[11.17942,42.53755],[11.19039,42.51744],[11.1923,42.49994],[11.18593,42.46848],[11.17279,42.44448],[11.1601,42.43435],[11.13211,42.43904],[11.12331,42.4345],[11.11216,42.44704],[11.10491,42.44757],[11.08973,42.42581],[11.08951,42.40822],[11.09807,42.39325],[11.1261,42.3864],[11.15104,42.36757],[11.17701,42.36838],[11.18332,42.36325],[11.18996,42.36364],[11.18784,42.37256],[11.19234,42.3799],[11.21325,42.38848],[11.20954,42.4004],[11.20553,42.40131],[11.2101,42.40843],[11.24353,42.41849],[11.27295,42.41862],[11.27878,42.41674],[11.28039,42.40828],[11.28986,42.40516],[11.29819,42.40815],[11.35223,42.40073],[11.44985,42.37754],[11.45303,42.38414],[11.44978,42.39404],[11.47649,42.41342],[11.48216,42.4201],[11.48103,42.4336],[11.48889,42.43937],[11.51658,42.43356],[11.54428,42.44216],[11.61771,42.43604],[11.61437,42.46187],[11.62003,42.47472],[11.61617,42.48863],[11.59524,42.49559],[11.58023,42.50891],[11.56734,42.50992],[11.56124,42.51729],[11.56883,42.53383],[11.58435,42.54275],[11.57856,42.56621],[11.5886,42.57107],[11.59936,42.57017],[11.61619,42.55987],[11.62611,42.56943],[11.63605,42.56493],[11.64337,42.56635],[11.65782,42.57705],[11.68146,42.58133],[11.68594,42.58531],[11.67912,42.59484],[11.70019,42.601],[11.71111,42.61091],[11.73597,42.60666],[11.75183,42.6256],[11.74976,42.63965],[11.78089,42.63468],[11.80478,42.644],[11.80928,42.65295],[11.80841,42.65975],[11.80008,42.6685],[11.78516,42.67219],[11.77996,42.70535],[11.80156,42.70719],[11.80936,42.73388],[11.81866,42.74577],[11.81344,42.74592],[11.80913,42.75319],[11.77942,42.75802],[11.76439,42.77791],[11.74602,42.78576],[11.75335,42.80224],[11.76857,42.81541],[11.7685,42.81996],[11.77647,42.82004],[11.78639,42.81629],[11.80685,42.79486],[11.81143,42.79914],[11.81457,42.82335],[11.83447,42.82864],[11.84939,42.83875],[11.8696,42.83404],[11.89459,42.83429],[11.89189,42.84288],[11.9133,42.85063],[11.92902,42.86929],[11.95866,42.87106],[11.9588,42.89156],[11.95208,42.90099],[11.93673,42.90346],[11.93272,42.9085],[11.93952,42.93673],[11.95208,42.9497],[11.94952,42.97653],[11.95465,42.97951],[11.97196,43.02196],[11.97239,43.03534],[11.9824,43.05095],[11.97312,43.06364],[11.95659,43.06868],[11.95037,43.06441],[11.94818,43.05571],[11.94007,43.05328],[11.92364,43.07467],[11.93121,43.09092],[11.91577,43.12452],[11.92498,43.14925],[11.98785,43.18083],[12.00642,43.18053],[12.02274,43.18627],[12.03965,43.22899],[12.03396,43.2467],[12.0489,43.25311],[12.09237,43.23591],[12.12105,43.25495],[12.14858,43.25462],[12.17471,43.27309],[12.20865,43.28196],[12.22389,43.2958],[12.19382,43.31307],[12.18316,43.30084],[12.18522,43.29438],[12.17704,43.28178],[12.13252,43.29307],[12.12584,43.3068],[12.13385,43.31592],[12.13546,43.34171],[12.12482,43.35801],[12.10257,43.37245],[12.09342,43.36642],[12.077,43.36583],[12.07303,43.37042],[12.07278,43.38126],[12.07731,43.40214],[12.07023,43.4049],[12.05271,43.39761],[12.03294,43.40022],[12.02521,43.41557],[12.03214,43.42371],[12.05191,43.43073],[12.05688,43.43825],[12.08136,43.43405],[12.09993,43.44787],[12.10403,43.46045],[12.14324,43.47029],[12.14483,43.47957],[12.09509,43.49916],[12.09089,43.51123],[12.10273,43.52993],[12.1257,43.52989],[12.1421,43.53577],[12.15324,43.52871],[12.16266,43.56137],[12.18462,43.58405],[12.19437,43.58875],[12.20036,43.60402],[12.21383,43.61089],[12.20991,43.62103],[12.18967,43.63288],[12.18551,43.64183],[12.1947,43.64372],[12.20369,43.65174],[12.22014,43.65071],[12.23266,43.6556],[12.24948,43.66893],[12.25101,43.67372],[12.24507,43.68148],[12.27439,43.67671],[12.2973,43.68678],[12.30577,43.69794],[12.30544,43.71309],[12.30095,43.71998],[12.30832,43.73018],[12.31354,43.71894],[12.31402,43.70082],[12.32137,43.6934],[12.31572,43.67792],[12.33117,43.67355],[12.33605,43.67764],[12.33049,43.70797],[12.3457,43.70899],[12.35732,43.70202],[12.37132,43.70902],[12.36819,43.7151],[12.33747,43.73708],[12.32707,43.75101],[12.31709,43.75561],[12.30136,43.75601],[12.28378,43.76492],[12.25771,43.76054],[12.25466,43.7533],[12.24591,43.75119],[12.22899,43.75955],[12.20931,43.75707],[12.20717,43.74897],[12.19767,43.74481],[12.20056,43.74032],[12.19463,43.73192],[12.1765,43.74526],[12.16367,43.76236],[12.14202,43.75259],[12.12358,43.74915],[12.10744,43.75377],[12.07054,43.74073],[12.06459,43.74291],[12.0614,43.75302],[12.053,43.75697],[12.04092,43.75555],[12.00639,43.76652],[11.98651,43.76193],[11.95338,43.77609],[11.94782,43.79064],[11.91928,43.79366],[11.9131,43.79893],[11.90902,43.81242],[11.88717,43.80873],[11.86741,43.81691],[11.85537,43.81568],[11.84167,43.80802],[11.82342,43.81581],[11.78573,43.84702],[11.73202,43.86339],[11.72189,43.87438],[11.71017,43.87745],[11.70918,43.88858],[11.71844,43.92071],[11.68421,43.93513],[11.6822,43.93785],[11.6926,43.95324],[11.69088,43.95686],[11.654,43.97526],[11.64555,43.98985],[11.65015,44.00299],[11.66394,44.00555],[11.65652,44.01748],[11.68189,44.0212],[11.69491,44.03534],[11.6969,44.05249],[11.7365,44.08735],[11.74008,44.09935],[11.74888,44.10414],[11.75264,44.12139],[11.74418,44.12607],[11.70438,44.11977],[11.67881,44.12291],[11.67358,44.11338],[11.64843,44.09943],[11.63667,44.11164],[11.61471,44.11901],[11.59904,44.11859],[11.58457,44.11221],[11.58783,44.1237],[11.59729,44.12515],[11.60378,44.13648],[11.61671,44.14338],[11.61536,44.15825],[11.59011,44.16235],[11.57324,44.16065],[11.56517,44.16724],[11.55298,44.16574],[11.55267,44.15927],[11.54442,44.15253],[11.52892,44.15824],[11.51613,44.15755],[11.48949,44.17456],[11.48641,44.18283],[11.46783,44.18509],[11.44763,44.19949],[11.45347,44.21403],[11.4513,44.22057],[11.42107,44.23925],[11.39463,44.21921],[11.38055,44.2],[11.34281,44.20582],[11.32441,44.19464],[11.32262,44.18224],[11.31678,44.1773],[11.30753,44.17231],[11.2958,44.1724],[11.2981,44.16792],[11.28087,44.15603],[11.23929,44.15892],[11.21402,44.15015],[11.19573,44.15141],[11.19585,44.14354],[11.22275,44.12811],[11.25081,44.11588],[11.26023,44.11584],[11.26374,44.10433],[11.25157,44.10412],[11.24804,44.09757],[11.22835,44.10241],[11.2098,44.09887],[11.1592,44.11242],[11.13942,44.10781],[11.12764,44.10968],[11.08943,44.08995],[11.04943,44.09025],[11.04207,44.09589],[11.02767,44.09612],[11.00201,44.11089],[11.00742,44.12161],[11.01493,44.12521],[11.01431,44.13749],[11.00695,44.13855],[10.99604,44.13614],[10.99404,44.12956],[10.97857,44.12197],[10.95557,44.09032],[10.94473,44.08168],[10.92586,44.07307],[10.91825,44.06301],[10.9109,44.06246],[10.89952,44.0654],[10.90404,44.08426],[10.89208,44.09243],[10.86988,44.09989],[10.84866,44.09806],[10.84438,44.10939],[10.82888,44.11629],[10.81915,44.11245],[10.80411,44.11862],[10.79668,44.1274],[10.77326,44.13466],[10.75768,44.15262],[10.7433,44.15642],[10.69399,44.15765],[10.66162,44.15402],[10.64121,44.15984],[10.63372,44.14643],[10.62452,44.14138],[10.62406,44.12037],[10.60509,44.11469],[10.58955,44.11682],[10.57751,44.1319],[10.52512,44.15624],[10.5197,44.16719],[10.52294,44.17484],[10.51001,44.18691],[10.49025,44.19655],[10.48522,44.2045],[10.49299,44.21658],[10.48461,44.22283],[10.47292,44.22406],[10.46494,44.23114],[10.43026,44.22743],[10.41403,44.23584],[10.4074,44.24931],[10.37272,44.26973],[10.34276,44.26963],[10.31897,44.27558],[10.30712,44.28432],[10.29662,44.28546],[10.25386,44.26858],[10.23703,44.28165],[10.22626,44.29997],[10.21814,44.30469],[10.20931,44.30189],[10.20169,44.31238],[10.18961,44.31431],[10.1853,44.32148],[10.16791,44.32991],[10.16195,44.34348],[10.14496,44.35301],[10.11979,44.35339],[10.09827,44.34629],[10.05703,44.37157],[10.0217,44.38293],[9.98928,44.40433],[10.00685,44.43038],[10.00102,44.44325],[9.99604,44.44696],[9.98067,44.44504],[9.97145,44.45219],[9.97071,44.46444],[9.96211,44.46707],[9.92431,44.47237],[9.90923,44.46796],[9.89996,44.4727],[9.81994,44.46642],[9.81585,44.46179],[9.81673,44.45205],[9.79824,44.44314],[9.76306,44.40811],[9.75646,44.40617],[9.75335,44.39768],[9.76048,44.39005],[9.74385,44.38948],[9.74405,44.38243],[9.73333,44.37949],[9.7169,44.38317],[9.68746,44.36712],[9.6867,44.36594]],[[10.48032,44.18967],[10.48041,44.1895],[10.48032,44.18967]]],[[[9.79128,43.02316],[9.80114,43.00701],[9.81008,43.00229],[9.84183,43.02915],[9.84697,43.04578],[9.84403,43.05159],[9.83832,43.0521],[9.8357,43.06567],[9.82565,43.07272],[9.80028,43.05312],[9.8001,43.0357],[9.79129,43.02342],[9.79128,43.02316]]],[[[9.79599,43.03206],[9.79601,43.03214],[9.79599,43.03206]]],[[[9.88866,43.42566],[9.90045,43.42022],[9.90771,43.4256],[9.90851,43.43503],[9.90149,43.43953],[9.90138,43.43572],[9.89249,43.43627],[9.88905,43.42818],[9.88866,43.42566]]],[[[10.04554,42.58194],[10.05213,42.57387],[10.06658,42.57547],[10.06771,42.57181],[10.09047,42.56754],[10.09849,42.57448],[10.09905,42.58931],[10.08627,42.60191],[10.08806,42.61447],[10.07948,42.61934],[10.08277,42.60342],[10.07398,42.59093],[10.06398,42.58684],[10.05338,42.58882],[10.04554,42.58307],[10.04554,42.58194]]],[[[10.06402,42.35884],[10.06403,42.35904],[10.06402,42.35884]]],[[[10.07941,42.62178],[10.07941,42.62184],[10.07941,42.62178]]],[[[10.10305,42.7822],[10.10556,42.76261],[10.11353,42.75725],[10.11958,42.7455],[10.13829,42.732],[10.1569,42.72882],[10.18341,42.73579],[10.20289,42.73582],[10.23679,42.72604],[10.24051,42.72768],[10.24081,42.73298],[10.23457,42.73682],[10.239,42.74882],[10.26537,42.74474],[10.27126,42.73761],[10.28703,42.73562],[10.29084,42.75284],[10.30271,42.75974],[10.31246,42.75778],[10.31401,42.74444],[10.31951,42.73602],[10.32576,42.74402],[10.31818,42.75997],[10.3424,42.7642],[10.35815,42.75833],[10.35824,42.74924],[10.38272,42.71498],[10.39317,42.71238],[10.41116,42.71635],[10.42204,42.70764],[10.43488,42.7182],[10.43301,42.73173],[10.4231,42.74132],[10.40834,42.74577],[10.40836,42.75294],[10.4024,42.75699],[10.38571,42.75935],[10.43039,42.77475],[10.43347,42.78416],[10.42852,42.81606],[10.44388,42.84679],[10.42162,42.85945],[10.41233,42.87325],[10.39036,42.85128],[10.38549,42.83325],[10.36762,42.81733],[10.36003,42.81773],[10.35835,42.81312],[10.36292,42.81048],[10.35743,42.79933],[10.34105,42.79652],[10.31737,42.80464],[10.31503,42.80955],[10.3244,42.81392],[10.33148,42.81202],[10.33296,42.81738],[10.2954,42.81874],[10.26315,42.83009],[10.26032,42.82723],[10.27532,42.81846],[10.26941,42.80346],[10.26135,42.79785],[10.25723,42.80104],[10.24757,42.79897],[10.24895,42.79115],[10.24186,42.78739],[10.21983,42.79296],[10.20604,42.8071],[10.18603,42.81224],[10.17047,42.80609],[10.13992,42.80931],[10.10939,42.79459],[10.10307,42.78338],[10.10305,42.7822]]],[[[10.10536,42.58399],[10.10537,42.58421],[10.10536,42.58399]]],[[[10.21877,43.54816],[10.21895,43.5484],[10.21877,43.54816]]],[[[10.2886,42.32646],[10.29306,42.31758],[10.30461,42.31408],[10.32615,42.3192],[10.33179,42.32473],[10.3284,42.34195],[10.31347,42.351],[10.29356,42.34721],[10.28871,42.3277],[10.2886,42.32646]]],[[[10.31898,42.73416],[10.31913,42.73471],[10.31898,42.73416]]],[[[10.32991,42.8281],[10.32993,42.82816],[10.32991,42.8281]]],[[[10.36064,42.71363],[10.3607,42.71376],[10.36064,42.71363]]],[[[10.3609,42.71318],[10.36095,42.71329],[10.3609,42.71318]]],[[[10.37198,42.71753],[10.37203,42.71757],[10.37198,42.71753]]],[[[10.37302,42.71889],[10.37317,42.71896],[10.37302,42.71889]]],[[[10.37313,42.71616],[10.3732,42.71642],[10.37313,42.71616]]],[[[10.40603,42.71325],[10.40606,42.71336],[10.40603,42.71325]]],[[[10.41272,42.7099],[10.41277,42.70997],[10.41272,42.7099]]],[[[10.4225,42.87094],[10.4226,42.87107],[10.4225,42.87094]]],[[[10.47243,42.86582],[10.47661,42.86667],[10.4725,42.86621],[10.47243,42.86582]]],[[[10.47478,42.86819],[10.47496,42.86849],[10.47478,42.86819]]],[[[10.54582,42.85785],[10.54821,42.85634],[10.54798,42.86042],[10.54582,42.85785]]],[[[10.71145,42.79787],[10.71145,42.79795],[10.71145,42.79787]]],[[[10.86498,42.36395],[10.86657,42.35436],[10.88242,42.35186],[10.89967,42.3304],[10.91848,42.31745],[10.92926,42.32553],[10.93136,42.33825],[10.92252,42.34386],[10.92039,42.35176],[10.92468,42.35531],[10.90417,42.38312],[10.88896,42.38959],[10.88017,42.38883],[10.88391,42.37542],[10.88159,42.36762],[10.87491,42.3653],[10.8673,42.36933],[10.86498,42.36395]]],[[[10.88024,42.57728],[10.8843,42.5755],[10.88024,42.57743],[10.88024,42.57728]]],[[[10.8822,42.34977],[10.88225,42.34984],[10.8822,42.34977]]],[[[10.89444,42.56403],[10.89444,42.56442],[10.89444,42.56403]]],[[[10.90036,42.55636],[10.90041,42.5564],[10.90036,42.55636]]],[[[10.92838,42.35609],[10.92853,42.35634],[10.92838,42.35609]]],[[[11.08023,42.41818],[11.08039,42.41842],[11.08023,42.41818]]],[[[11.09196,42.25295],[11.09834,42.2417],[11.10971,42.23814],[11.11196,42.2431],[11.10252,42.24612],[11.10318,42.25054],[11.10857,42.25547],[11.11749,42.25383],[11.10968,42.26361],[11.09267,42.254],[11.09196,42.25295]]],[[[11.12954,42.37768],[11.12957,42.37771],[11.12954,42.37768]]],[[[11.20911,42.38188],[11.21394,42.37943],[11.20919,42.3825],[11.20911,42.38188]]],[[[12.16976,43.80463],[12.18522,43.77482],[12.19935,43.77038],[12.21428,43.78351],[12.23581,43.78719],[12.23828,43.79955],[12.22506,43.80988],[12.21803,43.80279],[12.18708,43.80409],[12.17654,43.81054],[12.1698,43.80534],[12.16976,43.80463]]]]}},{"type":"Feature","properties":{"cod_reg":"10","den_reg":"Umbria"},"geometry":{"type":"MultiPolygon","coordinates":[[[[11.89189,42.84288],[11.89497,42.83467],[11.90517,42.82869],[11.92743,42.78092],[11.97948,42.76459],[11.98187,42.75358],[11.97412,42.74938],[11.96873,42.73458],[11.9301,42.71295],[11.9262,42.70386],[11.94876,42.69601],[11.94133,42.6833],[11.97798,42.67553],[12.00708,42.66245],[12.02979,42.65042],[12.03,42.64324],[12.03973,42.64897],[12.07372,42.65667],[12.09451,42.65549],[12.10673,42.66467],[12.1172,42.65097],[12.12406,42.64929],[12.13233,42.66167],[12.14077,42.6563],[12.14703,42.65934],[12.16101,42.67691],[12.17622,42.67266],[12.18907,42.66213],[12.20434,42.66046],[12.22692,42.64348],[12.22565,42.63555],[12.24292,42.62907],[12.22914,42.61109],[12.24626,42.60256],[12.24756,42.59669],[12.2408,42.59733],[12.24221,42.59173],[12.23585,42.58331],[12.23866,42.57218],[12.26182,42.55999],[12.27504,42.55991],[12.27855,42.54156],[12.27312,42.54039],[12.2737,42.53656],[12.26661,42.53653],[12.26676,42.53347],[12.27445,42.52388],[12.29027,42.51904],[12.2755,42.516],[12.27477,42.50921],[12.27923,42.5065],[12.29035,42.51061],[12.30735,42.4973],[12.30298,42.49132],[12.29762,42.4949],[12.28951,42.49471],[12.29041,42.49164],[12.29956,42.48753],[12.31415,42.48788],[12.32537,42.49476],[12.34483,42.48494],[12.35123,42.47365],[12.37417,42.48113],[12.39185,42.49876],[12.40352,42.49996],[12.42139,42.49253],[12.42783,42.48694],[12.41285,42.47878],[12.41244,42.46756],[12.42754,42.46534],[12.43038,42.45802],[12.41368,42.45517],[12.41141,42.4451],[12.41946,42.43647],[12.41365,42.4256],[12.42227,42.4216],[12.439,42.42642],[12.44887,42.42371],[12.4636,42.42909],[12.46732,42.4204],[12.46079,42.41566],[12.45826,42.4039],[12.44469,42.39882],[12.45144,42.39621],[12.46626,42.39489],[12.48032,42.40405],[12.49158,42.39743],[12.51113,42.40357],[12.51604,42.39916],[12.51286,42.37936],[12.51894,42.36751],[12.52611,42.36418],[12.54894,42.38233],[12.56921,42.38285],[12.60607,42.40353],[12.60539,42.40753],[12.61489,42.41448],[12.61196,42.43625],[12.61951,42.45191],[12.61898,42.46111],[12.61405,42.4641],[12.62097,42.46846],[12.64108,42.4678],[12.64986,42.44309],[12.67465,42.44242],[12.69478,42.45244],[12.70278,42.4609],[12.71055,42.4635],[12.72469,42.46041],[12.74157,42.47053],[12.72043,42.48549],[12.71113,42.5008],[12.72759,42.50914],[12.74577,42.50787],[12.77354,42.51309],[12.7732,42.53128],[12.80862,42.53589],[12.81804,42.53294],[12.84783,42.5528],[12.89273,42.5635],[12.89419,42.57759],[12.8792,42.6009],[12.88052,42.60935],[12.88962,42.61351],[12.89634,42.61644],[12.93012,42.60288],[12.93745,42.61536],[12.9525,42.61893],[13.01122,42.61711],[13.01506,42.62088],[13.01427,42.63037],[13.02428,42.63904],[13.03098,42.63738],[13.03573,42.628],[13.06196,42.6231],[13.10904,42.64189],[13.11759,42.65013],[13.11819,42.65765],[13.12995,42.65966],[13.14477,42.64608],[13.15409,42.65069],[13.17355,42.66537],[13.17982,42.67759],[13.18022,42.68352],[13.17333,42.68731],[13.19054,42.70992],[13.18767,42.73564],[13.19892,42.74805],[13.19889,42.75406],[13.21764,42.77202],[13.23461,42.77309],[13.23853,42.76095],[13.24136,42.7628],[13.25103,42.78919],[13.26421,42.80928],[13.2553,42.82258],[13.24352,42.85866],[13.23525,42.8677],[13.23129,42.85433],[13.221,42.85075],[13.21225,42.84171],[13.16087,42.8319],[13.15456,42.83462],[13.11225,42.88933],[13.07264,42.90365],[13.05441,42.92018],[13.02495,42.90257],[13.00928,42.90303],[13.00084,42.90839],[12.99559,42.90248],[13.0022,42.89313],[12.99009,42.87087],[12.97615,42.8698],[12.97528,42.8865],[12.96839,42.90068],[12.9767,42.9261],[12.94933,42.92996],[12.94805,42.94147],[12.93478,42.94545],[12.92717,42.9541],[12.91622,42.95349],[12.89582,42.96459],[12.90823,42.98531],[12.88796,43.0098],[12.90671,43.0354],[12.89305,43.04631],[12.88993,43.05888],[12.89733,43.09348],[12.89218,43.09271],[12.88503,43.09964],[12.88131,43.12121],[12.8613,43.12533],[12.843,43.12234],[12.82965,43.14551],[12.85152,43.15368],[12.86249,43.16597],[12.86818,43.18845],[12.86539,43.20606],[12.86234,43.21125],[12.85058,43.20994],[12.8366,43.21753],[12.8372,43.22518],[12.82814,43.23528],[12.82558,43.24897],[12.82825,43.26059],[12.82476,43.26657],[12.80601,43.27069],[12.78898,43.28323],[12.80099,43.29479],[12.79873,43.32504],[12.793,43.33556],[12.77308,43.35031],[12.77006,43.35996],[12.75934,43.36435],[12.75817,43.37272],[12.74905,43.37881],[12.74681,43.39045],[12.7521,43.39577],[12.77443,43.40197],[12.78103,43.41495],[12.76556,43.42712],[12.76631,43.4454],[12.77644,43.45052],[12.7712,43.45734],[12.75553,43.45912],[12.74635,43.46465],[12.73576,43.46375],[12.71527,43.44609],[12.70886,43.42468],[12.66318,43.43683],[12.63731,43.4315],[12.6194,43.41657],[12.62286,43.42124],[12.61958,43.42703],[12.56496,43.45929],[12.52418,43.49616],[12.51713,43.50886],[12.49981,43.52146],[12.48053,43.52745],[12.47431,43.51786],[12.45922,43.51646],[12.43737,43.53855],[12.41794,43.53489],[12.40298,43.51987],[12.40021,43.50977],[12.39482,43.50884],[12.38507,43.51233],[12.3834,43.51672],[12.38734,43.52135],[12.36674,43.53409],[12.35012,43.52183],[12.33318,43.52358],[12.31276,43.5442],[12.31979,43.55317],[12.34403,43.55286],[12.3735,43.58429],[12.36131,43.59654],[12.3617,43.60196],[12.3713,43.61117],[12.35612,43.61734],[12.35116,43.61148],[12.31347,43.6022],[12.30703,43.59028],[12.29954,43.58587],[12.29241,43.58649],[12.29458,43.59326],[12.28779,43.59463],[12.26788,43.59386],[12.26146,43.5889],[12.22528,43.59392],[12.21383,43.61089],[12.20318,43.60618],[12.19595,43.59913],[12.19437,43.58875],[12.18462,43.58405],[12.16266,43.56137],[12.15324,43.52871],[12.1421,43.53577],[12.1257,43.52989],[12.10273,43.52993],[12.0922,43.5146],[12.0925,43.50107],[12.11721,43.49224],[12.13096,43.48264],[12.14118,43.48186],[12.14483,43.47957],[12.14324,43.47029],[12.10403,43.46045],[12.09993,43.44787],[12.08136,43.43405],[12.05688,43.43825],[12.05191,43.43073],[12.03214,43.42371],[12.02521,43.41557],[12.03294,43.40022],[12.05271,43.39761],[12.07023,43.4049],[12.07731,43.40214],[12.07278,43.38126],[12.07303,43.37042],[12.077,43.36583],[12.09342,43.36642],[12.10257,43.37245],[12.12482,43.35801],[12.13546,43.34171],[12.13385,43.31592],[12.12584,43.3068],[12.13252,43.29307],[12.17704,43.28178],[12.18522,43.29438],[12.18316,43.30084],[12.19382,43.31307],[12.22389,43.2958],[12.20865,43.28196],[12.17471,43.27309],[12.14858,43.25462],[12.12105,43.25495],[12.09237,43.23591],[12.0489,43.25311],[12.03396,43.2467],[12.03965,43.22899],[12.02274,43.18627],[12.00642,43.18053],[11.98785,43.18083],[11.92498,43.14925],[11.91577,43.12452],[11.93121,43.09092],[11.92364,43.07467],[11.94007,43.05328],[11.94818,43.05571],[11.95037,43.06441],[11.95659,43.06868],[11.97369,43.06324],[11.98242,43.04997],[11.97239,43.03534],[11.97196,43.02196],[11.95465,42.97951],[11.94952,42.97653],[11.95208,42.9497],[11.93952,42.93673],[11.93272,42.9085],[11.93673,42.90346],[11.95208,42.90099],[11.9588,42.89156],[11.95866,42.87106],[11.92902,42.86929],[11.9133,42.85063],[11.89219,42.84311],[11.89189,42.84288]]],[[[12.40781,43.60214],[12.42507,43.59173],[12.43343,43.5927],[12.43482,43.59949],[12.4255,43.60901],[12.41721,43.60857],[12.41177,43.60351],[12.40781,43.60214]]]]}},{"type":"Feature","properties":{"cod_reg":"11","den_reg":"Marche"},"geometry":{"type":"MultiPolygon","coordinates":[[[[12.18545,43.6411],[12.18967,43.63288],[12.20991,43.62103],[12.22528,43.59392],[12.26146,43.5889],[12.26788,43.59386],[12.28779,43.59463],[12.29458,43.59326],[12.29241,43.58649],[12.29954,43.58587],[12.30703,43.59028],[12.31347,43.6022],[12.35116,43.61148],[12.35473,43.61729],[12.3713,43.61117],[12.3617,43.60196],[12.36131,43.59654],[12.3735,43.58429],[12.37029,43.5794],[12.36131,43.5742],[12.34403,43.55286],[12.32025,43.55329],[12.31453,43.54817],[12.31291,43.5431],[12.3318,43.5245],[12.35012,43.52183],[12.36674,43.53409],[12.38734,43.52135],[12.3834,43.51672],[12.38507,43.51233],[12.39482,43.50884],[12.40021,43.50977],[12.40298,43.51987],[12.41794,43.53489],[12.43737,43.53855],[12.45922,43.51646],[12.47431,43.51786],[12.48053,43.52745],[12.49981,43.52146],[12.51713,43.50886],[12.52418,43.49616],[12.56496,43.45929],[12.61958,43.42703],[12.62286,43.42124],[12.6194,43.41657],[12.63731,43.4315],[12.66318,43.43683],[12.70886,43.42468],[12.71527,43.44609],[12.73576,43.46375],[12.74635,43.46465],[12.75553,43.45912],[12.7712,43.45734],[12.77644,43.45052],[12.76631,43.4454],[12.76556,43.42712],[12.78103,43.41495],[12.77443,43.40197],[12.7521,43.39577],[12.74681,43.39045],[12.74905,43.37881],[12.75817,43.37272],[12.75934,43.36435],[12.77006,43.35996],[12.77308,43.35031],[12.793,43.33556],[12.79873,43.32504],[12.80099,43.29479],[12.78898,43.28323],[12.80601,43.27069],[12.82476,43.26657],[12.82825,43.26059],[12.82558,43.24897],[12.82814,43.23528],[12.8372,43.22518],[12.8366,43.21753],[12.85058,43.20994],[12.86234,43.21125],[12.86539,43.20606],[12.86818,43.18845],[12.86249,43.16597],[12.85152,43.15368],[12.82965,43.14551],[12.843,43.12234],[12.8613,43.12533],[12.88131,43.12121],[12.88503,43.09964],[12.89218,43.09271],[12.89733,43.09348],[12.88993,43.05888],[12.89305,43.04631],[12.90671,43.0354],[12.88796,43.0098],[12.90823,42.98531],[12.89582,42.96459],[12.91622,42.95349],[12.92717,42.9541],[12.93478,42.94545],[12.94805,42.94147],[12.94933,42.92996],[12.9767,42.9261],[12.96839,42.90068],[12.97528,42.8865],[12.97615,42.8698],[12.99009,42.87087],[13.0022,42.89313],[12.99559,42.90248],[13.00084,42.90839],[13.00928,42.90303],[13.02495,42.90257],[13.05441,42.92018],[13.07264,42.90365],[13.11225,42.88933],[13.15456,42.83462],[13.16087,42.8319],[13.21184,42.84152],[13.221,42.85075],[13.23129,42.85433],[13.23592,42.86725],[13.24773,42.84997],[13.2553,42.82258],[13.26269,42.81587],[13.26403,42.80824],[13.25103,42.78919],[13.24136,42.7628],[13.23853,42.76095],[13.23461,42.77309],[13.21719,42.77186],[13.20559,42.76347],[13.18773,42.73354],[13.20188,42.73424],[13.25415,42.72145],[13.2645,42.74018],[13.28628,42.74041],[13.29365,42.73107],[13.31886,42.72273],[13.34194,42.70147],[13.35776,42.6941],[13.37458,42.69376],[13.3926,42.68738],[13.4274,42.70643],[13.43757,42.6992],[13.44116,42.70366],[13.43769,42.71694],[13.44799,42.73222],[13.46427,42.73479],[13.48124,42.73156],[13.49344,42.73662],[13.50463,42.74761],[13.50421,42.77474],[13.52973,42.79599],[13.53448,42.81664],[13.54365,42.81695],[13.55503,42.8044],[13.57225,42.80037],[13.58869,42.80739],[13.60152,42.80636],[13.6244,42.81654],[13.62836,42.815],[13.62877,42.80694],[13.63552,42.8033],[13.6636,42.80713],[13.6993,42.82262],[13.71088,42.84336],[13.70661,42.84932],[13.72248,42.85535],[13.77796,42.86045],[13.80405,42.86865],[13.81932,42.87891],[13.87487,42.88886],[13.87686,42.89471],[13.88017,42.89093],[13.91621,42.89459],[13.88148,42.96413],[13.8526,43.05454],[13.84318,43.10284],[13.81734,43.14638],[13.81117,43.16333],[13.81366,43.16894],[13.81043,43.1635],[13.80504,43.17051],[13.79069,43.199],[13.77903,43.23477],[13.74974,43.28111],[13.73591,43.3078],[13.73559,43.31574],[13.73341,43.31033],[13.72728,43.31387],[13.70963,43.33725],[13.66979,43.42587],[13.62387,43.50222],[13.62085,43.5316],[13.62705,43.53995],[13.62554,43.55033],[13.59401,43.56565],[13.57587,43.56881],[13.56889,43.57623],[13.56556,43.58913],[13.55329,43.60216],[13.5385,43.6105],[13.53151,43.61961],[13.50687,43.6305],[13.49786,43.63111],[13.50913,43.6221],[13.50393,43.61514],[13.49525,43.62254],[13.48929,43.61568],[13.49357,43.61314],[13.48159,43.60681],[13.45402,43.61051],[13.41382,43.62372],[13.37542,43.64398],[13.35446,43.64837],[13.28619,43.67918],[13.12001,43.78265],[13.06246,43.82495],[12.98632,43.86534],[12.90733,43.923],[12.89168,43.92353],[12.79759,43.96517],[12.75062,43.96854],[12.75564,43.96195],[12.72791,43.92418],[12.73005,43.91311],[12.72712,43.9117],[12.73483,43.89602],[12.72265,43.88057],[12.73399,43.87026],[12.72363,43.86124],[12.70087,43.85857],[12.69666,43.85268],[12.68246,43.85287],[12.67856,43.83904],[12.68132,43.82807],[12.66994,43.82328],[12.64446,43.82689],[12.62327,43.82115],[12.61002,43.8339],[12.6189,43.84263],[12.61586,43.84647],[12.60559,43.84526],[12.601,43.85051],[12.60256,43.86343],[12.58936,43.86525],[12.59302,43.87316],[12.58949,43.88565],[12.5659,43.88224],[12.56245,43.86982],[12.54169,43.86403],[12.51912,43.87514],[12.51817,43.88104],[12.49934,43.8736],[12.48794,43.88422],[12.4874,43.89647],[12.46239,43.89377],[12.45776,43.88011],[12.44569,43.87081],[12.40457,43.87639],[12.40061,43.87277],[12.40361,43.87045],[12.39746,43.86739],[12.39095,43.845],[12.39854,43.82636],[12.38718,43.81549],[12.36857,43.81289],[12.34979,43.7996],[12.31589,43.80564],[12.3018,43.79786],[12.28485,43.79479],[12.28277,43.7897],[12.289,43.78577],[12.28378,43.76492],[12.30136,43.75601],[12.31709,43.75561],[12.32707,43.75101],[12.33747,43.73708],[12.36819,43.7151],[12.36948,43.70656],[12.35732,43.70202],[12.3457,43.70899],[12.33049,43.70797],[12.33605,43.67764],[12.33117,43.67355],[12.31572,43.67792],[12.32137,43.6934],[12.31402,43.70082],[12.31354,43.71894],[12.30832,43.73018],[12.30095,43.71998],[12.30544,43.71309],[12.30577,43.69794],[12.2973,43.68678],[12.27439,43.67671],[12.24507,43.68148],[12.25101,43.67372],[12.24948,43.66893],[12.23266,43.6556],[12.22014,43.65071],[12.20369,43.65174],[12.1947,43.64372],[12.18551,43.64183],[12.18545,43.6411]],[[12.40781,43.60214],[12.42415,43.60943],[12.43482,43.59949],[12.4303,43.59125],[12.41799,43.59837],[12.40781,43.60214]]]]}},{"type":"Feature","properties":{"cod_reg":"12","den_reg":"Lazio"},"geometry":{"type":"MultiPolygon","coordinates":[[[[11.44937,42.39256],[11.45303,42.38414],[11.44985,42.37754],[11.56241,42.33505],[11.63194,42.2952],[11.66373,42.2692],[11.67999,42.24674],[11.69689,42.23229],[11.72068,42.19042],[11.73934,42.17087],[11.73377,42.15806],[11.74344,42.14878],[11.74548,42.13802],[11.75834,42.12423],[11.76802,42.12017],[11.76722,42.11364],[11.77511,42.10149],[11.77818,42.10308],[11.7905,42.09154],[11.78724,42.08944],[11.76931,42.10158],[11.77854,42.09322],[11.80677,42.08041],[11.81446,42.06039],[11.80955,42.06644],[11.80971,42.06283],[11.81892,42.05612],[11.83489,42.02877],[11.88733,42.03914],[11.91555,42.03932],[11.96389,42.01426],[11.97677,41.99799],[12.01397,41.98843],[12.03554,41.97319],[12.04308,41.96192],[12.09252,41.93573],[12.12092,41.92831],[12.14061,41.91545],[12.17436,41.87697],[12.20206,41.83273],[12.22422,41.78189],[12.2205,41.76923],[12.2291,41.75121],[12.2244,41.74456],[12.21933,41.75137],[12.22237,41.74395],[12.23112,41.74081],[12.25632,41.74616],[12.23422,41.74057],[12.28777,41.72418],[12.35342,41.69485],[12.43956,41.6384],[12.55278,41.53404],[12.60651,41.46914],[12.61804,41.44642],[12.62259,41.44392],[12.65816,41.45604],[12.68502,41.45282],[12.71315,41.44104],[12.76132,41.4121],[12.78243,41.41788],[12.84084,41.41434],[12.90088,41.39166],[12.94761,41.36358],[12.98537,41.32954],[13.01954,41.28209],[13.03589,41.24748],[13.03364,41.24098],[13.04555,41.22679],[13.06826,41.22172],[13.09365,41.22529],[13.10416,41.24006],[13.11574,41.24792],[13.17185,41.27514],[13.20995,41.28359],[13.2513,41.28325],[13.26605,41.29448],[13.28128,41.29715],[13.32209,41.29381],[13.37449,41.2813],[13.44418,41.25302],[13.47016,41.23745],[13.48491,41.23806],[13.50121,41.22769],[13.52416,41.2225],[13.54413,41.21006],[13.55966,41.21064],[13.57057,41.20443],[13.59125,41.20915],[13.5718,41.21528],[13.56842,41.22955],[13.57385,41.24019],[13.6176,41.25969],[13.65127,41.2571],[13.68195,41.24413],[13.70596,41.25371],[13.76211,41.2226],[13.77198,41.24211],[13.81925,41.24646],[13.83353,41.2522],[13.84012,41.26254],[13.82963,41.2706],[13.82843,41.28103],[13.8357,41.28039],[13.85233,41.29072],[13.88234,41.29094],[13.88974,41.29748],[13.89481,41.31164],[13.87368,41.33562],[13.87801,41.34065],[13.8718,41.35782],[13.87767,41.36064],[13.87214,41.36623],[13.87386,41.3753],[13.88632,41.38444],[13.87558,41.3961],[13.8886,41.40081],[13.86925,41.40497],[13.86301,41.4095],[13.86123,41.41763],[13.87776,41.42575],[13.91086,41.42868],[13.95656,41.45737],[13.96123,41.46394],[13.97791,41.46249],[13.99278,41.48208],[13.97291,41.49404],[13.99473,41.51292],[14.01268,41.51526],[14.01929,41.52186],[14.0275,41.52321],[14.00526,41.53875],[14.0207,41.54236],[14.026,41.55544],[14.02366,41.56103],[14.00754,41.56606],[13.99895,41.57448],[13.99781,41.57943],[14.01017,41.59256],[14.01113,41.60779],[13.99667,41.62414],[13.98829,41.65383],[13.96736,41.67403],[13.93247,41.69333],[13.91931,41.71786],[13.90446,41.71819],[13.89764,41.73213],[13.89171,41.73515],[13.88059,41.7283],[13.85645,41.73123],[13.82348,41.74088],[13.81161,41.75426],[13.78801,41.74344],[13.75294,41.75918],[13.74865,41.77359],[13.7303,41.78834],[13.72956,41.7989],[13.71706,41.79768],[13.70555,41.78747],[13.69271,41.79152],[13.68028,41.80432],[13.66289,41.81127],[13.64687,41.81025],[13.6373,41.80255],[13.64276,41.79218],[13.63127,41.78265],[13.5861,41.76643],[13.57182,41.7543],[13.56255,41.76117],[13.52044,41.77297],[13.52156,41.77981],[13.51124,41.78865],[13.50508,41.8016],[13.4697,41.80663],[13.45155,41.82282],[13.4169,41.83467],[13.40663,41.83753],[13.3963,41.83403],[13.39151,41.81979],[13.38052,41.81709],[13.36683,41.83307],[13.36728,41.86333],[13.35984,41.86938],[13.38399,41.90419],[13.36437,41.92475],[13.3455,41.92218],[13.33678,41.92664],[13.32262,41.94516],[13.30842,41.95306],[13.29826,41.95427],[13.29627,41.94861],[13.28722,41.94989],[13.26676,41.96617],[13.24284,41.97153],[13.23056,41.98214],[13.19908,41.9865],[13.1679,41.9986],[13.13995,42.01535],[13.10497,42.026],[13.09849,42.02616],[13.09661,42.02195],[13.10102,42.00799],[13.06483,42.01244],[13.04924,42.02353],[13.04648,42.03532],[13.02662,42.05003],[13.02565,42.06323],[13.01849,42.07494],[13.03283,42.10718],[13.03078,42.1221],[13.03814,42.11823],[13.05982,42.12295],[13.08484,42.1422],[13.08799,42.15585],[13.09348,42.16065],[13.08706,42.17787],[13.12342,42.17699],[13.16971,42.15071],[13.18328,42.15888],[13.19324,42.15823],[13.2057,42.14844],[13.22335,42.14334],[13.23723,42.12913],[13.24878,42.12743],[13.265,42.13679],[13.2849,42.13428],[13.30529,42.13826],[13.31748,42.15365],[13.32875,42.15492],[13.32272,42.16104],[13.32727,42.16386],[13.35457,42.16737],[13.34237,42.17681],[13.35396,42.17494],[13.37989,42.18045],[13.37279,42.18809],[13.35223,42.19128],[13.34147,42.19841],[13.33189,42.20818],[13.34107,42.2174],[13.33562,42.2224],[13.31994,42.22964],[13.29722,42.23108],[13.28137,42.23777],[13.27451,42.24363],[13.27124,42.25416],[13.25666,42.2648],[13.24256,42.26889],[13.23461,42.27787],[13.22863,42.28845],[13.22646,42.31933],[13.19135,42.33233],[13.17165,42.34873],[13.15335,42.35699],[13.1894,42.38111],[13.19416,42.38919],[13.1892,42.40022],[13.15517,42.41422],[13.12761,42.43998],[13.11617,42.44391],[13.13997,42.46272],[13.15405,42.46233],[13.17842,42.47934],[13.17141,42.48512],[13.17777,42.51264],[13.16054,42.52202],[13.1558,42.54005],[13.16507,42.53777],[13.17681,42.54732],[13.17427,42.56751],[13.19227,42.57797],[13.19136,42.58752],[13.22679,42.58284],[13.23403,42.5757],[13.24594,42.57271],[13.2538,42.58197],[13.28362,42.58252],[13.29328,42.56954],[13.3231,42.57975],[13.34282,42.5749],[13.38178,42.58101],[13.39401,42.59126],[13.389,42.60165],[13.39035,42.60849],[13.39689,42.61489],[13.39468,42.6217],[13.40677,42.62923],[13.40828,42.64286],[13.38181,42.64981],[13.36992,42.64897],[13.34772,42.6728],[13.35776,42.6941],[13.33752,42.70458],[13.31886,42.72273],[13.29365,42.73107],[13.28628,42.74041],[13.2645,42.74018],[13.25415,42.72145],[13.20188,42.73424],[13.18921,42.73359],[13.187,42.7234],[13.19071,42.71044],[13.17333,42.68731],[13.18022,42.68352],[13.17414,42.66611],[13.14552,42.64618],[13.12907,42.65957],[13.11684,42.6571],[13.11759,42.65013],[13.10512,42.63966],[13.0633,42.62331],[13.03573,42.628],[13.03098,42.63738],[13.02428,42.63904],[13.01427,42.63037],[13.01435,42.61998],[13.00432,42.61524],[12.9525,42.61893],[12.93745,42.61536],[12.93012,42.60288],[12.89634,42.61644],[12.88052,42.60935],[12.8792,42.6009],[12.89419,42.57759],[12.89273,42.5635],[12.84783,42.5528],[12.81804,42.53294],[12.80862,42.53589],[12.7732,42.53128],[12.77354,42.51309],[12.74577,42.50787],[12.72759,42.50914],[12.71113,42.5008],[12.72043,42.48549],[12.74157,42.47053],[12.72469,42.46041],[12.71055,42.4635],[12.70278,42.4609],[12.69478,42.45244],[12.67465,42.44242],[12.64986,42.44309],[12.64108,42.4678],[12.62097,42.46846],[12.61405,42.4641],[12.61898,42.46111],[12.61951,42.45191],[12.61196,42.43625],[12.61489,42.41448],[12.60539,42.40753],[12.60607,42.40353],[12.56921,42.38285],[12.54894,42.38233],[12.52611,42.36418],[12.51894,42.36751],[12.51286,42.37936],[12.51604,42.39916],[12.51113,42.40357],[12.49158,42.39743],[12.48032,42.40405],[12.46626,42.39489],[12.45144,42.39621],[12.44469,42.39882],[12.45826,42.4039],[12.46079,42.41566],[12.46732,42.4204],[12.4636,42.42909],[12.44887,42.42371],[12.439,42.42642],[12.42227,42.4216],[12.41365,42.4256],[12.41946,42.43647],[12.41141,42.4451],[12.41368,42.45517],[12.43038,42.45802],[12.42754,42.46534],[12.41244,42.46756],[12.41285,42.47878],[12.42783,42.48694],[12.42139,42.49253],[12.40352,42.49996],[12.39185,42.49876],[12.37417,42.48113],[12.35123,42.47365],[12.34483,42.48494],[12.32537,42.49476],[12.31415,42.48788],[12.29956,42.48753],[12.29041,42.49164],[12.28951,42.49471],[12.29762,42.4949],[12.30298,42.49132],[12.30735,42.4973],[12.29035,42.51061],[12.27923,42.5065],[12.27477,42.50921],[12.2755,42.516],[12.29027,42.51904],[12.27445,42.52388],[12.26676,42.53347],[12.26661,42.53653],[12.2737,42.53656],[12.27312,42.54039],[12.27855,42.54156],[12.27504,42.55991],[12.26182,42.55999],[12.23866,42.57218],[12.23585,42.58331],[12.24221,42.59173],[12.2408,42.59733],[12.24756,42.59669],[12.24626,42.60256],[12.22914,42.61109],[12.24292,42.62907],[12.22565,42.63555],[12.22692,42.64348],[12.20434,42.66046],[12.18907,42.66213],[12.17622,42.67266],[12.16101,42.67691],[12.14703,42.65934],[12.14077,42.6563],[12.13233,42.66167],[12.12406,42.64929],[12.1172,42.65097],[12.10673,42.66467],[12.09451,42.65549],[12.07372,42.65667],[12.03973,42.64897],[12.03,42.64324],[12.02979,42.65042],[12.00708,42.66245],[11.97798,42.67553],[11.94133,42.6833],[11.94876,42.69601],[11.9262,42.70386],[11.9301,42.71295],[11.96873,42.73458],[11.97412,42.74938],[11.98187,42.75358],[11.97948,42.76459],[11.92743,42.78092],[11.91683,42.80766],[11.90842,42.81577],[11.90183,42.83157],[11.84939,42.83875],[11.83447,42.82864],[11.8137,42.82267],[11.81143,42.79914],[11.80685,42.79486],[11.78639,42.81629],[11.7685,42.81996],[11.76857,42.81541],[11.75335,42.80224],[11.74602,42.78576],[11.76439,42.77791],[11.77942,42.75802],[11.80913,42.75319],[11.81344,42.74592],[11.81866,42.74577],[11.80936,42.73388],[11.80156,42.70719],[11.77996,42.70535],[11.78516,42.67219],[11.80008,42.6685],[11.80894,42.65867],[11.80478,42.644],[11.78089,42.63468],[11.74976,42.63965],[11.75183,42.6256],[11.73597,42.60666],[11.71111,42.61091],[11.70019,42.601],[11.67912,42.59484],[11.68594,42.58531],[11.68146,42.58133],[11.65782,42.57705],[11.64337,42.56635],[11.63605,42.56493],[11.62611,42.56943],[11.61619,42.55987],[11.59936,42.57017],[11.5886,42.57107],[11.57856,42.56621],[11.58435,42.54275],[11.56883,42.53383],[11.56124,42.51729],[11.56734,42.50992],[11.58023,42.50891],[11.59524,42.49559],[11.61617,42.48863],[11.62003,42.47472],[11.61437,42.46187],[11.61771,42.43604],[11.54428,42.44216],[11.51658,42.43356],[11.48889,42.43937],[11.48103,42.4336],[11.48193,42.41979],[11.44937,42.3929],[11.44937,42.39256]],[[12.44574,41.90196],[12.4505,41.90651],[12.45779,41.90579],[12.45662,41.90039],[12.44793,41.90101],[12.44574,41.90196]],[[12.64838,41.7468],[12.66039,41.73535],[12.65524,41.73434],[12.64841,41.74659],[12.64838,41.7468]]],[[[12.84635,40.92163],[12.84656,40.92198],[12.84635,40.92163]]],[[[12.84671,40.92323],[12.84947,40.9232],[12.84726,40.92492],[12.84671,40.92323]]],[[[12.8477,40.92167],[12.84851,40.92226],[12.8477,40.92167]]],[[[12.84967,40.94359],[12.8498,40.94372],[12.84967,40.94359]]],[[[12.84983,40.92913],[12.85163,40.92531],[12.86028,40.92974],[12.85933,40.94881],[12.85407,40.94938],[12.85654,40.94115],[12.84986,40.92928],[12.84983,40.92913]]],[[[12.85049,40.92109],[12.85052,40.92127],[12.85049,40.92109]]],[[[12.85186,40.94246],[12.85191,40.94264],[12.85186,40.94246]]],[[[12.94176,40.89741],[12.95349,40.89209],[12.94847,40.88718],[12.95344,40.88006],[12.96042,40.88218],[12.96673,40.89211],[12.95927,40.89636],[12.96739,40.92128],[12.99333,40.93456],[12.9821,40.93584],[12.96602,40.92821],[12.96952,40.92584],[12.96256,40.92041],[12.94909,40.91746],[12.94176,40.89741]]],[[[12.96452,40.88445],[12.96467,40.88522],[12.96452,40.88445]]],[[[12.96565,40.88327],[12.96575,40.88362],[12.96565,40.88327]]],[[[12.99686,40.93377],[13.00153,40.9333],[13.00354,40.93751],[12.99686,40.93381],[12.99686,40.93377]]],[[[13.04546,40.96838],[13.05018,40.9644],[13.06316,40.96718],[13.05766,40.97349],[13.04597,40.96986],[13.04546,40.96838]]],[[[13.10346,40.83933],[13.10354,40.83938],[13.10346,40.83933]]],[[[13.40756,40.78574],[13.42748,40.78984],[13.43422,40.79546],[13.43413,40.80176],[13.43156,40.80387],[13.40759,40.78588],[13.40756,40.78574]]],[[[13.45007,40.79059],[13.45175,40.78719],[13.45902,40.7898],[13.45012,40.79073],[13.45007,40.79059]]]]}},{"type":"Feature","properties":{"cod_reg":"13","den_reg":"Abruzzo"},"geometry":{"type":"MultiPolygon","coordinates":[[[[13.01849,42.07494],[13.02565,42.06323],[13.02662,42.05003],[13.04648,42.03532],[13.04924,42.02353],[13.06483,42.01244],[13.10102,42.00799],[13.09661,42.02195],[13.09849,42.02616],[13.10497,42.026],[13.13995,42.01535],[13.1679,41.9986],[13.19908,41.9865],[13.23056,41.98214],[13.24284,41.97153],[13.26676,41.96617],[13.28722,41.94989],[13.29627,41.94861],[13.29826,41.95427],[13.30842,41.95306],[13.32262,41.94516],[13.33678,41.92664],[13.3455,41.92218],[13.36525,41.92413],[13.38399,41.90419],[13.35984,41.86938],[13.36728,41.86333],[13.36683,41.83307],[13.37952,41.81746],[13.39099,41.81927],[13.3963,41.83403],[13.40663,41.83753],[13.4169,41.83467],[13.45155,41.82282],[13.4697,41.80663],[13.50508,41.8016],[13.51124,41.78865],[13.52156,41.77981],[13.52044,41.77297],[13.56255,41.76117],[13.57182,41.7543],[13.5861,41.76643],[13.63127,41.78265],[13.64276,41.79218],[13.63787,41.80372],[13.64893,41.81094],[13.66289,41.81127],[13.68028,41.80432],[13.69271,41.79152],[13.70555,41.78747],[13.71706,41.79768],[13.72956,41.7989],[13.73122,41.78707],[13.74911,41.77278],[13.74934,41.76263],[13.77351,41.74905],[13.79014,41.74297],[13.8121,41.7542],[13.82348,41.74088],[13.85645,41.73123],[13.88059,41.7283],[13.89171,41.73515],[13.89764,41.73213],[13.90446,41.71819],[13.91931,41.71786],[13.93154,41.69437],[13.94048,41.68817],[13.95513,41.69547],[13.98192,41.69514],[13.99441,41.69369],[14.0182,41.6821],[14.02692,41.7027],[14.05325,41.7017],[14.05308,41.71904],[14.06957,41.73723],[14.0944,41.73794],[14.1072,41.70736],[14.11846,41.7164],[14.12328,41.72607],[14.11527,41.73694],[14.12193,41.74648],[14.13148,41.74393],[14.15868,41.74702],[14.16358,41.75947],[14.17183,41.76577],[14.1755,41.76413],[14.17871,41.74921],[14.19418,41.74814],[14.1945,41.7578],[14.20191,41.76699],[14.19429,41.77341],[14.1768,41.77372],[14.17146,41.77844],[14.16445,41.80988],[14.14716,41.8273],[14.15577,41.83853],[14.16617,41.84244],[14.17717,41.84513],[14.19502,41.84153],[14.19545,41.84817],[14.21663,41.85344],[14.22973,41.87708],[14.24638,41.88263],[14.25314,41.89177],[14.26637,41.8958],[14.2842,41.91078],[14.30398,41.89339],[14.32389,41.89629],[14.32758,41.88582],[14.34274,41.8685],[14.34301,41.86252],[14.35814,41.85995],[14.36447,41.86884],[14.36138,41.8746],[14.37668,41.87993],[14.37887,41.86587],[14.39745,41.86974],[14.4358,41.84172],[14.44233,41.84126],[14.45474,41.79581],[14.46514,41.77718],[14.45479,41.76336],[14.48955,41.76097],[14.49909,41.77278],[14.52886,41.787],[14.53364,41.79203],[14.53095,41.80069],[14.53945,41.80248],[14.55077,41.81659],[14.56798,41.81812],[14.5847,41.84208],[14.59771,41.85104],[14.59899,41.86302],[14.61424,41.88919],[14.64132,41.89934],[14.66376,41.91629],[14.66864,41.94663],[14.70046,41.97245],[14.72413,42.00046],[14.76431,42.01723],[14.78301,42.03379],[14.7608,42.0422],[14.77917,42.07025],[14.74431,42.08448],[14.71827,42.10577],[14.72296,42.12577],[14.71704,42.15004],[14.71986,42.15739],[14.71279,42.17693],[14.71053,42.1723],[14.69892,42.17446],[14.62079,42.19927],[14.5096,42.25155],[14.50109,42.26072],[14.50241,42.27181],[14.4267,42.32518],[14.41015,42.34788],[14.4094,42.35808],[14.39356,42.37086],[14.32799,42.40122],[14.25789,42.44216],[14.22775,42.46785],[14.18569,42.4942],[14.10939,42.56323],[14.0626,42.61739],[14.03983,42.6533],[13.9953,42.70936],[13.97651,42.74688],[13.97508,42.7516],[13.97901,42.75407],[13.97165,42.75321],[13.94294,42.80794],[13.93027,42.84352],[13.92088,42.89333],[13.91027,42.89478],[13.88017,42.89093],[13.87686,42.89471],[13.87487,42.88886],[13.81932,42.87891],[13.80405,42.86865],[13.77796,42.86045],[13.72248,42.85535],[13.70661,42.84932],[13.71088,42.84336],[13.6993,42.82262],[13.6636,42.80713],[13.63552,42.8033],[13.62877,42.80694],[13.62836,42.815],[13.6244,42.81654],[13.60152,42.80636],[13.58869,42.80739],[13.57225,42.80037],[13.55503,42.8044],[13.54365,42.81695],[13.53448,42.81664],[13.52973,42.79599],[13.50421,42.77474],[13.50463,42.74761],[13.49344,42.73662],[13.48124,42.73156],[13.46427,42.73479],[13.44799,42.73222],[13.43769,42.71694],[13.44116,42.70366],[13.437,42.69892],[13.4274,42.70643],[13.38998,42.68716],[13.35886,42.69583],[13.35055,42.68196],[13.34968,42.66872],[13.36992,42.64897],[13.38181,42.64981],[13.40828,42.64286],[13.40975,42.63905],[13.40642,42.6288],[13.39468,42.6217],[13.39689,42.61489],[13.389,42.60165],[13.39401,42.59126],[13.38178,42.58101],[13.34282,42.5749],[13.3231,42.57975],[13.29328,42.56954],[13.28362,42.58252],[13.2538,42.58197],[13.24594,42.57271],[13.23403,42.5757],[13.22679,42.58284],[13.19136,42.58752],[13.19227,42.57797],[13.17427,42.56751],[13.17681,42.54732],[13.16507,42.53777],[13.1558,42.54005],[13.16054,42.52202],[13.17777,42.51264],[13.17141,42.48512],[13.17842,42.47934],[13.15405,42.46233],[13.13997,42.46272],[13.11617,42.44391],[13.12761,42.43998],[13.15517,42.41422],[13.1892,42.40022],[13.19416,42.38919],[13.1894,42.38111],[13.15335,42.35699],[13.17165,42.34873],[13.19135,42.33233],[13.22646,42.31933],[13.22863,42.28845],[13.23461,42.27787],[13.24256,42.26889],[13.25666,42.2648],[13.27124,42.25416],[13.27451,42.24363],[13.28137,42.23777],[13.29722,42.23108],[13.31994,42.22964],[13.33562,42.2224],[13.34107,42.2174],[13.33189,42.20818],[13.34147,42.19841],[13.35223,42.19128],[13.37279,42.18809],[13.37989,42.18045],[13.35396,42.17494],[13.34237,42.17681],[13.35457,42.16737],[13.32727,42.16386],[13.32272,42.16104],[13.32875,42.15492],[13.31748,42.15365],[13.30529,42.13826],[13.2849,42.13428],[13.265,42.13679],[13.24878,42.12743],[13.23723,42.12913],[13.22335,42.14334],[13.2057,42.14844],[13.19324,42.15823],[13.18328,42.15888],[13.16971,42.15071],[13.12342,42.17699],[13.08706,42.17787],[13.09348,42.16065],[13.08799,42.15585],[13.08484,42.1422],[13.05982,42.12295],[13.03814,42.11823],[13.03078,42.1221],[13.03283,42.10718],[13.01855,42.07535],[13.01849,42.07494]]]]}},{"type":"Feature","properties":{"cod_reg":"14","den_reg":"Molise"},"geometry":{"type":"MultiPolygon","coordinates":[[[[13.94102,41.68797],[13.96736,41.67403],[13.98829,41.65383],[13.99667,41.62414],[14.01113,41.60779],[14.01017,41.59256],[13.99781,41.57943],[13.99882,41.57488],[14.00754,41.56606],[14.02366,41.56103],[14.02601,41.55533],[14.0207,41.54236],[14.00526,41.53875],[14.0275,41.52321],[14.01929,41.52186],[14.01268,41.51526],[13.99473,41.51292],[13.97269,41.49341],[13.99278,41.48208],[13.97791,41.46249],[14.00704,41.45188],[14.00802,41.43957],[14.00071,41.43093],[14.00568,41.42457],[14.01659,41.42413],[14.02658,41.41669],[14.02865,41.40829],[14.04239,41.39278],[14.08346,41.40015],[14.0961,41.3902],[14.11367,41.38866],[14.10344,41.40228],[14.10749,41.41643],[14.10523,41.42325],[14.09287,41.42983],[14.07837,41.44708],[14.08681,41.45966],[14.08241,41.46545],[14.09669,41.47328],[14.09983,41.48127],[14.11192,41.48891],[14.11951,41.50652],[14.12527,41.50737],[14.15164,41.48266],[14.16466,41.47889],[14.1673,41.49442],[14.17379,41.5007],[14.18768,41.49652],[14.20485,41.49993],[14.24075,41.4972],[14.24942,41.48455],[14.27913,41.48638],[14.29214,41.47634],[14.28428,41.4721],[14.30472,41.46643],[14.32716,41.45344],[14.34218,41.45408],[14.40094,41.4372],[14.41251,41.44122],[14.42761,41.42911],[14.45529,41.42783],[14.46586,41.41981],[14.47735,41.41898],[14.48241,41.41398],[14.47799,41.41017],[14.48861,41.39071],[14.49991,41.38805],[14.50507,41.3825],[14.52351,41.38528],[14.55182,41.37943],[14.56633,41.39213],[14.58624,41.38042],[14.58895,41.37507],[14.58545,41.37114],[14.60304,41.36396],[14.61464,41.36824],[14.64307,41.39358],[14.65251,41.39776],[14.66085,41.39315],[14.67144,41.40664],[14.68668,41.41192],[14.69962,41.41084],[14.71618,41.40077],[14.75387,41.41],[14.7647,41.41737],[14.77358,41.44498],[14.78545,41.45225],[14.80593,41.44754],[14.83783,41.42898],[14.85607,41.42469],[14.8677,41.42782],[14.88442,41.44478],[14.94689,41.45608],[14.98227,41.46907],[14.99054,41.48014],[15.00762,41.48639],[14.96639,41.51901],[14.94512,41.52183],[14.93715,41.52748],[14.93747,41.54756],[14.94854,41.57375],[14.94483,41.57794],[14.95031,41.59266],[14.94525,41.60061],[14.9478,41.60864],[14.93517,41.61672],[14.93488,41.62162],[14.95953,41.64603],[14.9887,41.63781],[14.99047,41.62967],[15.00833,41.6223],[15.0255,41.62232],[15.02599,41.63457],[15.04518,41.63695],[15.05025,41.65731],[15.06903,41.66122],[15.08953,41.67168],[15.08585,41.67545],[15.08993,41.68182],[15.09466,41.67418],[15.10246,41.67206],[15.10607,41.68561],[15.11707,41.69375],[15.16156,41.70971],[15.1444,41.71083],[15.12091,41.72048],[15.10188,41.74276],[15.10328,41.74904],[15.11655,41.74897],[15.09703,41.7674],[15.10101,41.78201],[15.11495,41.78933],[15.11663,41.7991],[15.11373,41.80822],[15.11645,41.81454],[15.10051,41.8335],[15.10099,41.83748],[15.10379,41.84701],[15.11467,41.85078],[15.1255,41.86256],[15.12497,41.87104],[15.1388,41.87928],[15.13806,41.89075],[15.13124,41.90085],[15.13752,41.92813],[15.07962,41.94225],[15.02721,41.9811],[15.00418,41.99131],[14.99502,42.00509],[14.90021,42.02137],[14.82793,42.04681],[14.79102,42.06863],[14.77917,42.07025],[14.7608,42.0422],[14.78225,42.03511],[14.78061,42.03016],[14.76431,42.01723],[14.72413,42.00046],[14.70046,41.97245],[14.66864,41.94663],[14.66376,41.91629],[14.64132,41.89934],[14.61424,41.88919],[14.59899,41.86302],[14.59771,41.85104],[14.5847,41.84208],[14.56798,41.81812],[14.55077,41.81659],[14.53945,41.80248],[14.53095,41.80069],[14.53364,41.79203],[14.52886,41.787],[14.49909,41.77278],[14.48955,41.76097],[14.45479,41.76336],[14.46514,41.77718],[14.45474,41.79581],[14.44233,41.84126],[14.4358,41.84172],[14.39745,41.86974],[14.37887,41.86587],[14.37668,41.87993],[14.36138,41.8746],[14.36447,41.86884],[14.35814,41.85995],[14.34301,41.86252],[14.34274,41.8685],[14.32758,41.88582],[14.32389,41.89629],[14.30398,41.89339],[14.2842,41.91078],[14.26637,41.8958],[14.25314,41.89177],[14.24638,41.88263],[14.22973,41.87708],[14.21663,41.85344],[14.19545,41.84817],[14.19502,41.84153],[14.17717,41.84513],[14.16617,41.84244],[14.15577,41.83853],[14.14716,41.8273],[14.16445,41.80988],[14.17146,41.77844],[14.1768,41.77372],[14.19429,41.77341],[14.20191,41.76699],[14.1945,41.7578],[14.19418,41.74814],[14.17871,41.74921],[14.1755,41.76413],[14.17183,41.76577],[14.16358,41.75947],[14.15868,41.74702],[14.13148,41.74393],[14.12193,41.74648],[14.11527,41.73694],[14.12328,41.72607],[14.11846,41.7164],[14.1072,41.70736],[14.0944,41.73794],[14.06957,41.73723],[14.05308,41.71904],[14.05325,41.7017],[14.02692,41.7027],[14.01873,41.68211],[13.99441,41.69369],[13.98192,41.69514],[13.95513,41.69547],[13.94134,41.68801],[13.94102,41.68797]]]]}},{"type":"Feature","properties":{"cod_reg":"15","den_reg":"Campania"},"geometry":{"type":"MultiPolygon","coordinates":[[[[13.76211,41.2226],[13.83256,41.16641],[13.89381,41.09016],[13.92248,41.02654],[13.9963,40.95619],[14.01574,40.92874],[14.03529,40.89107],[14.04689,40.85049],[14.04745,40.82438],[14.04171,40.79114],[14.07763,40.78736],[14.08617,40.7806],[14.08857,40.78632],[14.08192,40.81185],[14.07165,40.81862],[14.08689,40.8301],[14.10721,40.83142],[14.11742,40.82773],[14.11771,40.82235],[14.12246,40.8203],[14.16217,40.81532],[14.1734,40.80231],[14.16814,40.79716],[14.1598,40.79757],[14.16142,40.79284],[14.17448,40.79916],[14.18782,40.79222],[14.20705,40.80222],[14.20612,40.80907],[14.22316,40.82912],[14.24245,40.83129],[14.26444,40.84464],[14.27387,40.84462],[14.31595,40.82543],[14.39551,40.75939],[14.41348,40.75231],[14.4468,40.75483],[14.46097,40.74261],[14.48037,40.70882],[14.47925,40.69596],[14.47374,40.69152],[14.44798,40.68739],[14.43862,40.68138],[14.43071,40.66625],[14.4036,40.65631],[14.40796,40.6516],[14.3997,40.63798],[14.36998,40.62767],[14.35128,40.63453],[14.34679,40.627],[14.33939,40.6282],[14.34179,40.61852],[14.32044,40.58781],[14.32452,40.56904],[14.33648,40.57694],[14.34099,40.57614],[14.33755,40.57005],[14.34567,40.57195],[14.34735,40.57953],[14.40803,40.59958],[14.41891,40.61029],[14.43793,40.61279],[14.45046,40.61891],[14.46606,40.61875],[14.4863,40.62739],[14.51087,40.62002],[14.52823,40.60674],[14.53927,40.61331],[14.56958,40.61567],[14.57238,40.61251],[14.6249,40.64788],[14.63932,40.64811],[14.67794,40.63321],[14.69184,40.63396],[14.71874,40.66658],[14.73708,40.67045],[14.74769,40.67772],[14.75271,40.67215],[14.75871,40.67738],[14.77937,40.6701],[14.81072,40.65046],[14.85847,40.60777],[14.89955,40.55803],[14.94117,40.48321],[14.97837,40.43136],[15.00089,40.38031],[14.99583,40.35482],[14.9794,40.35077],[14.98266,40.35483],[14.96861,40.34055],[14.94564,40.33688],[14.93931,40.31933],[14.94653,40.30415],[14.94346,40.2757],[14.90486,40.25326],[14.9089,40.24342],[14.93526,40.22859],[14.93997,40.23325],[14.95141,40.23334],[14.9687,40.22204],[14.99089,40.21895],[15.00967,40.20423],[15.02418,40.18347],[15.03996,40.17053],[15.0541,40.17086],[15.06655,40.16435],[15.08401,40.17289],[15.11282,40.17702],[15.13205,40.17147],[15.1795,40.12555],[15.20477,40.12349],[15.23751,40.09536],[15.27124,40.07423],[15.28159,40.05552],[15.2853,40.03509],[15.27852,40.02961],[15.26825,40.03172],[15.26749,40.02461],[15.28709,40.02248],[15.29416,40.02865],[15.31452,40.03164],[15.34182,40.00501],[15.35674,39.99899],[15.38229,40.00048],[15.41987,39.99048],[15.46027,40.03351],[15.47586,40.03965],[15.48485,40.03821],[15.50369,40.06421],[15.52259,40.07167],[15.57524,40.07794],[15.6174,40.06844],[15.62547,40.07408],[15.63233,40.0683],[15.62597,40.05844],[15.63186,40.05142],[15.64306,40.04324],[15.65546,40.04651],[15.67616,40.0549],[15.67603,40.06271],[15.66859,40.07325],[15.65191,40.07914],[15.67698,40.08447],[15.70583,40.11773],[15.70317,40.12185],[15.70922,40.13987],[15.70051,40.15828],[15.71649,40.16959],[15.71253,40.17844],[15.72975,40.18632],[15.73448,40.20168],[15.75121,40.2018],[15.77409,40.21734],[15.79116,40.2179],[15.79698,40.22367],[15.78735,40.23663],[15.79071,40.24405],[15.80537,40.25141],[15.79995,40.25742],[15.79962,40.26778],[15.80577,40.27453],[15.79419,40.28697],[15.765,40.29835],[15.74375,40.30084],[15.72688,40.31545],[15.73084,40.32217],[15.72098,40.3245],[15.70475,40.34224],[15.70802,40.37753],[15.67157,40.39791],[15.66273,40.39249],[15.64798,40.41401],[15.58673,40.4436],[15.59179,40.44602],[15.57997,40.45891],[15.57873,40.46889],[15.53886,40.48805],[15.53523,40.49964],[15.55047,40.50925],[15.53531,40.52226],[15.53975,40.52357],[15.54301,40.53219],[15.52869,40.55643],[15.53934,40.56806],[15.53261,40.57305],[15.51989,40.57049],[15.51419,40.57414],[15.5158,40.5794],[15.51013,40.58575],[15.49088,40.58685],[15.48545,40.59367],[15.47402,40.59265],[15.4641,40.60358],[15.44947,40.6091],[15.46746,40.63894],[15.4921,40.64749],[15.50129,40.65566],[15.50364,40.66367],[15.48904,40.66671],[15.4872,40.67284],[15.47,40.67317],[15.45658,40.67933],[15.45135,40.68658],[15.42894,40.69259],[15.40909,40.71304],[15.38148,40.72415],[15.38327,40.73592],[15.37906,40.75093],[15.38368,40.76362],[15.39111,40.76725],[15.3804,40.78058],[15.38829,40.79539],[15.36664,40.79831],[15.3794,40.8062],[15.3805,40.81095],[15.36646,40.81214],[15.35619,40.82368],[15.34056,40.8289],[15.33497,40.83488],[15.36098,40.83918],[15.37768,40.83645],[15.37521,40.85954],[15.37835,40.86767],[15.35524,40.87089],[15.35416,40.88265],[15.37529,40.88581],[15.38811,40.87562],[15.40273,40.88161],[15.42955,40.87967],[15.44472,40.87682],[15.4537,40.86823],[15.46081,40.86715],[15.47302,40.87434],[15.46763,40.8896],[15.52724,40.90783],[15.53491,40.91974],[15.54228,40.9464],[15.56686,40.96953],[15.57229,40.99752],[15.56635,41.01253],[15.55955,41.01697],[15.55843,41.02351],[15.56315,41.03102],[15.55137,41.03896],[15.54287,41.05586],[15.48486,41.07107],[15.47835,41.07866],[15.4461,41.07801],[15.42749,41.09282],[15.40128,41.10598],[15.39638,41.10682],[15.38448,41.09347],[15.36693,41.08478],[15.35269,41.09343],[15.33192,41.09635],[15.31436,41.10389],[15.29182,41.09315],[15.2646,41.10525],[15.26378,41.11345],[15.23566,41.13988],[15.21079,41.14867],[15.20935,41.16769],[15.22354,41.18194],[15.24821,41.19484],[15.26242,41.19763],[15.24481,41.22494],[15.24618,41.23611],[15.27984,41.24079],[15.27566,41.24954],[15.249,41.27099],[15.23568,41.27231],[15.22044,41.26519],[15.21574,41.27594],[15.19974,41.27945],[15.2007,41.28635],[15.14916,41.28045],[15.13629,41.28688],[15.13989,41.29277],[15.12677,41.30295],[15.13056,41.31719],[15.07219,41.33246],[15.05847,41.37213],[15.07077,41.37743],[15.08045,41.38803],[15.09831,41.39057],[15.08664,41.40723],[15.09172,41.41792],[15.10329,41.42094],[15.10083,41.42967],[15.09834,41.43403],[15.07574,41.43292],[15.05251,41.44319],[15.0398,41.45522],[15.03244,41.45268],[15.02395,41.4762],[15.00762,41.48639],[14.99054,41.48014],[14.98227,41.46907],[14.94689,41.45608],[14.88442,41.44478],[14.8677,41.42782],[14.85656,41.42475],[14.83783,41.42898],[14.80593,41.44754],[14.78494,41.45209],[14.77358,41.44498],[14.7647,41.41737],[14.75387,41.41],[14.71618,41.40077],[14.69962,41.41084],[14.68668,41.41192],[14.67144,41.40664],[14.66085,41.39315],[14.65251,41.39776],[14.64307,41.39358],[14.61464,41.36824],[14.60304,41.36396],[14.58545,41.37114],[14.58895,41.37507],[14.58624,41.38042],[14.56633,41.39213],[14.55182,41.37943],[14.52351,41.38528],[14.50507,41.3825],[14.49991,41.38805],[14.48861,41.39071],[14.47799,41.41017],[14.48241,41.41398],[14.47735,41.41898],[14.46586,41.41981],[14.45529,41.42783],[14.42761,41.42911],[14.41251,41.44122],[14.40094,41.4372],[14.34218,41.45408],[14.32716,41.45344],[14.30472,41.46643],[14.28428,41.4721],[14.29214,41.47634],[14.27913,41.48638],[14.24942,41.48455],[14.24075,41.4972],[14.20485,41.49993],[14.18768,41.49652],[14.17379,41.5007],[14.1673,41.49442],[14.16466,41.47889],[14.15164,41.48266],[14.12527,41.50737],[14.12076,41.507],[14.11192,41.48891],[14.09983,41.48127],[14.09669,41.47328],[14.08241,41.46545],[14.08681,41.45966],[14.07837,41.44708],[14.09287,41.42983],[14.10572,41.4224],[14.10319,41.40343],[14.11338,41.39062],[14.11144,41.38643],[14.0961,41.3902],[14.08477,41.40003],[14.04239,41.39278],[14.02865,41.40829],[14.02658,41.41669],[14.01659,41.42413],[14.00568,41.42457],[14.00071,41.43093],[14.00802,41.43957],[14.00704,41.45188],[13.96565,41.46407],[13.91086,41.42868],[13.87776,41.42575],[13.8618,41.41809],[13.86301,41.4095],[13.86925,41.40497],[13.8886,41.40081],[13.87558,41.3961],[13.88632,41.38444],[13.87386,41.3753],[13.87214,41.36623],[13.87767,41.36064],[13.8718,41.35782],[13.87801,41.34065],[13.87368,41.33562],[13.89481,41.31164],[13.88974,41.29748],[13.88234,41.29094],[13.85233,41.29072],[13.8357,41.28039],[13.82843,41.28103],[13.82963,41.2706],[13.84012,41.26254],[13.83353,41.2522],[13.81925,41.24646],[13.77198,41.24211],[13.76364,41.22456],[13.76211,41.2226]]],[[[13.85104,40.71104],[13.87366,40.69691],[13.90413,40.70153],[13.92219,40.69716],[13.93972,40.70665],[13.95406,40.70066],[13.95399,40.70834],[13.96314,40.71057],[13.96519,40.71708],[13.95352,40.74224],[13.92445,40.74971],[13.90577,40.74954],[13.90992,40.75239],[13.89008,40.75256],[13.88355,40.75932],[13.87705,40.75699],[13.87114,40.76162],[13.86189,40.75742],[13.86855,40.75235],[13.86358,40.74091],[13.85784,40.73807],[13.86131,40.71768],[13.85197,40.71229],[13.85104,40.71104]]],[[[13.99017,40.74305],[13.99771,40.74012],[13.99579,40.74722],[14.0042,40.74506],[14.0065,40.74898],[14.01025,40.74208],[14.01741,40.73928],[14.01283,40.7486],[14.0269,40.76098],[14.01707,40.7705],[14.00999,40.76862],[14.00969,40.75963],[14.00201,40.74748],[13.99466,40.74917],[13.99137,40.74599],[13.99017,40.74305]]],[[[14.18636,40.79144],[14.18637,40.79155],[14.18636,40.79144]]],[[[14.19756,40.53662],[14.2444,40.54667],[14.25248,40.54211],[14.26635,40.5566],[14.26024,40.56146],[14.24156,40.55573],[14.22272,40.56089],[14.20054,40.56116],[14.1977,40.54827],[14.19756,40.53662]]],[[[14.25216,40.53994],[14.25219,40.54069],[14.25216,40.53994]]],[[[14.25605,40.543],[14.25644,40.54382],[14.25605,40.543]]],[[[14.27965,40.83735],[14.29967,40.82622],[14.2825,40.83618],[14.27965,40.83735]]],[[[14.37521,40.58753],[14.37818,40.58903],[14.37529,40.58787],[14.37521,40.58753]]],[[[14.42846,40.58192],[14.43125,40.58207],[14.42852,40.58208],[14.42846,40.58192]]],[[[14.42892,40.58057],[14.42901,40.58068],[14.42892,40.58057]]],[[[14.43206,40.58289],[14.43725,40.58093],[14.43223,40.58309],[14.43206,40.58289]]],[[[14.46258,40.72944],[14.46297,40.72998],[14.46258,40.72944]]],[[[14.89948,40.25033],[14.89984,40.2514],[14.89948,40.25033]]],[[[15.29397,40.02409],[15.29401,40.02425],[15.29397,40.02409]]]]}},{"type":"Feature","properties":{"cod_reg":"16","den_reg":"Puglia"},"geometry":{"type":"MultiPolygon","coordinates":[[[[14.9341,41.61945],[14.9478,41.60864],[14.94525,41.60061],[14.95031,41.59266],[14.94483,41.57794],[14.94854,41.57375],[14.93747,41.54756],[14.93857,41.5252],[14.96639,41.51901],[14.98006,41.50545],[15.02124,41.47865],[15.03244,41.45268],[15.0398,41.45522],[15.05251,41.44319],[15.07574,41.43292],[15.09834,41.43403],[15.10083,41.42967],[15.10329,41.42094],[15.09172,41.41792],[15.08664,41.40723],[15.09831,41.39057],[15.08045,41.38803],[15.07077,41.37743],[15.05847,41.37213],[15.07219,41.33246],[15.13056,41.31719],[15.12677,41.30295],[15.13989,41.29277],[15.13629,41.28688],[15.14916,41.28045],[15.2007,41.28635],[15.19974,41.27945],[15.21574,41.27594],[15.22044,41.26519],[15.23568,41.27231],[15.249,41.27099],[15.27566,41.24954],[15.27984,41.24079],[15.24574,41.23503],[15.24481,41.22494],[15.26242,41.19763],[15.2275,41.18493],[15.20935,41.16769],[15.21056,41.14892],[15.23566,41.13988],[15.26378,41.11345],[15.2646,41.10525],[15.29182,41.09315],[15.31436,41.10389],[15.33192,41.09635],[15.35269,41.09343],[15.36693,41.08478],[15.38448,41.09347],[15.39638,41.10682],[15.40128,41.10598],[15.42749,41.09282],[15.4461,41.07801],[15.47835,41.07866],[15.48486,41.07107],[15.54287,41.05586],[15.54024,41.07223],[15.54936,41.0741],[15.55972,41.0882],[15.57838,41.09693],[15.61853,41.09915],[15.6459,41.08966],[15.67941,41.0868],[15.71709,41.08968],[15.73038,41.09903],[15.74357,41.09935],[15.7526,41.09734],[15.7684,41.08319],[15.782,41.08976],[15.79776,41.09102],[15.80537,41.11089],[15.83174,41.12913],[15.83864,41.1301],[15.83912,41.12451],[15.84511,41.12431],[15.85703,41.13129],[15.86502,41.13097],[15.87025,41.13992],[15.88099,41.1365],[15.89352,41.12277],[15.90079,41.12641],[15.92097,41.11115],[15.93187,41.10896],[15.93755,41.11358],[15.95339,41.11081],[15.95996,41.10005],[15.95414,41.09312],[15.97625,41.09417],[15.9826,41.0892],[15.98015,41.08159],[15.99886,41.05399],[16.00973,41.05704],[16.04074,41.03598],[16.04047,41.02836],[16.02793,41.02408],[16.03185,40.99829],[16.02704,40.99121],[16.00835,40.97209],[15.97181,40.97213],[15.97663,40.95845],[16.04443,40.93821],[16.05892,40.92893],[16.09277,40.92064],[16.12107,40.89772],[16.13432,40.90656],[16.13807,40.91835],[16.14653,40.92395],[16.1589,40.92395],[16.16297,40.92858],[16.20246,40.91753],[16.22381,40.88659],[16.23162,40.85404],[16.24303,40.83846],[16.25156,40.83358],[16.25615,40.82305],[16.26903,40.81471],[16.27823,40.80161],[16.31623,40.78311],[16.34881,40.74964],[16.38039,40.7364],[16.40015,40.70741],[16.41378,40.70186],[16.43,40.70397],[16.47968,40.7368],[16.50105,40.76229],[16.50844,40.75336],[16.52255,40.74645],[16.52532,40.73551],[16.53862,40.72498],[16.54402,40.72554],[16.54065,40.74185],[16.53138,40.74464],[16.5358,40.75193],[16.55447,40.75765],[16.56367,40.73976],[16.57244,40.73694],[16.57798,40.742],[16.56697,40.75446],[16.57968,40.76366],[16.60794,40.75191],[16.63282,40.75357],[16.65317,40.74391],[16.64935,40.73803],[16.65286,40.7363],[16.66152,40.73683],[16.66336,40.74887],[16.67321,40.73849],[16.7249,40.71383],[16.70871,40.70542],[16.70448,40.71124],[16.69649,40.70261],[16.7155,40.68932],[16.7272,40.68838],[16.70976,40.63283],[16.71262,40.61563],[16.72826,40.60142],[16.71177,40.59283],[16.71659,40.58224],[16.70536,40.55504],[16.70648,40.5493],[16.72438,40.53529],[16.71582,40.52425],[16.72426,40.5146],[16.73622,40.51196],[16.73707,40.50383],[16.72022,40.47982],[16.74381,40.46469],[16.75662,40.46819],[16.75544,40.4641],[16.75951,40.46298],[16.78547,40.46288],[16.80282,40.45744],[16.80969,40.44694],[16.80938,40.43307],[16.83582,40.41043],[16.84582,40.4111],[16.84984,40.40162],[16.86717,40.39785],[16.91814,40.44828],[16.99616,40.49524],[17.06932,40.51782],[17.11397,40.51961],[17.14636,40.50956],[17.1493,40.50522],[17.14475,40.49491],[17.16264,40.50611],[17.16545,40.50386],[17.15507,40.49659],[17.16598,40.50086],[17.17683,40.48966],[17.18064,40.49323],[17.18183,40.48144],[17.20048,40.47372],[17.21234,40.47405],[17.21033,40.47921],[17.22664,40.47952],[17.24673,40.46214],[17.25551,40.44279],[17.23251,40.42468],[17.21165,40.42291],[17.20195,40.41324],[17.20332,40.40827],[17.22547,40.40837],[17.23492,40.401],[17.26313,40.39114],[17.27912,40.37932],[17.29591,40.37851],[17.31136,40.36604],[17.32618,40.36101],[17.34013,40.36172],[17.34979,40.35441],[17.37459,40.34883],[17.38154,40.34442],[17.38074,40.34007],[17.39216,40.33462],[17.44284,40.32981],[17.46024,40.31612],[17.49477,40.30996],[17.50763,40.29497],[17.67595,40.30478],[17.73053,40.30029],[17.74309,40.295],[17.76056,40.29752],[17.76306,40.29166],[17.77117,40.29494],[17.81636,40.28959],[17.83977,40.28049],[17.84681,40.28587],[17.86054,40.28399],[17.90727,40.25272],[17.90976,40.2413],[17.89523,40.25061],[17.9218,40.22613],[17.9245,40.21695],[17.91822,40.19442],[17.92895,40.17962],[17.95102,40.16394],[17.96358,40.1477],[17.97443,40.1481],[17.97958,40.13882],[17.98722,40.14039],[18.00992,40.10906],[18.01187,40.09239],[18.00554,40.0733],[17.99028,40.05859],[17.97725,40.05687],[17.9817,40.0612],[17.97309,40.05352],[17.97955,40.05593],[17.99766,40.05066],[18.01613,40.03406],[18.02061,40.01839],[18.01764,40.00702],[18.00626,39.99572],[17.99319,40.00007],[18.01296,39.97083],[18.02595,39.96227],[18.02969,39.94891],[18.04503,39.93567],[18.04756,39.92879],[18.06828,39.91877],[18.08594,39.90065],[18.11866,39.88555],[18.14801,39.86302],[18.20897,39.83725],[18.26911,39.8347],[18.30463,39.81839],[18.31498,39.80817],[18.32552,39.80745],[18.33281,39.79664],[18.34617,39.79146],[18.36151,39.79786],[18.36899,39.79376],[18.39088,39.81734],[18.38464,39.841],[18.39008,39.84795],[18.39313,39.86835],[18.39804,39.87245],[18.39887,39.88905],[18.39022,39.90736],[18.39419,39.91219],[18.40716,39.97538],[18.41706,39.99461],[18.42536,40.00079],[18.4318,39.99914],[18.43569,40.02467],[18.47474,40.04378],[18.4826,40.07732],[18.51886,40.10467],[18.52019,40.10776],[18.50656,40.12622],[18.51688,40.13553],[18.50352,40.14693],[18.48721,40.14837],[18.48835,40.15579],[18.48004,40.16759],[18.47896,40.17812],[18.46365,40.19292],[18.45864,40.20337],[18.46389,40.22679],[18.44829,40.24735],[18.44099,40.26916],[18.42997,40.27324],[18.4317,40.28342],[18.42283,40.29418],[18.40928,40.29837],[18.40751,40.30344],[18.40548,40.30128],[18.38598,40.31446],[18.35134,40.35231],[18.31597,40.37283],[18.30537,40.38363],[18.30647,40.38886],[18.27896,40.40731],[18.23426,40.44844],[18.20301,40.46709],[18.18581,40.4693],[18.16959,40.48067],[18.13059,40.49173],[18.08078,40.52543],[18.07473,40.53953],[18.05499,40.54862],[18.03744,40.56397],[18.03479,40.57322],[18.04514,40.59728],[18.01814,40.62198],[18.01501,40.63772],[17.99843,40.64906],[17.98452,40.64352],[17.96912,40.64944],[17.94772,40.64122],[17.92713,40.63992],[17.94405,40.64468],[17.96178,40.65807],[17.96227,40.66255],[17.96725,40.66262],[17.96747,40.65506],[17.9717,40.66253],[17.98399,40.66366],[17.95299,40.66413],[17.93563,40.68617],[17.9339,40.68101],[17.92582,40.67946],[17.83849,40.69132],[17.79998,40.70887],[17.79776,40.71444],[17.7757,40.71997],[17.74498,40.73445],[17.70723,40.75819],[17.55055,40.80164],[17.49441,40.82243],[17.47281,40.83221],[17.4681,40.83694],[17.46987,40.84184],[17.42445,40.86454],[17.38921,40.89225],[17.35011,40.90574],[17.32827,40.93519],[17.27908,40.97174],[17.26525,40.97324],[17.23626,40.99379],[17.20174,41.00336],[17.20069,41.00608],[17.20513,41.00443],[17.20084,41.00944],[17.17541,41.0291],[17.14515,41.03579],[17.05462,41.07798],[17.00839,41.08568],[16.96032,41.09799],[16.9274,41.11157],[16.87905,41.1226],[16.87266,41.12598],[16.87255,41.13972],[16.86822,41.14315],[16.85539,41.14396],[16.86668,41.14309],[16.87094,41.1364],[16.86575,41.13032],[16.85435,41.12876],[16.84541,41.1398],[16.83079,41.13647],[16.80963,41.14033],[16.77684,41.16046],[16.69909,41.1768],[16.67496,41.18887],[16.62615,41.19483],[16.5822,41.20816],[16.58042,41.21062],[16.58469,41.21285],[16.54226,41.22947],[16.53243,41.23856],[16.50497,41.24332],[16.50473,41.24732],[16.48508,41.25221],[16.48164,41.2566],[16.45273,41.26017],[16.42183,41.28014],[16.38712,41.29024],[16.35905,41.30471],[16.2632,41.32833],[16.20733,41.35917],[16.1713,41.36858],[16.13466,41.38578],[16.01846,41.4281],[15.98057,41.44574],[15.9453,41.47132],[15.91887,41.50433],[15.89929,41.54827],[15.89443,41.58363],[15.90138,41.61483],[15.93566,41.63654],[15.94947,41.62004],[15.95055,41.61291],[15.94957,41.62079],[15.94703,41.61943],[15.93616,41.63661],[15.94214,41.6411],[16.0347,41.67722],[16.06538,41.69571],[16.07337,41.71057],[16.08937,41.71481],[16.10491,41.72974],[16.14318,41.74245],[16.1639,41.75505],[16.1676,41.76635],[16.18679,41.77234],[16.1931,41.78255],[16.19763,41.80354],[16.19471,41.8287],[16.17669,41.85511],[16.17653,41.88475],[16.1572,41.89569],[16.153,41.90868],[16.12092,41.91511],[16.0906,41.9385],[16.06547,41.94383],[16.06112,41.94892],[16.0258,41.94564],[16.01215,41.95044],[15.92456,41.93314],[15.77282,41.91831],[15.67966,41.91465],[15.66631,41.92115],[15.62029,41.92895],[15.50195,41.9087],[15.41784,41.9009],[15.36339,41.90321],[15.33974,41.91706],[15.29343,41.92069],[15.20781,41.91921],[15.13805,41.92665],[15.13124,41.90085],[15.13806,41.89075],[15.1388,41.87928],[15.12497,41.87104],[15.1255,41.86256],[15.11467,41.85078],[15.10379,41.84701],[15.10099,41.83748],[15.10051,41.8335],[15.11645,41.81454],[15.11373,41.80822],[15.11663,41.7991],[15.11495,41.78933],[15.10101,41.78201],[15.09703,41.7674],[15.11655,41.74897],[15.10328,41.74904],[15.10188,41.74276],[15.12091,41.72048],[15.1444,41.71083],[15.1615,41.70939],[15.11707,41.69375],[15.10607,41.68561],[15.10246,41.67206],[15.09466,41.67418],[15.08993,41.68182],[15.08585,41.67545],[15.08953,41.67168],[15.06903,41.66122],[15.05025,41.65731],[15.04518,41.63695],[15.02599,41.63457],[15.0255,41.62232],[15.00833,41.6223],[14.99047,41.62967],[14.9887,41.63781],[14.95953,41.64603],[14.93413,41.62016],[14.9341,41.61945]],[[16.63376,40.75418],[16.64643,40.75471],[16.64229,40.7516],[16.63496,40.7537],[16.63376,40.75418]]],[[[15.47627,42.11162],[15.47669,42.10632],[15.48215,42.10385],[15.49626,42.11548],[15.49113,42.12579],[15.48461,42.11746],[15.47627,42.11162]]],[[[15.49695,42.12249],[15.50104,42.1233],[15.49724,42.12265],[15.49695,42.12249]]],[[[15.50141,42.11905],[15.51799,42.12755],[15.51366,42.12857],[15.50153,42.11975],[15.50141,42.11905]]],[[[15.50775,42.13248],[15.50888,42.12942],[15.51703,42.13864],[15.51114,42.13911],[15.50777,42.1328],[15.50775,42.13248]]],[[[15.74355,42.22552],[15.75172,42.22567],[15.74361,42.2265],[15.74355,42.22552]]],[[[16.10938,41.92838],[16.10953,41.92849],[16.10938,41.92838]]],[[[16.18153,41.89078],[16.18535,41.88778],[16.18158,41.89082],[16.18153,41.89078]]],[[[16.1867,41.84487],[16.18671,41.84495],[16.1867,41.84487]]],[[[16.19943,41.81456],[16.19958,41.81496],[16.19943,41.81456]]],[[[17.14329,40.45051],[17.15354,40.44489],[17.16699,40.44807],[17.15662,40.45345],[17.14329,40.45051]]],[[[17.17335,40.44003],[17.17887,40.43703],[17.17341,40.44012],[17.17335,40.44003]]],[[[17.80465,40.71435],[17.80471,40.71459],[17.80465,40.71435]]],[[[17.80902,40.71211],[17.80919,40.71273],[17.80902,40.71211]]],[[[17.82337,40.7042],[17.82344,40.70436],[17.82337,40.7042]]],[[[17.82403,40.70321],[17.82408,40.70331],[17.82403,40.70321]]],[[[17.86428,40.27123],[17.86898,40.2686],[17.86431,40.27133],[17.86428,40.27123]]],[[[17.8814,40.26175],[17.88827,40.25457],[17.8814,40.26205],[17.8814,40.26175]]],[[[17.88939,40.25358],[17.8894,40.25367],[17.88939,40.25358]]],[[[17.94468,40.04689],[17.94874,40.04514],[17.9549,40.04975],[17.94872,40.05332],[17.94486,40.04883],[17.94468,40.04689]]],[[[17.96852,40.05288],[17.96856,40.05314],[17.96852,40.05288]]],[[[17.99048,40.65761],[17.99049,40.65778],[17.99048,40.65761]]],[[[17.99131,40.65777],[17.99134,40.65789],[17.99131,40.65777]]],[[[17.99202,40.65729],[17.99203,40.65734],[17.99202,40.65729]]],[[[17.99306,40.65608],[17.99339,40.65673],[17.99306,40.65608]]],[[[18.00222,40.65404],[18.00238,40.65466],[18.00222,40.65404]]],[[[18.02701,40.64298],[18.02709,40.64308],[18.02701,40.64298]]],[[[18.09571,39.89509],[18.09579,39.89519],[18.09571,39.89509]]],[[[18.11803,39.88305],[18.11804,39.88314],[18.11803,39.88305]]],[[[18.12218,39.88009],[18.12219,39.88013],[18.12218,39.88009]]],[[[18.50285,40.09226],[18.50299,40.09262],[18.50285,40.09226]]]]}},{"type":"Feature","properties":{"cod_reg":"17","den_reg":"Basilicata"},"geometry":{"type":"MultiPolygon","coordinates":[[[[15.33497,40.83488],[15.34056,40.8289],[15.35619,40.82368],[15.36646,40.81214],[15.3805,40.81095],[15.3794,40.8062],[15.36664,40.79831],[15.38829,40.79539],[15.3804,40.78058],[15.39111,40.76725],[15.38368,40.76362],[15.37906,40.75093],[15.38327,40.73592],[15.38148,40.72415],[15.40909,40.71304],[15.42894,40.69259],[15.45135,40.68658],[15.45658,40.67933],[15.47,40.67317],[15.4872,40.67284],[15.48904,40.66671],[15.50364,40.66367],[15.50129,40.65566],[15.4921,40.64749],[15.46746,40.63894],[15.44947,40.6091],[15.4641,40.60358],[15.47402,40.59265],[15.48545,40.59367],[15.49088,40.58685],[15.51013,40.58575],[15.5158,40.5794],[15.51419,40.57414],[15.51989,40.57049],[15.53261,40.57305],[15.53934,40.56806],[15.52869,40.55643],[15.54301,40.53219],[15.53975,40.52357],[15.53531,40.52226],[15.55047,40.50925],[15.53523,40.49964],[15.53886,40.48805],[15.57873,40.46889],[15.57997,40.45891],[15.59179,40.44602],[15.58673,40.4436],[15.64798,40.41401],[15.66273,40.39249],[15.67157,40.39791],[15.70802,40.37753],[15.70475,40.34224],[15.72098,40.3245],[15.73084,40.32217],[15.72688,40.31545],[15.74375,40.30084],[15.765,40.29835],[15.79419,40.28697],[15.80612,40.27377],[15.79962,40.26778],[15.79995,40.25742],[15.80537,40.25141],[15.79071,40.24405],[15.78735,40.23663],[15.79718,40.22485],[15.7952,40.22138],[15.78992,40.21756],[15.77409,40.21734],[15.75121,40.2018],[15.73448,40.20168],[15.72975,40.18632],[15.71253,40.17844],[15.71649,40.16959],[15.70051,40.15828],[15.70922,40.13987],[15.70317,40.12185],[15.70583,40.11773],[15.67698,40.08447],[15.65163,40.07858],[15.67186,40.07035],[15.67616,40.0549],[15.64449,40.04158],[15.66446,40.03958],[15.67455,40.02951],[15.67553,40.01462],[15.68113,40.00616],[15.69923,39.99609],[15.73193,39.96408],[15.73496,39.94249],[15.7426,39.93438],[15.75046,39.93338],[15.75592,39.92356],[15.76586,39.9306],[15.773,39.96052],[15.7948,39.97137],[15.82005,40.00187],[15.85023,40.00603],[15.86758,39.99037],[15.87687,39.99652],[15.89077,39.99432],[15.89777,39.98167],[15.92802,40.00107],[15.96852,39.99173],[15.9792,39.9824],[16.0054,39.98993],[16.0086,39.99648],[16.03071,39.99336],[16.03359,39.98235],[16.01951,39.97441],[16.0068,39.95731],[16.01401,39.94064],[16.02192,39.93413],[16.01653,39.92575],[16.03795,39.91599],[16.04902,39.8948],[16.05472,39.8985],[16.0824,39.89625],[16.10332,39.90692],[16.13173,39.90727],[16.13797,39.90141],[16.15896,39.9194],[16.21469,39.89598],[16.21937,39.91759],[16.21428,39.9266],[16.238,39.92547],[16.26889,39.93598],[16.28242,39.9309],[16.30959,39.93404],[16.34323,39.90243],[16.35141,39.89902],[16.35516,39.90111],[16.35966,39.9196],[16.34789,39.92456],[16.3378,39.93618],[16.3469,39.94937],[16.35809,39.9541],[16.36213,39.96017],[16.36058,39.96859],[16.3722,39.98573],[16.38966,40.00145],[16.39838,40.01694],[16.39277,40.04244],[16.4064,40.07285],[16.41424,40.08068],[16.41381,40.10975],[16.40895,40.12096],[16.41992,40.12852],[16.42112,40.14393],[16.43401,40.12801],[16.45198,40.1348],[16.47077,40.13408],[16.49333,40.12521],[16.50309,40.1299],[16.51798,40.12878],[16.53001,40.11809],[16.56186,40.12988],[16.57232,40.12645],[16.58733,40.13306],[16.6102,40.12887],[16.62095,40.1321],[16.64526,40.11813],[16.68544,40.14716],[16.7344,40.20638],[16.7521,40.24917],[16.78262,40.29665],[16.8672,40.39754],[16.84984,40.40162],[16.84582,40.4111],[16.83582,40.41043],[16.82368,40.4195],[16.80938,40.43307],[16.80969,40.44694],[16.80282,40.45744],[16.78547,40.46288],[16.75951,40.46298],[16.75544,40.4641],[16.75662,40.46819],[16.74381,40.46469],[16.72022,40.47982],[16.73707,40.50383],[16.73622,40.51196],[16.72426,40.5146],[16.71582,40.52425],[16.72438,40.53529],[16.70648,40.5493],[16.70536,40.55504],[16.71659,40.58224],[16.71177,40.59283],[16.72826,40.60142],[16.71262,40.61563],[16.70976,40.63283],[16.7272,40.68838],[16.7155,40.68932],[16.69649,40.70261],[16.70448,40.71124],[16.70871,40.70542],[16.7249,40.71383],[16.67321,40.73849],[16.66336,40.74887],[16.66152,40.73683],[16.65286,40.7363],[16.64935,40.73803],[16.65317,40.74391],[16.63282,40.75357],[16.60794,40.75191],[16.57968,40.76366],[16.56697,40.75446],[16.57798,40.742],[16.57244,40.73694],[16.56367,40.73976],[16.55447,40.75765],[16.5358,40.75193],[16.53138,40.74464],[16.54065,40.74185],[16.54402,40.72554],[16.53862,40.72498],[16.52532,40.73551],[16.52255,40.74645],[16.50844,40.75336],[16.50105,40.76229],[16.47968,40.7368],[16.43,40.70397],[16.41378,40.70186],[16.40015,40.70741],[16.38039,40.7364],[16.34881,40.74964],[16.31623,40.78311],[16.27823,40.80161],[16.26903,40.81471],[16.25615,40.82305],[16.25156,40.83358],[16.24303,40.83846],[16.23162,40.85404],[16.22381,40.88659],[16.20246,40.91753],[16.16297,40.92858],[16.1589,40.92395],[16.14653,40.92395],[16.13807,40.91835],[16.13432,40.90656],[16.12107,40.89772],[16.09277,40.92064],[16.05892,40.92893],[16.04443,40.93821],[15.97663,40.95845],[15.97181,40.97213],[16.00835,40.97209],[16.02704,40.99121],[16.03185,40.99829],[16.02793,41.02408],[16.04047,41.02836],[16.04062,41.03624],[16.00973,41.05704],[15.99886,41.05399],[15.98015,41.08159],[15.9826,41.0892],[15.97625,41.09417],[15.95414,41.09312],[15.95996,41.10005],[15.95339,41.11081],[15.93755,41.11358],[15.93187,41.10896],[15.92097,41.11115],[15.90079,41.12641],[15.89352,41.12277],[15.88099,41.1365],[15.87025,41.13992],[15.86502,41.13097],[15.85703,41.13129],[15.84511,41.12431],[15.83912,41.12451],[15.83864,41.1301],[15.83174,41.12913],[15.80537,41.11089],[15.79776,41.09102],[15.782,41.08976],[15.7684,41.08319],[15.7526,41.09734],[15.74275,41.0994],[15.73038,41.09903],[15.71709,41.08968],[15.68455,41.08688],[15.6459,41.08966],[15.61741,41.09926],[15.57838,41.09693],[15.55972,41.0882],[15.55342,41.07754],[15.5393,41.07038],[15.55103,41.03942],[15.56324,41.03075],[15.55839,41.02262],[15.57218,40.9984],[15.56829,40.98989],[15.56946,40.97997],[15.56556,40.96733],[15.54228,40.9464],[15.53491,40.91974],[15.52724,40.90783],[15.46763,40.8896],[15.47302,40.87434],[15.46081,40.86715],[15.4537,40.86823],[15.44472,40.87682],[15.42955,40.87967],[15.40273,40.88161],[15.38811,40.87562],[15.37529,40.88581],[15.35416,40.88265],[15.35524,40.87089],[15.37835,40.86767],[15.37521,40.85954],[15.37768,40.83645],[15.36098,40.83918],[15.34459,40.83613],[15.33497,40.83488]]],[[[15.71485,39.96679],[15.7149,39.96694],[15.71485,39.96679]]],[[[16.63376,40.75418],[16.64646,40.75415],[16.63376,40.75435],[16.63376,40.75418]]]]}},{"type":"Feature","properties":{"cod_reg":"18","den_reg":"Calabria"},"geometry":{"type":"MultiPolygon","coordinates":[[[[15.63023,38.09323],[15.63484,38.07554],[15.65195,38.06619],[15.64777,38.05441],[15.65714,38.04028],[15.65266,38.02898],[15.63444,38.0199],[15.64018,38.00046],[15.67802,37.95406],[15.69595,37.9495],[15.70785,37.93789],[15.73297,37.92658],[15.74579,37.92536],[15.76123,37.91705],[15.77936,37.91612],[15.83951,37.91913],[15.92016,37.9297],[15.96327,37.91955],[15.99533,37.91674],[16.01982,37.92262],[16.06446,37.92563],[16.11336,37.97685],[16.14446,38.03121],[16.14289,38.04365],[16.16522,38.13582],[16.19273,38.15783],[16.28806,38.25894],[16.33509,38.30011],[16.434,38.32905],[16.43349,38.32625],[16.47332,38.34406],[16.51154,38.37202],[16.57268,38.42927],[16.58318,38.45885],[16.57982,38.50167],[16.57188,38.53502],[16.57097,38.58898],[16.56138,38.61721],[16.55718,38.64778],[16.55873,38.68135],[16.55472,38.69128],[16.54677,38.69194],[16.53571,38.70371],[16.5348,38.71241],[16.54256,38.72699],[16.56741,38.75363],[16.56826,38.76786],[16.6047,38.81061],[16.6243,38.82509],[16.63806,38.82686],[16.77583,38.89541],[16.89058,38.928],[16.9529,38.93793],[16.98064,38.93815],[16.99765,38.92997],[17.00918,38.91264],[17.0216,38.90583],[17.02911,38.90816],[17.02644,38.91054],[17.03092,38.91594],[17.04209,38.91891],[17.08514,38.91219],[17.09344,38.90559],[17.08959,38.89611],[17.09415,38.89262],[17.10096,38.90467],[17.17047,38.95687],[17.16051,38.96919],[17.15942,38.98077],[17.16517,38.99586],[17.18862,39.02032],[17.2059,39.02482],[17.2052,39.02952],[17.19802,39.02663],[17.17313,39.03291],[17.1475,39.04614],[17.13174,39.06555],[17.13056,39.07522],[17.13601,39.08169],[17.1372,39.0775],[17.1387,39.07987],[17.13515,39.08698],[17.12598,39.0963],[17.13586,39.08351],[17.11953,39.08766],[17.1107,39.09649],[17.1081,39.10734],[17.11597,39.1411],[17.14809,39.20537],[17.12789,39.22377],[17.10738,39.25088],[17.10463,39.26529],[17.11154,39.28893],[17.10965,39.30786],[17.13285,39.35953],[17.13602,39.37525],[17.15692,39.40136],[17.11864,39.40561],[17.08055,39.42201],[17.0463,39.44428],[17.02874,39.4778],[17.02162,39.48391],[16.95207,39.49843],[16.8666,39.53862],[16.83338,39.56137],[16.81301,39.59209],[16.77042,39.62079],[16.75528,39.62448],[16.73292,39.61629],[16.68856,39.62153],[16.61865,39.62195],[16.59331,39.6297],[16.5434,39.65406],[16.52368,39.6589],[16.51812,39.66796],[16.52345,39.67362],[16.5294,39.72444],[16.50603,39.73606],[16.49219,39.75151],[16.48726,39.77258],[16.4892,39.79664],[16.5023,39.82594],[16.53826,39.87076],[16.60494,39.93182],[16.62697,39.95691],[16.62957,39.96588],[16.6149,39.98354],[16.60851,40.01765],[16.59889,40.0419],[16.60409,40.05543],[16.60566,40.07998],[16.64507,40.11803],[16.62777,40.12973],[16.58733,40.13306],[16.57232,40.12645],[16.55469,40.12846],[16.53001,40.11809],[16.51798,40.12878],[16.50309,40.1299],[16.49333,40.12521],[16.47077,40.13408],[16.45198,40.1348],[16.43401,40.12801],[16.42112,40.14393],[16.41992,40.12852],[16.40895,40.12096],[16.41381,40.10975],[16.41424,40.08068],[16.4064,40.07285],[16.39277,40.04244],[16.39838,40.01694],[16.38966,40.00145],[16.3722,39.98573],[16.36058,39.96859],[16.36213,39.96017],[16.35809,39.9541],[16.3469,39.94937],[16.3378,39.93618],[16.34789,39.92456],[16.35966,39.9196],[16.35516,39.90111],[16.3506,39.89873],[16.30959,39.93404],[16.28242,39.9309],[16.26889,39.93598],[16.238,39.92547],[16.21428,39.9266],[16.21937,39.91759],[16.21469,39.89598],[16.15896,39.9194],[16.13797,39.90141],[16.13173,39.90727],[16.10332,39.90692],[16.0824,39.89625],[16.05472,39.8985],[16.04902,39.8948],[16.03795,39.91599],[16.01653,39.92575],[16.02192,39.93413],[16.01401,39.94064],[16.00688,39.95694],[16.01951,39.97441],[16.03381,39.98276],[16.03071,39.99336],[16.02338,39.99595],[16.0086,39.99648],[16.0054,39.98993],[15.9792,39.9824],[15.96852,39.99173],[15.92802,40.00107],[15.89777,39.98167],[15.89077,39.99432],[15.87687,39.99652],[15.86758,39.99037],[15.85171,40.0059],[15.82005,40.00187],[15.7948,39.97137],[15.7718,39.95875],[15.76586,39.9306],[15.75592,39.92356],[15.77898,39.89367],[15.79216,39.8602],[15.78907,39.84946],[15.77947,39.84729],[15.76906,39.83558],[15.77732,39.8322],[15.77535,39.82348],[15.78548,39.81664],[15.81608,39.6815],[15.8317,39.66831],[15.87559,39.55198],[15.88573,39.54172],[15.90363,39.53762],[15.9252,39.52653],[15.95944,39.47777],[15.98094,39.46141],[15.99862,39.43645],[16.03814,39.34235],[16.05222,39.29481],[16.06724,39.13568],[16.0824,39.09472],[16.09915,39.02919],[16.1355,38.991],[16.15794,38.95017],[16.17111,38.94814],[16.18457,38.93751],[16.21069,38.93054],[16.21603,38.92485],[16.22062,38.90253],[16.221,38.85396],[16.21371,38.81234],[16.18853,38.75612],[16.18242,38.74761],[16.16137,38.73783],[16.1388,38.71966],[16.1062,38.71198],[16.04647,38.72395],[16.04231,38.7277],[16.00532,38.7221],[15.98608,38.7232],[15.94843,38.69134],[15.87141,38.67232],[15.85156,38.66173],[15.83675,38.6462],[15.82819,38.61778],[15.84559,38.61289],[15.86354,38.59629],[15.89315,38.57752],[15.90116,38.56443],[15.9306,38.54684],[15.93028,38.53486],[15.91053,38.47755],[15.89837,38.4515],[15.89138,38.4457],[15.89927,38.44742],[15.91097,38.47256],[15.91637,38.47041],[15.90206,38.44637],[15.90764,38.4452],[15.90194,38.43945],[15.88982,38.43826],[15.87596,38.42225],[15.86053,38.39184],[15.86298,38.38925],[15.85955,38.38225],[15.83306,38.35753],[15.8297,38.32455],[15.81768,38.30154],[15.79521,38.28088],[15.73628,38.25298],[15.71385,38.25464],[15.69155,38.25087],[15.66868,38.23945],[15.63534,38.23133],[15.63234,38.22533],[15.63401,38.18584],[15.64119,38.18113],[15.6396,38.1704],[15.65506,38.15249],[15.65668,38.13602],[15.64796,38.1143],[15.63065,38.10055],[15.63023,38.09323]]],[[[15.76861,39.87193],[15.78066,39.87341],[15.77427,39.87587],[15.76872,39.87243],[15.76861,39.87193]]],[[[15.77817,39.8476],[15.77839,39.84796],[15.77817,39.8476]]],[[[15.78812,39.85662],[15.78822,39.85667],[15.78812,39.85662]]],[[[15.79999,39.69846],[15.8032,39.69799],[15.80032,39.70017],[15.79999,39.69846]]]]}},{"type":"Feature","properties":{"cod_reg":"19","den_reg":"Sicilia"},"geometry":{"type":"MultiPolygon","coordinates":[[[[11.92587,36.81606],[11.92669,36.80211],[11.94413,36.79041],[11.95604,36.77366],[11.96998,36.76581],[11.98281,36.74478],[11.99298,36.73783],[12.02784,36.73606],[12.04237,36.7455],[12.05482,36.76323],[12.0531,36.79071],[12.0484,36.79993],[12.0264,36.81167],[12.01318,36.82514],[11.99965,36.8207],[11.99096,36.82238],[11.98023,36.82644],[11.97598,36.83446],[11.95358,36.8394],[11.94354,36.8355],[11.94227,36.8309],[11.93535,36.83295],[11.94028,36.83801],[11.93655,36.83544],[11.92632,36.8192],[11.92587,36.81606]]],[[[12.02826,37.98951],[12.03376,37.98883],[12.04467,37.95847],[12.08437,37.94554],[12.09145,37.94763],[12.06502,37.9775],[12.06483,37.99311],[12.02838,37.9908],[12.02826,37.98951]]],[[[12.27433,37.936],[12.28161,37.91908],[12.28783,37.91541],[12.31626,37.92105],[12.33727,37.9198],[12.35299,37.90364],[12.36581,37.90617],[12.37058,37.91847],[12.36767,37.92332],[12.3617,37.92224],[12.35233,37.92791],[12.34559,37.93711],[12.32306,37.93135],[12.30812,37.95567],[12.28868,37.94193],[12.2782,37.94211],[12.27501,37.93861],[12.27433,37.936]]],[[[12.28898,37.91371],[12.28901,37.91403],[12.28898,37.91371]]],[[[12.29797,37.91199],[12.29805,37.91255],[12.29797,37.91199]]],[[[12.30053,37.91433],[12.30386,37.91467],[12.30057,37.91501],[12.30053,37.91433]]],[[[12.31995,35.55123],[12.32273,35.55186],[12.32007,35.55193],[12.31995,35.55123]]],[[[12.32002,38.00099],[12.33346,37.98579],[12.3441,37.98636],[12.35322,37.99287],[12.34597,37.99901],[12.33568,38.02053],[12.32882,38.00892],[12.32238,38.00631],[12.32002,38.00099]]],[[[12.32745,37.98706],[12.32748,37.98714],[12.32745,37.98706]]],[[[12.41127,37.99234],[12.41701,37.98773],[12.41135,37.9924],[12.41127,37.99234]]],[[[12.42349,37.98871],[12.42685,37.9893],[12.4238,37.98972],[12.42349,37.98871]]],[[[12.42655,37.80077],[12.44328,37.78819],[12.47007,37.74704],[12.47031,37.7208],[12.47518,37.70983],[12.47111,37.70455],[12.47585,37.69911],[12.51723,37.66575],[12.51771,37.6608],[12.5357,37.65782],[12.55953,37.6628],[12.56766,37.6603],[12.57853,37.64843],[12.58634,37.65263],[12.60642,37.6413],[12.61427,37.63533],[12.62249,37.61166],[12.649,37.57699],[12.6557,37.57551],[12.67284,37.55995],[12.78099,37.58084],[12.85824,37.58264],[12.90667,37.57235],[12.91772,37.5771],[12.94547,37.5716],[12.96416,37.56161],[12.9929,37.53647],[13.01339,37.51048],[13.01242,37.5],[13.02002,37.49558],[13.03854,37.49574],[13.05131,37.50341],[13.07718,37.50555],[13.12944,37.49312],[13.14733,37.49742],[13.16848,37.49216],[13.18572,37.47973],[13.19619,37.46504],[13.21722,37.45923],[13.23693,37.43363],[13.25385,37.42455],[13.27204,37.38989],[13.29255,37.39044],[13.3096,37.37846],[13.32173,37.36373],[13.3506,37.35854],[13.38805,37.33611],[13.40296,37.33244],[13.42634,37.30681],[13.44848,37.29596],[13.46491,37.29522],[13.48236,37.28819],[13.50659,37.29171],[13.52112,37.28638],[13.55552,37.28544],[13.62327,37.23504],[13.642,37.22704],[13.65594,37.21162],[13.66344,37.19338],[13.68304,37.18764],[13.7068,37.17416],[13.72651,37.17005],[13.75031,37.14976],[13.77578,37.14524],[13.82408,37.14449],[13.84392,37.13363],[13.85666,37.12019],[13.85847,37.11261],[13.89515,37.09742],[13.94577,37.09759],[13.9788,37.10909],[14.03631,37.10609],[14.07827,37.11003],[14.16739,37.09205],[14.26143,37.05607],[14.3067,37.02919],[14.38292,36.95625],[14.44416,36.87002],[14.45669,36.8387],[14.46004,36.81468],[14.46571,36.81596],[14.49351,36.78655],[14.51416,36.78785],[14.53134,36.78048],[14.55514,36.78253],[14.58829,36.77699],[14.60108,36.76976],[14.63912,36.76106],[14.64915,36.75127],[14.67073,36.74252],[14.68984,36.72124],[14.70457,36.71697],[14.71627,36.72053],[14.74659,36.72007],[14.75571,36.71545],[14.75725,36.71045],[14.77764,36.71084],[14.78262,36.7066],[14.78105,36.70368],[14.79816,36.70718],[14.81667,36.7169],[14.83984,36.70786],[14.83172,36.70913],[14.82699,36.71495],[14.85037,36.72771],[14.87686,36.7311],[14.91027,36.72431],[14.95662,36.69409],[14.97266,36.69258],[14.99614,36.70207],[15.01796,36.70202],[15.04388,36.68772],[15.05523,36.66503],[15.07038,36.65879],[15.07952,36.64841],[15.10409,36.66168],[15.11608,36.67477],[15.13196,36.66681],[15.14018,36.68494],[15.1236,36.7016],[15.1215,36.73148],[15.11653,36.73943],[15.11986,36.74367],[15.11107,36.74697],[15.10307,36.75786],[15.09495,36.77655],[15.09869,36.79084],[15.09417,36.79933],[15.10518,36.80536],[15.10973,36.81641],[15.10606,36.83314],[15.11105,36.84867],[15.12461,36.86413],[15.13679,36.86626],[15.13711,36.88014],[15.15308,36.91412],[15.1722,36.92532],[15.17848,36.93757],[15.20328,36.95501],[15.20853,36.96353],[15.21989,36.96236],[15.23567,36.97242],[15.26167,36.97431],[15.26487,36.99762],[15.27534,37.00716],[15.28356,37.00602],[15.30172,37.01531],[15.31499,37.00371],[15.33502,37.00169],[15.33674,37.00757],[15.31242,37.03864],[15.30082,37.04259],[15.28824,37.03259],[15.27564,37.03938],[15.27054,37.05419],[15.27452,37.06234],[15.27957,37.0656],[15.28936,37.06329],[15.2963,37.05257],[15.29864,37.05942],[15.29127,37.06709],[15.296,37.07758],[15.3014,37.0802],[15.29575,37.10674],[15.28151,37.1102],[15.26269,37.1061],[15.2593,37.10979],[15.26884,37.11587],[15.2589,37.10975],[15.23695,37.11544],[15.22074,37.1294],[15.22012,37.14337],[15.22924,37.15261],[15.24475,37.14587],[15.23361,37.15913],[15.22592,37.15844],[15.22687,37.15292],[15.22105,37.15017],[15.20626,37.15317],[15.19938,37.16365],[15.20132,37.17824],[15.18648,37.1915],[15.18321,37.21578],[15.19505,37.22582],[15.18595,37.23643],[15.19359,37.23613],[15.21343,37.24768],[15.21752,37.23839],[15.21636,37.22401],[15.23353,37.19856],[15.22536,37.21621],[15.2238,37.23889],[15.23037,37.24307],[15.24572,37.23219],[15.25458,37.23531],[15.25298,37.24426],[15.24374,37.24946],[15.24104,37.26056],[15.22354,37.27091],[15.20653,37.29306],[15.19946,37.29344],[15.19478,37.28255],[15.18665,37.27941],[15.18555,37.28696],[15.17827,37.29108],[15.17133,37.29331],[15.16223,37.289],[15.13928,37.30681],[15.10527,37.31018],[15.09941,37.318],[15.09097,37.35864],[15.0914,37.40624],[15.08528,37.47361],[15.09261,37.49236],[15.09027,37.49966],[15.09873,37.50034],[15.09962,37.48375],[15.09926,37.50045],[15.10834,37.51876],[15.11723,37.52347],[15.11504,37.53066],[15.14299,37.54356],[15.14881,37.55493],[15.15903,37.55989],[15.16634,37.57195],[15.17714,37.57626],[15.17245,37.60849],[15.17435,37.6325],[15.19916,37.65418],[15.19616,37.66274],[15.19918,37.67668],[15.21835,37.70837],[15.21735,37.71662],[15.20491,37.73634],[15.21382,37.7565],[15.24427,37.79531],[15.27093,37.81832],[15.26902,37.83022],[15.27309,37.83581],[15.28616,37.84764],[15.30339,37.85275],[15.2966,37.86238],[15.30596,37.87787],[15.34596,37.91017],[15.34935,37.9234],[15.43681,38.01496],[15.44521,38.02832],[15.47721,38.05459],[15.4936,38.07461],[15.53232,38.14565],[15.57461,38.19322],[15.57209,38.19751],[15.56423,38.19742],[15.56957,38.19584],[15.56693,38.19063],[15.55759,38.19038],[15.57197,38.23349],[15.58686,38.24815],[15.6533,38.26772],[15.58968,38.27993],[15.54141,38.30144],[15.51945,38.29726],[15.44948,38.25131],[15.42613,38.24133],[15.35356,38.21777],[15.29283,38.20638],[15.2592,38.20833],[15.24129,38.21689],[15.25369,38.24557],[15.24224,38.26547],[15.23244,38.27171],[15.22443,38.2685],[15.23588,38.26601],[15.23534,38.25257],[15.24097,38.24249],[15.22534,38.20475],[15.20948,38.18349],[15.17377,38.15337],[15.09659,38.12104],[15.07744,38.12152],[15.05617,38.13151],[15.05337,38.14322],[15.04504,38.15227],[15.01193,38.14905],[14.97307,38.15177],[14.93968,38.17989],[14.91594,38.19238],[14.89062,38.17247],[14.87567,38.16821],[14.85703,38.16909],[14.78924,38.15186],[14.76114,38.15645],[14.74859,38.16584],[14.67787,38.09902],[14.64139,38.076],[14.63059,38.07086],[14.6133,38.07118],[14.58523,38.059],[14.55642,38.06012],[14.52585,38.04225],[14.47168,38.03281],[14.44775,38.03411],[14.43966,38.04047],[14.42637,38.04051],[14.39906,38.02456],[14.37283,38.01584],[14.34159,38.0192],[14.3121,38.0083],[14.28846,38.00701],[14.27023,38.01268],[14.25347,38.00866],[14.18028,38.02046],[14.16953,38.01821],[14.14646,38.03002],[14.14299,38.02374],[14.12605,38.0168],[14.10642,38.01462],[14.08492,38.01953],[14.06512,38.0185],[14.03203,38.03708],[14.03732,38.04153],[14.00608,38.03244],[13.98041,38.02902],[13.97159,38.03379],[13.94493,38.02719],[13.89597,38.00413],[13.83411,37.98262],[13.74365,37.97019],[13.70955,37.97783],[13.70364,37.98993],[13.72152,37.98704],[13.65218,37.99776],[13.6401,38.0066],[13.62281,38.01024],[13.59754,38.02671],[13.56642,38.03876],[13.54133,38.05752],[13.53649,38.06709],[13.54079,38.09204],[13.53564,38.10717],[13.53943,38.1093],[13.53788,38.11255],[13.5315,38.11027],[13.50859,38.1196],[13.50508,38.10833],[13.47303,38.09793],[13.44377,38.09492],[13.40533,38.09993],[13.38362,38.10904],[13.36267,38.12984],[13.36691,38.1354],[13.37031,38.13056],[13.37254,38.13299],[13.3697,38.13599],[13.37494,38.15395],[13.36572,38.18228],[13.35942,38.19012],[13.3466,38.19108],[13.32888,38.19985],[13.3256,38.20559],[13.32766,38.21166],[13.31647,38.22468],[13.29626,38.21747],[13.27401,38.19822],[13.26681,38.20182],[13.24796,38.19895],[13.24144,38.20413],[13.24396,38.19322],[13.23797,38.18661],[13.19139,38.16933],[13.16306,38.17108],[13.16004,38.18581],[13.1387,38.18332],[13.12203,38.19147],[13.10563,38.19094],[13.08073,38.17392],[13.08511,38.16336],[13.08337,38.15769],[13.07962,38.15926],[13.08095,38.15496],[13.06714,38.14276],[13.05243,38.13873],[13.06826,38.12056],[13.0778,38.08772],[13.05292,38.07262],[13.03987,38.07138],[13.02838,38.06264],[12.97611,38.03966],[12.90178,38.0245],[12.87868,38.02907],[12.87112,38.03716],[12.86864,38.05129],[12.85482,38.04963],[12.82713,38.06629],[12.81096,38.0813],[12.79019,38.11204],[12.79093,38.13514],[12.77946,38.15093],[12.77113,38.15037],[12.76852,38.15396],[12.76744,38.16442],[12.77169,38.16933],[12.76815,38.17956],[12.73857,38.17588],[12.73167,38.18024],[12.73463,38.18843],[12.73113,38.18957],[12.71822,38.18173],[12.71593,38.17287],[12.73757,38.1396],[12.70999,38.10879],[12.68903,38.10557],[12.67238,38.11462],[12.66036,38.11179],[12.65731,38.10209],[12.66287,38.0945],[12.64493,38.0786],[12.60421,38.06476],[12.57751,38.07066],[12.56938,38.06885],[12.55994,38.06442],[12.55473,38.05171],[12.52752,38.03252],[12.52194,38.02392],[12.50947,38.0172],[12.49158,38.01696],[12.52206,38.01317],[12.51988,38.00929],[12.51135,38.00964],[12.50661,37.99407],[12.49434,37.98494],[12.49853,37.96608],[12.48869,37.94506],[12.45884,37.90909],[12.47107,37.88757],[12.4824,37.88164],[12.48587,37.87368],[12.46693,37.84039],[12.46804,37.82785],[12.46169,37.8173],[12.44287,37.81099],[12.44015,37.81237],[12.44487,37.81634],[12.44268,37.82167],[12.4388,37.81251],[12.42978,37.80597],[12.42655,37.80077]]],[[[12.42927,37.89276],[12.43723,37.88045],[12.44721,37.84407],[12.45181,37.85291],[12.44846,37.8668],[12.45211,37.87342],[12.44548,37.89196],[12.45502,37.89842],[12.45537,37.90489],[12.44457,37.89785],[12.42939,37.89513],[12.42927,37.89276]]],[[[12.45532,37.88738],[12.46518,37.87865],[12.45556,37.88736],[12.45532,37.88738]]],[[[12.45624,37.86266],[12.45626,37.86291],[12.45624,37.86266]]],[[[12.46418,37.86848],[12.4676,37.86356],[12.47232,37.86819],[12.46425,37.86868],[12.46418,37.86848]]],[[[12.46891,37.73084],[12.46898,37.73089],[12.46891,37.73084]]],[[[12.48797,38.01273],[12.48819,38.01287],[12.48797,38.01273]]],[[[12.49614,38.0121],[12.49742,38.00504],[12.49628,38.01207],[12.49614,38.0121]]],[[[12.51725,35.52115],[12.53075,35.51509],[12.56782,35.51126],[12.57052,35.50662],[12.59926,35.49554],[12.6041,35.50255],[12.60872,35.49542],[12.6314,35.49371],[12.63428,35.50111],[12.62487,35.51076],[12.62641,35.51562],[12.63295,35.5175],[12.60466,35.52596],[12.59332,35.52077],[12.53525,35.52866],[12.51788,35.52164],[12.51725,35.52115]]],[[[12.52784,35.52902],[12.52794,35.52907],[12.52784,35.52902]]],[[[12.52876,38.06415],[12.52877,38.06426],[12.52876,38.06415]]],[[[12.55703,35.51017],[12.5601,35.50894],[12.55714,35.51049],[12.55703,35.51017]]],[[[12.84848,35.8686],[12.85903,35.85515],[12.88315,35.85729],[12.87727,35.87482],[12.86071,35.87579],[12.84851,35.86879],[12.84848,35.8686]]],[[[13.15307,38.69372],[13.17347,38.69114],[13.18627,38.69637],[13.2007,38.71079],[13.17702,38.72006],[13.15966,38.71212],[13.15309,38.69379],[13.15307,38.69372]]],[[[13.23377,38.21029],[13.23748,38.20764],[13.23673,38.21255],[13.23382,38.21076],[13.23377,38.21029]]],[[[13.85559,37.11282],[13.85575,37.11283],[13.85559,37.11282]]],[[[14.33907,38.54303],[14.34275,38.53309],[14.35602,38.53067],[14.36237,38.53568],[14.36649,38.54962],[14.36113,38.55453],[14.34805,38.55376],[14.33909,38.54323],[14.33907,38.54303]]],[[[14.53986,38.57893],[14.54159,38.57211],[14.55577,38.55776],[14.57608,38.55767],[14.58569,38.55323],[14.59333,38.55593],[14.59163,38.55977],[14.58106,38.56159],[14.58138,38.57262],[14.57569,38.58127],[14.5532,38.58584],[14.54155,38.58218],[14.53986,38.57893]]],[[[14.79579,38.56245],[14.80557,38.55386],[14.85646,38.53419],[14.8707,38.53683],[14.8684,38.55207],[14.87501,38.56338],[14.86698,38.58308],[14.84568,38.57944],[14.80789,38.58289],[14.79583,38.56269],[14.79579,38.56245]]],[[[14.89819,38.49],[14.89946,38.47911],[14.91092,38.46652],[14.93356,38.46061],[14.94279,38.44263],[14.95321,38.43922],[14.96265,38.45229],[14.95687,38.45965],[14.9553,38.47442],[14.96167,38.47836],[14.97829,38.47873],[14.98068,38.48315],[14.96261,38.49092],[14.96469,38.50644],[14.95983,38.5238],[14.94493,38.51964],[14.92619,38.523],[14.91249,38.51806],[14.90496,38.51188],[14.89827,38.49016],[14.89819,38.49]]],[[[14.93149,36.68603],[14.93157,36.6863],[14.93149,36.68603]]],[[[14.93802,38.39978],[14.93804,38.39984],[14.93802,38.39978]]],[[[14.9389,38.4073],[14.9488,38.38767],[14.97608,38.36917],[14.9921,38.36665],[15.0055,38.3758],[14.99492,38.39827],[14.98518,38.40626],[14.96373,38.41211],[14.96249,38.41984],[14.96899,38.42544],[14.96275,38.43113],[14.95542,38.43045],[14.95322,38.42282],[14.93891,38.40944],[14.9389,38.4073]]],[[[15.05457,38.62919],[15.05707,38.62482],[15.07322,38.62893],[15.07703,38.64359],[15.06885,38.64729],[15.05703,38.63699],[15.05457,38.62919]]],[[[15.06213,38.62429],[15.06227,38.62439],[15.06213,38.62429]]],[[[15.06358,38.64707],[15.06362,38.6471],[15.06358,38.64707]]],[[[15.09582,38.63941],[15.09746,38.6403],[15.09582,38.63941]]],[[[15.10347,36.79234],[15.10556,36.79004],[15.10464,36.79296],[15.10347,36.79234]]],[[[15.10643,38.63475],[15.10647,38.63491],[15.10643,38.63475]]],[[[15.1076,38.66497],[15.10784,38.665],[15.1076,38.66497]]],[[[15.10876,38.66365],[15.11796,38.66107],[15.11476,38.66592],[15.10883,38.66378],[15.10876,38.66365]]],[[[15.11009,38.6383],[15.11013,38.6384],[15.11009,38.6383]]],[[[15.11244,38.63933],[15.11571,38.63897],[15.11255,38.63953],[15.11244,38.63933]]],[[[15.11836,36.73812],[15.11837,36.73834],[15.11836,36.73812]]],[[[15.14314,36.68429],[15.15418,36.68893],[15.14629,36.68846],[15.14316,36.68433],[15.14314,36.68429]]],[[[15.16508,37.56026],[15.16545,37.56028],[15.16508,37.56026]]],[[[15.16559,37.56147],[15.16584,37.56226],[15.16559,37.56147]]],[[[15.18736,38.79088],[15.19568,38.77994],[15.2158,38.7716],[15.22688,38.77723],[15.23082,38.78862],[15.24317,38.80342],[15.21618,38.8117],[15.18773,38.79205],[15.18736,38.79088]]],[[[15.20333,37.23551],[15.20371,37.23599],[15.20333,37.23551]]],[[[15.26285,36.97911],[15.26312,36.97975],[15.26285,36.97911]]],[[[15.29988,37.85023],[15.30004,37.85065],[15.29988,37.85023]]]]}},{"type":"Feature","properties":{"cod_reg":"20","den_reg":"Sardegna"},"geometry":{"type":"MultiPolygon","coordinates":[[[[8.13073,40.73281],[8.14834,40.72492],[8.15515,40.71458],[8.17092,40.70743],[8.17475,40.69471],[8.19426,40.69158],[8.2049,40.6849],[8.20411,40.67959],[8.19606,40.67864],[8.19882,40.67329],[8.18938,40.65727],[8.18673,40.63919],[8.14347,40.62344],[8.15044,40.57921],[8.16118,40.56074],[8.1644,40.56032],[8.16576,40.56613],[8.16104,40.57606],[8.16308,40.58151],[8.18149,40.59784],[8.18937,40.61581],[8.19406,40.6182],[8.20949,40.61483],[8.21936,40.6018],[8.21749,40.59476],[8.21021,40.59299],[8.19788,40.57626],[8.19784,40.57109],[8.20327,40.56903],[8.24325,40.57112],[8.24567,40.58104],[8.25083,40.58442],[8.26074,40.58404],[8.28704,40.59422],[8.30554,40.58675],[8.3176,40.57069],[8.31472,40.56053],[8.30901,40.56046],[8.31962,40.55035],[8.33909,40.5095],[8.33839,40.50316],[8.36788,40.49643],[8.37394,40.49083],[8.38464,40.45546],[8.3984,40.42962],[8.40185,40.40928],[8.38878,40.36598],[8.37854,40.35801],[8.38407,40.35057],[8.38254,40.33874],[8.43264,40.33345],[8.44223,40.31901],[8.45386,40.31997],[8.46381,40.3153],[8.46432,40.30041],[8.47277,40.28759],[8.48307,40.28348],[8.48334,40.27204],[8.46124,40.2131],[8.46766,40.19949],[8.45576,40.17668],[8.46135,40.17226],[8.46006,40.15038],[8.4849,40.11778],[8.488,40.09429],[8.49293,40.08665],[8.4892,40.07963],[8.4537,40.05081],[8.44357,40.04772],[8.43412,40.05212],[8.42625,40.0446],[8.4119,40.04115],[8.39912,40.05127],[8.39657,40.04398],[8.38647,40.04418],[8.37626,40.03577],[8.37825,40.02893],[8.40188,40.03253],[8.41408,40.017],[8.41111,39.99935],[8.3914,39.97554],[8.39765,39.97032],[8.40136,39.95699],[8.39978,39.90146],[8.42043,39.89589],[8.43598,39.88237],[8.43834,39.86759],[8.43175,39.8622],[8.43557,39.85802],[8.44193,39.88002],[8.46762,39.9011],[8.46646,39.90362],[8.4823,39.90423],[8.49186,39.90962],[8.48915,39.90225],[8.49461,39.90109],[8.4895,39.90238],[8.49105,39.90541],[8.50568,39.90786],[8.52967,39.89886],[8.54561,39.87598],[8.53982,39.8698],[8.54424,39.86601],[8.5688,39.86368],[8.55384,39.85777],[8.55459,39.8373],[8.54537,39.79519],[8.53266,39.7704],[8.51311,39.75337],[8.52108,39.74601],[8.50397,39.72872],[8.50805,39.72439],[8.50293,39.71416],[8.48967,39.71547],[8.49907,39.71733],[8.49768,39.72081],[8.45984,39.76846],[8.4513,39.76959],[8.44397,39.7581],[8.44968,39.72119],[8.45534,39.71112],[8.45166,39.69196],[8.44509,39.6852],[8.44701,39.67491],[8.45664,39.66589],[8.45144,39.65789],[8.45022,39.63356],[8.45196,39.62442],[8.46555,39.61619],[8.47057,39.59894],[8.44703,39.53963],[8.40971,39.49282],[8.38466,39.47068],[8.38486,39.45487],[8.39266,39.4468],[8.4109,39.44118],[8.41272,39.4269],[8.40243,39.40472],[8.38589,39.39426],[8.37977,39.3743],[8.37589,39.37693],[8.37314,39.3738],[8.38812,39.36285],[8.3871,39.35327],[8.39669,39.33768],[8.41582,39.33615],[8.42044,39.33168],[8.42043,39.32096],[8.43075,39.31349],[8.437,39.292],[8.42356,39.26792],[8.41096,39.2644],[8.36665,39.22817],[8.36849,39.21611],[8.37978,39.20326],[8.3967,39.19832],[8.41136,39.14951],[8.41736,39.14785],[8.40939,39.16495],[8.414,39.17214],[8.43721,39.15592],[8.4391,39.13999],[8.43353,39.12985],[8.43962,39.11486],[8.46091,39.12125],[8.46857,39.11765],[8.47925,39.09314],[8.48846,39.08474],[8.47786,39.06812],[8.47801,39.06095],[8.46601,39.05716],[8.45905,39.06579],[8.45649,39.08374],[8.43152,39.09592],[8.42618,39.1091],[8.41024,39.10207],[8.38038,39.09964],[8.36957,39.11399],[8.36033,39.10994],[8.3603,39.10487],[8.35075,39.09751],[8.35851,39.08691],[8.3496,39.07898],[8.35722,39.0637],[8.36369,39.03164],[8.37052,39.02206],[8.3734,39.02329],[8.3709,39.01948],[8.37563,39.01154],[8.38324,39.00614],[8.40321,38.96231],[8.41424,38.95529],[8.4368,38.9629],[8.44371,38.97037],[8.4406,38.97843],[8.45151,38.98978],[8.45276,39.02473],[8.47005,39.05156],[8.46833,39.05524],[8.49867,39.06339],[8.53163,39.05948],[8.53442,39.05345],[8.54854,39.04444],[8.56503,39.04539],[8.57493,39.03206],[8.5759,39.01952],[8.56683,39.01082],[8.56628,38.99661],[8.58931,38.96401],[8.58485,38.95993],[8.5868,38.95565],[8.60337,38.96301],[8.61903,38.94874],[8.62359,38.93756],[8.61987,38.91661],[8.60697,38.90529],[8.60677,38.89276],[8.62142,38.89032],[8.632,38.89545],[8.64639,38.89422],[8.6366,38.86793],[8.63993,38.86495],[8.65705,38.87065],[8.65491,38.88283],[8.64825,38.88687],[8.64967,38.89489],[8.6561,38.89829],[8.66757,38.895],[8.67278,38.90827],[8.68171,38.90936],[8.69339,38.91863],[8.70968,38.92165],[8.72261,38.93773],[8.76203,38.91697],[8.77637,38.91555],[8.78181,38.91162],[8.77815,38.90384],[8.802,38.88665],[8.7996,38.89729],[8.80598,38.89966],[8.82769,38.89058],[8.82668,38.88424],[8.83333,38.87753],[8.83881,38.88039],[8.85484,38.87668],[8.88004,38.89544],[8.90388,38.90578],[8.92087,38.9251],[8.99408,38.97566],[8.99621,38.98541],[9.01192,38.98695],[9.02396,39.00446],[9.02438,39.02018],[9.04087,39.0418],[9.04579,39.05614],[9.02515,39.08105],[9.03817,39.08637],[9.05393,39.08522],[9.04885,39.08876],[9.03737,39.08802],[9.02435,39.08243],[9.01652,39.08666],[9.01642,39.10493],[9.00892,39.12128],[9.01743,39.14576],[9.04722,39.18058],[9.09592,39.21411],[9.11457,39.21204],[9.14679,39.18293],[9.15946,39.1807],[9.16892,39.18816],[9.15986,39.19367],[9.16533,39.20422],[9.18517,39.21815],[9.20979,39.22681],[9.23144,39.22766],[9.24738,39.21644],[9.29653,39.2132],[9.30109,39.20467],[9.32277,39.20345],[9.35001,39.17839],[9.37106,39.17378],[9.39167,39.15745],[9.39227,39.14459],[9.4009,39.14092],[9.4035,39.1446],[9.40837,39.14345],[9.43096,39.13331],[9.43765,39.12201],[9.44224,39.12653],[9.48462,39.13559],[9.5029,39.13116],[9.50936,39.12428],[9.50528,39.11073],[9.52379,39.09467],[9.51993,39.10248],[9.52095,39.11764],[9.53885,39.13291],[9.54896,39.13237],[9.56156,39.13847],[9.57037,39.16921],[9.57869,39.17564],[9.57786,39.1844],[9.56504,39.18906],[9.56298,39.1985],[9.57069,39.24112],[9.58155,39.26411],[9.60686,39.29418],[9.62137,39.29849],[9.63238,39.29536],[9.63415,39.29921],[9.60388,39.32048],[9.59776,39.35026],[9.60823,39.38879],[9.63117,39.43348],[9.64042,39.4424],[9.64595,39.46139],[9.6416,39.48312],[9.64474,39.4901],[9.6319,39.50164],[9.63936,39.54051],[9.65434,39.55245],[9.6503,39.56098],[9.65797,39.57815],[9.65766,39.60075],[9.64719,39.6517],[9.66365,39.68214],[9.65998,39.69743],[9.66866,39.70113],[9.67596,39.71089],[9.66947,39.78362],[9.68411,39.83979],[9.69673,39.85343],[9.68258,39.87001],[9.68199,39.90028],[9.69136,39.91729],[9.70569,39.92465],[9.71319,39.9218],[9.71583,39.92838],[9.71569,39.93297],[9.71035,39.93567],[9.7128,39.93895],[9.70791,39.9409],[9.69974,39.93591],[9.68685,39.94842],[9.68699,39.9825],[9.69998,40.00073],[9.69985,40.01763],[9.70549,40.03357],[9.72053,40.049],[9.72816,40.07078],[9.73568,40.07749],[9.72892,40.09083],[9.68957,40.10796],[9.65427,40.14426],[9.65448,40.15358],[9.64524,40.17102],[9.63465,40.17909],[9.63012,40.18899],[9.62392,40.25278],[9.63646,40.28288],[9.6826,40.33733],[9.73031,40.37534],[9.74174,40.38139],[9.75473,40.38128],[9.76387,40.39072],[9.7732,40.4077],[9.77289,40.42612],[9.78464,40.43994],[9.79259,40.44306],[9.80052,40.4568],[9.82776,40.51266],[9.82839,40.52844],[9.79577,40.54474],[9.79196,40.55017],[9.79303,40.56359],[9.78281,40.57917],[9.76803,40.58391],[9.75176,40.60087],[9.75302,40.61551],[9.74406,40.62401],[9.74195,40.63449],[9.74363,40.64794],[9.75028,40.65612],[9.74969,40.67993],[9.74204,40.6914],[9.72273,40.70035],[9.71577,40.70894],[9.71147,40.73781],[9.71575,40.74258],[9.71549,40.75298],[9.68669,40.7665],[9.67139,40.78467],[9.67369,40.80446],[9.68139,40.80904],[9.68827,40.8062],[9.69192,40.8113],[9.68798,40.81901],[9.68081,40.82235],[9.68586,40.83532],[9.7139,40.83306],[9.72505,40.83825],[9.72791,40.84448],[9.71618,40.84237],[9.69352,40.84637],[9.68091,40.86143],[9.66518,40.85329],[9.65245,40.86085],[9.65686,40.87504],[9.65284,40.8795],[9.64578,40.87999],[9.64804,40.87699],[9.64066,40.87426],[9.63533,40.88459],[9.61595,40.88959],[9.61536,40.89478],[9.62462,40.89626],[9.64429,40.92001],[9.6136,40.9198],[9.58866,40.89961],[9.57666,40.90352],[9.56379,40.91783],[9.55171,40.92027],[9.50381,40.91269],[9.50318,40.92133],[9.52367,40.92411],[9.51008,40.92511],[9.50824,40.92869],[9.52537,40.93313],[9.53449,40.9328],[9.53913,40.92587],[9.56289,40.92399],[9.57483,40.92799],[9.57526,40.93395],[9.56822,40.93568],[9.56815,40.94244],[9.59386,40.96789],[9.58297,40.9762],[9.58468,40.98707],[9.6112,41.00316],[9.62052,41.00206],[9.63355,40.98867],[9.65143,40.98415],[9.66488,40.99545],[9.65599,41.00451],[9.63091,41.00213],[9.60823,41.01819],[9.59508,41.02273],[9.5915,41.01434],[9.57696,41.00302],[9.55548,41.00377],[9.5509,41.00694],[9.56288,41.02523],[9.56122,41.03771],[9.53553,41.02679],[9.5284,41.03012],[9.52991,41.01888],[9.52499,41.01111],[9.50592,41.00943],[9.52127,41.03159],[9.523,41.04939],[9.5325,41.06178],[9.52865,41.07075],[9.53459,41.08242],[9.54271,41.08976],[9.54142,41.0829],[9.5486,41.07993],[9.56295,41.08531],[9.57063,41.10052],[9.56689,41.11587],[9.56088,41.11982],[9.55376,41.11912],[9.54718,41.11257],[9.54042,41.11444],[9.53888,41.12269],[9.54579,41.13369],[9.52662,41.13374],[9.5324,41.14376],[9.52615,41.15684],[9.51949,41.1569],[9.51016,41.14084],[9.48568,41.14643],[9.46693,41.1435],[9.46377,41.13678],[9.47254,41.13409],[9.46808,41.12935],[9.47171,41.12571],[9.46338,41.12457],[9.4504,41.1049],[9.44084,41.10396],[9.4395,41.13363],[9.42886,41.14527],[9.43216,41.15152],[9.42972,41.15476],[9.40556,41.15707],[9.40995,41.16259],[9.42229,41.16626],[9.42329,41.17639],[9.38571,41.18085],[9.38086,41.1877],[9.37024,41.18324],[9.36331,41.20758],[9.35417,41.20264],[9.34889,41.20745],[9.3382,41.20469],[9.33158,41.19422],[9.33929,41.1919],[9.33187,41.18532],[9.31935,41.19345],[9.32258,41.19847],[9.32034,41.20307],[9.31614,41.20021],[9.3185,41.19517],[9.31538,41.19198],[9.29004,41.19332],[9.28921,41.19768],[9.30004,41.20298],[9.28786,41.21942],[9.28097,41.2067],[9.27993,41.19382],[9.27672,41.19317],[9.26995,41.19677],[9.28177,41.21699],[9.28076,41.22793],[9.27201,41.23329],[9.27204,41.2393],[9.23701,41.24604],[9.23507,41.25914],[9.22524,41.25923],[9.19446,41.24642],[9.17504,41.246],[9.16274,41.23561],[9.15825,41.23939],[9.16094,41.2423],[9.14424,41.24695],[9.13806,41.23841],[9.14262,41.23224],[9.15997,41.23583],[9.16708,41.22899],[9.1638,41.21322],[9.15329,41.19767],[9.15822,41.18356],[9.17111,41.17396],[9.15275,41.15567],[9.12921,41.15261],[9.12097,41.15533],[9.11888,41.15154],[9.12287,41.14697],[9.11018,41.13493],[9.08622,41.12799],[9.05825,41.12803],[9.05184,41.13685],[9.04624,41.13792],[9.03058,41.13271],[9.02795,41.12704],[9.01166,41.12377],[8.99668,41.10488],[8.991,41.1039],[8.97433,41.08338],[8.9297,41.04348],[8.90253,41.03545],[8.89221,41.02734],[8.88234,41.0281],[8.88744,41.01592],[8.87767,41.01766],[8.86912,41.01412],[8.8766,41.00998],[8.873,40.99546],[8.83522,40.95607],[8.79325,40.92416],[8.76845,40.91589],[8.74286,40.91854],[8.72704,40.91279],[8.69892,40.91455],[8.68843,40.90573],[8.64978,40.89204],[8.63237,40.88133],[8.6245,40.86389],[8.60591,40.85017],[8.56336,40.83223],[8.51969,40.82324],[8.45881,40.81958],[8.41753,40.83803],[8.34791,40.83978],[8.35132,40.85031],[8.38472,40.85116],[8.35441,40.85134],[8.34324,40.84227],[8.31386,40.8448],[8.26883,40.87406],[8.2327,40.91084],[8.22748,40.93153],[8.23838,40.95291],[8.22525,40.95491],[8.20397,40.97162],[8.19987,40.97016],[8.17581,40.93496],[8.19078,40.92441],[8.18872,40.91802],[8.19224,40.91319],[8.21932,40.90009],[8.21752,40.89665],[8.2238,40.88638],[8.20705,40.85019],[8.19534,40.83504],[8.19171,40.82154],[8.17576,40.80097],[8.16086,40.79095],[8.16752,40.78022],[8.16658,40.76619],[8.14601,40.74178],[8.13088,40.73292],[8.13073,40.73281]]],[[[8.13773,40.60297],[8.1446,40.60454],[8.13838,40.60383],[8.13773,40.60297]]],[[[8.15005,40.57014],[8.15346,40.57102],[8.15009,40.57058],[8.15005,40.57014]]],[[[8.17339,40.93923],[8.1734,40.9398],[8.17339,40.93923]]],[[[8.20555,40.97109],[8.20581,40.97134],[8.20555,40.97109]]],[[[8.20865,40.99018],[8.25441,40.98606],[8.26359,41.00267],[8.24898,41.01791],[8.2489,41.02696],[8.23499,41.02439],[8.26411,41.04528],[8.26185,41.05032],[8.26492,41.05521],[8.27157,41.05481],[8.28337,41.06444],[8.32237,41.05604],[8.33235,41.04996],[8.34105,41.0707],[8.33608,41.07339],[8.33575,41.07998],[8.35013,41.08724],[8.34949,41.09017],[8.34453,41.09685],[8.32641,41.10243],[8.3289,41.11087],[8.31833,41.12077],[8.31178,41.11746],[8.31159,41.10894],[8.30228,41.10529],[8.27617,41.10503],[8.27255,41.09625],[8.28278,41.08743],[8.28529,41.07674],[8.26666,41.07322],[8.25031,41.04982],[8.22076,41.04138],[8.22034,41.0239],[8.23097,41.02383],[8.21072,41.00248],[8.20865,40.99018]]],[[[8.21103,40.98553],[8.21112,40.98566],[8.21103,40.98553]]],[[[8.21156,40.97885],[8.21602,40.96772],[8.22508,40.96983],[8.22691,40.97559],[8.21955,40.98133],[8.2143,40.98293],[8.21157,40.97891],[8.21156,40.97885]]],[[[8.21173,40.88013],[8.21482,40.88087],[8.21189,40.88042],[8.21173,40.88013]]],[[[8.21177,40.97205],[8.21179,40.9722],[8.21177,40.97205]]],[[[8.21257,40.98556],[8.21261,40.98559],[8.21257,40.98556]]],[[[8.2196,39.14758],[8.22438,39.14083],[8.23428,39.14333],[8.25032,39.1334],[8.25284,39.11527],[8.24791,39.10848],[8.27302,39.09645],[8.29165,39.09411],[8.30752,39.10465],[8.31014,39.11277],[8.31118,39.13956],[8.30778,39.14425],[8.30952,39.14761],[8.3149,39.14622],[8.30961,39.14816],[8.30594,39.16026],[8.30929,39.18779],[8.29648,39.17895],[8.27401,39.17905],[8.25596,39.16877],[8.22987,39.16507],[8.21961,39.14771],[8.2196,39.14758]]],[[[8.22377,40.96761],[8.22392,40.96762],[8.22377,40.96761]]],[[[8.24144,39.16643],[8.24159,39.16657],[8.24144,39.16643]]],[[[8.25059,41.0286],[8.2533,41.02882],[8.25065,41.02885],[8.25059,41.0286]]],[[[8.26211,39.17579],[8.26214,39.1758],[8.26211,39.17579]]],[[[8.27496,39.88181],[8.275,39.8819],[8.27496,39.88181]]],[[[8.2994,40.57207],[8.3,40.57318],[8.2994,40.57207]]],[[[8.30115,39.99012],[8.30191,39.98485],[8.31048,39.9888],[8.31345,39.99635],[8.30602,39.99399],[8.30115,39.99012]]],[[[8.31713,39.1904],[8.32519,39.19129],[8.31995,39.19538],[8.3173,39.19174],[8.31713,39.1904]]],[[[8.31784,39.18573],[8.31785,39.1858],[8.31784,39.18573]]],[[[8.33639,40.49997],[8.33665,40.50012],[8.33639,40.49997]]],[[[8.35518,39.22831],[8.35523,39.22842],[8.35518,39.22831]]],[[[8.35598,39.22698],[8.35601,39.22702],[8.35598,39.22698]]],[[[8.3766,40.36063],[8.37661,40.36069],[8.3766,40.36063]]],[[[8.39774,39.33387],[8.40178,39.33403],[8.39774,39.334],[8.39774,39.33387]]],[[[8.40286,40.05365],[8.40287,40.05372],[8.40286,40.05365]]],[[[8.4078,38.86093],[8.41239,38.86127],[8.40825,38.86311],[8.4078,38.86093]]],[[[8.43705,39.1052],[8.43717,39.10547],[8.43705,39.1052]]],[[[8.44806,38.93598],[8.45162,38.93624],[8.45045,38.93933],[8.44813,38.93631],[8.44806,38.93598]]],[[[8.44978,38.94115],[8.44984,38.94143],[8.44978,38.94115]]],[[[8.45404,40.21025],[8.45649,40.20933],[8.45407,40.21033],[8.45404,40.21025]]],[[[8.46279,39.08139],[8.46292,39.08178],[8.46279,39.08139]]],[[[8.48555,40.09439],[8.48557,40.09457],[8.48555,40.09439]]],[[[8.48621,40.09483],[8.48652,40.09466],[8.48621,40.09483]]],[[[8.48634,40.09269],[8.48651,40.09264],[8.48634,40.09269]]],[[[8.48676,40.09348],[8.4868,40.09351],[8.48676,40.09348]]],[[[8.70991,40.91948],[8.71001,40.91953],[8.70991,40.91948]]],[[[8.71424,38.91404],[8.71912,38.91524],[8.71485,38.9153],[8.71424,38.91404]]],[[[8.76489,38.91447],[8.76497,38.91452],[8.76489,38.91447]]],[[[8.81176,38.88971],[8.81418,38.89273],[8.81178,38.88995],[8.81176,38.88971]]],[[[8.82444,38.88106],[8.82445,38.8812],[8.82444,38.88106]]],[[[8.8262,38.88178],[8.82627,38.8819],[8.8262,38.88178]]],[[[8.86109,41.01562],[8.86376,41.01256],[8.8611,41.01568],[8.86109,41.01562]]],[[[8.86365,38.88192],[8.86378,38.8826],[8.86365,38.88192]]],[[[8.88984,38.89824],[8.89009,38.89847],[8.88984,38.89824]]],[[[9.02206,38.98491],[9.02227,38.98507],[9.02206,38.98491]]],[[[9.03121,39.00385],[9.03135,39.00397],[9.03121,39.00385]]],[[[9.1188,41.15838],[9.11921,41.15848],[9.1188,41.15838]]],[[[9.11907,41.15755],[9.11912,41.15785],[9.11907,41.15755]]],[[[9.18252,41.25006],[9.18482,41.24875],[9.18276,41.2509],[9.18252,41.25006]]],[[[9.23649,41.25303],[9.23692,41.25404],[9.23649,41.25303]]],[[[9.23861,41.25573],[9.2387,41.25611],[9.23861,41.25573]]],[[[9.24028,41.25699],[9.24031,41.2572],[9.24028,41.25699]]],[[[9.27843,41.23273],[9.27871,41.23317],[9.27843,41.23273]]],[[[9.31727,41.20298],[9.31738,41.20307],[9.31727,41.20298]]],[[[9.32153,41.25032],[9.32524,41.2491],[9.32228,41.25114],[9.32153,41.25032]]],[[[9.33151,41.19056],[9.33547,41.19026],[9.33168,41.19113],[9.33151,41.19056]]],[[[9.33218,41.29515],[9.33238,41.29529],[9.33218,41.29515]]],[[[9.33305,41.24738],[9.33391,41.23549],[9.34074,41.22955],[9.35247,41.23178],[9.36062,41.24236],[9.35018,41.25182],[9.33916,41.25353],[9.3331,41.24768],[9.33305,41.24738]]],[[[9.33333,41.30139],[9.34788,41.29947],[9.35434,41.29303],[9.35945,41.29454],[9.35327,41.30348],[9.34122,41.30927],[9.33395,41.30553],[9.33333,41.30139]]],[[[9.33341,41.29443],[9.33347,41.29481],[9.33341,41.29443]]],[[[9.33413,41.29494],[9.33413,41.29505],[9.33413,41.29494]]],[[[9.33493,41.28273],[9.35511,41.27664],[9.35813,41.28657],[9.3481,41.28924],[9.33554,41.28352],[9.33493,41.28273]]],[[[9.33508,41.29452],[9.3351,41.29459],[9.33508,41.29452]],[[9.33571889440566,41.294340276972214],[9.335727002769566,41.29446579803706],[9.335755281975004,41.2944488260165],[9.33571889440566,41.294340276972214]]],[[[9.33636,41.2862],[9.33681,41.2868],[9.33636,41.2862]]],[[[9.33731,41.22854],[9.33735,41.22865],[9.33731,41.22854]]],[[[9.33764,41.29478],[9.33764,41.29487],[9.33764,41.29478]]],[[[9.3566,41.24624],[9.35661,41.24648],[9.3566,41.24624]]],[[[9.35685,41.24519],[9.35685,41.24532],[9.35685,41.24519]]],[[[9.36033,41.29418],[9.36583,41.28757],[9.38484,41.29938],[9.37951,41.30818],[9.36068,41.29587],[9.36033,41.29418]]],[[[9.36179,41.28759],[9.36183,41.28793],[9.36179,41.28759]]],[[[9.36329,41.2834],[9.36333,41.2835],[9.36329,41.2834]]],[[[9.36438,41.28548],[9.3644,41.28556],[9.36438,41.28548]]],[[[9.36456,41.2834],[9.36473,41.28369],[9.36456,41.2834]]],[[[9.36526,41.28628],[9.36564,41.28708],[9.36526,41.28628]]],[[[9.36774,41.3091],[9.36774,41.30917],[9.36774,41.3091]]],[[[9.36913,41.31285],[9.36914,41.31307],[9.36913,41.31285]]],[[[9.37013,41.30947],[9.38036,41.30843],[9.3763,41.31274],[9.37014,41.30956],[9.37013,41.30947]]],[[[9.37383,41.22738],[9.38133,41.21033],[9.40062,41.21025],[9.4168,41.21678],[9.42081,41.21355],[9.43732,41.2143],[9.43804,41.22526],[9.44771,41.23297],[9.4368,41.24057],[9.43088,41.26034],[9.41762,41.26911],[9.41436,41.26805],[9.41333,41.25073],[9.40473,41.2551],[9.40054,41.24291],[9.38998,41.23436],[9.37805,41.23466],[9.37532,41.23029],[9.37383,41.22738]]],[[[9.39555,41.19666],[9.39557,41.19699],[9.39555,41.19666]]],[[[9.3963,41.29489],[9.40234,41.29439],[9.39925,41.29868],[9.39639,41.29517],[9.3963,41.29489]]],[[[9.39675,41.1906],[9.40965,41.18642],[9.41912,41.18876],[9.42253,41.19425],[9.42035,41.2068],[9.41162,41.20756],[9.39818,41.19785],[9.39677,41.19111],[9.39675,41.1906]]],[[[9.39709,41.24947],[9.39709,41.24955],[9.39709,41.24947]]],[[[9.39795,41.25367],[9.40052,41.25301],[9.398,41.25382],[9.39795,41.25367]]],[[[9.39914,41.28726],[9.39916,41.28736],[9.39914,41.28726]]],[[[9.39968,41.28712],[9.39969,41.28719],[9.39968,41.28712]]],[[[9.39972,41.28388],[9.40175,41.28065],[9.40219,41.28652],[9.39974,41.28396],[9.39972,41.28388]]],[[[9.39993,41.30154],[9.40023,41.30196],[9.39993,41.30154]]],[[[9.40312,41.27647],[9.40314,41.27654],[9.40312,41.27647]]],[[[9.40343,41.29579],[9.40695,41.29428],[9.40344,41.29587],[9.40343,41.29579]]],[[[9.41515,41.21345],[9.41886,41.21133],[9.41531,41.2137],[9.41515,41.21345]]],[[[9.43585,41.18311],[9.44179,41.18149],[9.44746,41.19088],[9.45334,41.19236],[9.45606,41.18714],[9.4519,41.18539],[9.45538,41.18256],[9.48129,41.18219],[9.47972,41.18719],[9.4638,41.18439],[9.46477,41.18947],[9.47882,41.19952],[9.48034,41.21086],[9.48821,41.21801],[9.48236,41.22459],[9.48121,41.23908],[9.47381,41.23944],[9.47131,41.24547],[9.46438,41.24385],[9.4481,41.21249],[9.44728,41.20432],[9.45436,41.20597],[9.45646,41.20021],[9.44354,41.20293],[9.43645,41.18721],[9.43585,41.18311]]],[[[9.44181,41.20236],[9.44184,41.20248],[9.44181,41.20236]]],[[[9.44592,41.20827],[9.44592,41.20832],[9.44592,41.20827]]],[[[9.44721,41.22279],[9.45022,41.22171],[9.44721,41.22294],[9.44721,41.22279]]],[[[9.45453,41.22641],[9.45552,41.2265],[9.45453,41.22641]]],[[[9.45457,41.22869],[9.45463,41.22895],[9.45457,41.22869]]],[[[9.45893,41.17448],[9.45901,41.17466],[9.45893,41.17448]]],[[[9.45898,41.17284],[9.46126,41.17604],[9.45901,41.17301],[9.45898,41.17284]]],[[[9.48359,41.1832],[9.48678,41.18049],[9.48367,41.18343],[9.48359,41.1832]]],[[[9.48722,41.184],[9.48726,41.18407],[9.48722,41.184]]],[[[9.50009,41.1533],[9.50398,41.15336],[9.50012,41.15343],[9.50009,41.1533]]],[[[9.50766,40.91661],[9.51254,40.91819],[9.50777,40.91672],[9.50766,40.91661]]],[[[9.50803,40.91781],[9.50813,40.91809],[9.50803,40.91781]]],[[[9.51075,40.92094],[9.51149,40.92162],[9.51075,40.92094]]],[[[9.5165,41.21716],[9.51664,41.21731],[9.5165,41.21716]]],[[[9.51659,41.16626],[9.52239,41.16188],[9.52799,41.16349],[9.51667,41.16656],[9.51659,41.16626]]],[[[9.51762,41.16423],[9.51769,41.16432],[9.51762,41.16423]]],[[[9.51817,41.21665],[9.51827,41.21676],[9.51817,41.21665]]],[[[9.51827,41.21888],[9.51832,41.21905],[9.51827,41.21888]]],[[[9.51852,41.21963],[9.51893,41.21978],[9.51852,41.21963]]],[[[9.52591,40.93149],[9.52591,40.93176],[9.52591,40.93149]]],[[[9.52671,39.08491],[9.53614,39.08358],[9.53422,39.08945],[9.5282,39.08877],[9.52671,39.08491]]],[[[9.52728,41.04225],[9.52731,41.04229],[9.52728,41.04225]]],[[[9.53566,39.0813],[9.53572,39.08159],[9.53566,39.0813]]],[[[9.53604,39.08487],[9.53632,39.08493],[9.53604,39.08487]]],[[[9.53896,39.08318],[9.53898,39.08328],[9.53896,39.08318]]],[[[9.54002,39.08376],[9.54022,39.08392],[9.54002,39.08376]]],[[[9.56349,41.12532],[9.56939,41.12771],[9.56352,41.12551],[9.56349,41.12532]]],[[[9.56387,41.12308],[9.56687,41.12275],[9.56393,41.12316],[9.56387,41.12308]]],[[[9.56574,40.92014],[9.56624,40.92045],[9.56574,40.92014]]],[[[9.56609,41.13135],[9.56612,41.1315],[9.56609,41.13135]]],[[[9.56804,41.11702],[9.56805,41.11721],[9.56804,41.11702]]],[[[9.56907,41.12652],[9.57165,41.12799],[9.5691,41.1266],[9.56907,41.12652]]],[[[9.56918,41.06414],[9.57627,41.06118],[9.579,41.06738],[9.57458,41.06963],[9.56925,41.06431],[9.56918,41.06414]]],[[[9.56967,41.11801],[9.56968,41.11807],[9.56967,41.11801]]],[[[9.57853,41.09259],[9.57866,41.09264],[9.57853,41.09259]]],[[[9.58,41.06774],[9.58486,41.06819],[9.58004,41.06803],[9.58,41.06774]]],[[[9.58021,41.09431],[9.58028,41.09448],[9.58021,41.09431]]],[[[9.58161,40.90466],[9.5843,40.90526],[9.58164,40.90481],[9.58161,40.90466]]],[[[9.58414,41.07028],[9.5884,41.06869],[9.58499,41.0711],[9.58414,41.07028]]],[[[9.58659,41.0748],[9.58672,41.07489],[9.58659,41.0748]]],[[[9.58766,40.95833],[9.58774,40.95898],[9.58766,40.95833]]],[[[9.59676,41.07603],[9.60632,41.07107],[9.60989,41.08205],[9.59679,41.07617],[9.59676,41.07603]]],[[[9.60111,41.07899],[9.60137,41.07943],[9.60111,41.07899]]],[[[9.60244,39.14783],[9.60265,39.14819],[9.60244,39.14783]]],[[[9.60361,39.13963],[9.60537,39.13352],[9.60842,39.14243],[9.60433,39.14339],[9.60361,39.13963]]],[[[9.60391,39.15204],[9.60417,39.15221],[9.60391,39.15204]]],[[[9.60485,39.14889],[9.605,39.14976],[9.60485,39.14889]]],[[[9.62742,39.30846],[9.62769,39.30859],[9.62742,39.30846]]],[[[9.63177,40.92025],[9.632,40.92047],[9.63177,40.92025]]],[[[9.63292,40.92162],[9.633,40.92177],[9.63292,40.92162]]],[[[9.6349,40.92334],[9.63495,40.92351],[9.6349,40.92334]]],[[[9.63787,40.92059],[9.63811,40.92072],[9.63787,40.92059]]],[[[9.63904,40.88503],[9.63911,40.88533],[9.63904,40.88503]]],[[[9.64003,40.98244],[9.64295,40.97775],[9.64625,40.97893],[9.64096,40.98293],[9.64003,40.98244]]],[[[9.64095,40.92048],[9.64098,40.92073],[9.64095,40.92048]]],[[[9.64105,40.92127],[9.64109,40.92138],[9.64105,40.92127]]],[[[9.64635,40.91768],[9.64719,40.91837],[9.64635,40.91768]]],[[[9.64679,40.88856],[9.65535,40.88838],[9.64689,40.8887],[9.64679,40.88856]]],[[[9.65797,39.52443],[9.65798,39.52505],[9.65797,39.52443]]],[[[9.65857,39.52476],[9.65858,39.52496],[9.65857,39.52476]]],[[[9.66754,40.89375],[9.66755,40.89384],[9.66754,40.89375]]],[[[9.67008,40.87808],[9.67342,40.87785],[9.67063,40.87845],[9.67008,40.87808]]],[[[9.67305,40.88953],[9.69278,40.88785],[9.71789,40.90414],[9.74163,40.91108],[9.73721,40.92745],[9.67354,40.89177],[9.67305,40.88953]]],[[[9.67444,40.89654],[9.67444,40.89675],[9.67444,40.89654]]],[[[9.67623,40.86468],[9.67626,40.86502],[9.67623,40.86468]]],[[[9.70225,39.97399],[9.70651,39.97344],[9.70226,39.97492],[9.70225,39.97399]]],[[[9.70663,39.9757],[9.70668,39.97627],[9.70663,39.9757]]],[[[9.70666,40.82774],[9.70754,40.82888],[9.70666,40.82774]]],[[[9.70721,40.87513],[9.70738,40.87563],[9.70721,40.87513]]],[[[9.70772,39.97653],[9.70773,39.97665],[9.70772,39.97653]]],[[[9.71008,40.8693],[9.7328,40.85915],[9.74004,40.86282],[9.74216,40.87069],[9.7296,40.87707],[9.71581,40.87632],[9.71008,40.86944],[9.71008,40.8693]]],[[[9.71692,40.73599],[9.71702,40.73622],[9.71692,40.73599]]],[[[9.7217,40.84555],[9.72479,40.84733],[9.72176,40.84613],[9.7217,40.84555]]],[[[9.72391,40.84597],[9.7245,40.84639],[9.72391,40.84597]]],[[[9.76479,40.68462],[9.76768,40.68548],[9.76498,40.6849],[9.76479,40.68462]]],[[[9.77673,40.87566],[9.77808,40.87555],[9.77673,40.87566]]],[[[9.8163,40.53823],[9.82137,40.54056],[9.81657,40.53854],[9.8163,40.53823]]]]}}]}
