{"type":"Feature","properties":{"role":"arcus_italy_focus_mask","source":"derived_from_italy_provinces"},"geometry":{"type":"Polygon","coordinates":[[[-180,-85],[180,-85],[180,85],[-180,85],[-180,-85]],[[6.62662,45.1043],[6.62726,45.10177],[6.64445,45.08569],[6.64643,45.08189],[6.64617,45.07502],[6.65418,45.07169],[6.66226,45.07138],[6.66698,45.04708],[6.66731,45.04079],[6.66454,45.03405],[6.6736,45.02004],[6.72459,45.02198],[6.74595,45.01386],[6.74536,45.01132],[6.75013,45.00348],[6.75131,44.99756],[6.74978,44.99584],[6.73749,44.99355],[6.73756,44.99076],[6.74827,44.98524],[6.75043,44.97815],[6.76364,44.97145],[6.76555,44.96161],[6.75782,44.94821],[6.74622,44.93858],[6.75574,44.93774],[6.75999,44.93379],[6.7538,44.93027],[6.75187,44.92516],[6.75084,44.90617],[6.76005,44.90285],[6.77293,44.90261],[6.785,44.8887],[6.79263,44.88929],[6.80895,44.87547],[6.83001,44.8679],[6.83966,44.86005],[6.85483,44.85756],[6.86294,44.85072],[6.91129,44.84457],[6.92297,44.85237],[6.93151,44.86344],[6.95264,44.85564],[6.97048,44.84626],[6.98073,44.8468],[6.99299,44.84254],[7.0012,44.84244],[7.00657,44.83951],[7.0097,44.82639],[7.02385,44.82333],[7.00939,44.79832],[7.00008,44.78905],[7.01131,44.78391],[7.02159,44.7714],[7.02482,44.76114],[7.02484,44.75621],[7.02188,44.75445],[7.02132,44.75181],[7.02367,44.7397],[7.04106,44.71956],[7.05407,44.71505],[7.06535,44.71383],[7.06569,44.7081],[7.07326,44.69594],[7.07594,44.6833],[7.07112,44.67987],[7.06226,44.67986],[7.04894,44.68307],[7.03041,44.69147],[7.02229,44.69134],[7.00345,44.68681],[6.99847,44.69062],[6.98961,44.69033],[6.97123,44.67757],[6.96268,44.67774],[6.95904,44.67391],[6.95829,44.66764],[6.94752,44.65358],[6.95492,44.6348],[6.96082,44.62961],[6.96848,44.62633],[6.96734,44.61928],[6.9577,44.62216],[6.95228,44.62051],[6.94926,44.61764],[6.95085,44.61267],[6.94836,44.60803],[6.93771,44.60312],[6.93316,44.59355],[6.93324,44.57339],[6.91247,44.56852],[6.91637,44.56173],[6.91358,44.55866],[6.89137,44.5545],[6.87892,44.55432],[6.87054,44.54037],[6.85661,44.53403],[6.85341,44.52788],[6.85966,44.50594],[6.86679,44.49401],[6.87714,44.48812],[6.87617,44.48149],[6.89121,44.47259],[6.90159,44.47085],[6.90633,44.46783],[6.91301,44.45104],[6.93086,44.44077],[6.93515,44.44007],[6.94839,44.42983],[6.94734,44.42759],[6.93465,44.42994],[6.93249,44.42463],[6.92531,44.42267],[6.91453,44.42453],[6.89279,44.42023],[6.89645,44.40334],[6.89684,44.37474],[6.89464,44.37002],[6.88816,44.3674],[6.88723,44.36203],[6.90022,44.35774],[6.90578,44.35839],[6.92201,44.35173],[6.92322,44.34133],[6.92678,44.33319],[6.94487,44.32139],[6.95292,44.31924],[6.96071,44.3112],[6.95626,44.29824],[6.95834,44.29548],[6.99575,44.28014],[6.99463,44.27696],[6.99671,44.25071],[6.99902,44.2442],[7.00525,44.23743],[7.01502,44.23261],[7.0211,44.23431],[7.02808,44.23136],[7.03498,44.22397],[7.06963,44.23364],[7.08643,44.22931],[7.09459,44.22106],[7.11712,44.21583],[7.14275,44.20051],[7.14718,44.20011],[7.1628,44.20803],[7.17637,44.19901],[7.18476,44.2006],[7.18867,44.1989],[7.1936,44.18683],[7.20386,44.18526],[7.21887,44.16856],[7.22923,44.16893],[7.23585,44.175],[7.24392,44.17148],[7.24295,44.16592],[7.24842,44.15797],[7.27037,44.14811],[7.27754,44.14291],[7.29134,44.14608],[7.30634,44.14407],[7.31054,44.14747],[7.31527,44.14389],[7.31949,44.14339],[7.34191,44.14605],[7.35548,44.11714],[7.35807,44.11627],[7.36658,44.1169],[7.39265,44.12556],[7.40342,44.11828],[7.42335,44.11332],[7.42585,44.11423],[7.42918,44.12736],[7.42817,44.13041],[7.45808,44.12653],[7.4717,44.13333],[7.48434,44.13459],[7.50383,44.14366],[7.51135,44.14246],[7.5151,44.13836],[7.5214,44.1378],[7.53495,44.14744],[7.5388,44.14571],[7.54867,44.14573],[7.55759,44.14795],[7.56502,44.15234],[7.61738,44.14984],[7.62522,44.15608],[7.63256,44.1736],[7.63603,44.17708],[7.64595,44.17824],[7.66919,44.17557],[7.67342,44.17729],[7.68465,44.17392],[7.68156,44.16827],[7.67233,44.15965],[7.6705,44.15264],[7.67841,44.14621],[7.6743,44.13903],[7.66689,44.1336],[7.66643,44.13066],[7.67232,44.11984],[7.69043,44.10852],[7.71698,44.08331],[7.71451,44.07583],[7.71433,44.06156],[7.70729,44.0568],[7.70354,44.05158],[7.70262,44.0428],[7.70069,44.04072],[7.68443,44.03729],[7.66303,44.02877],[7.66272,44.01637],[7.67034,43.99823],[7.65537,43.98492],[7.65587,43.97735],[7.6521,43.97352],[7.64188,43.97318],[7.63126,43.96442],[7.61283,43.95656],[7.60129,43.95741],[7.5878,43.95542],[7.58177,43.94826],[7.57688,43.94978],[7.56908,43.94744],[7.5669,43.94275],[7.57086,43.93511],[7.56654,43.92607],[7.55888,43.91697],[7.56264,43.90066],[7.55166,43.89429],[7.53815,43.89338],[7.51517,43.88383],[7.50348,43.87518],[7.499,43.86863],[7.49489,43.85567],[7.49938,43.84563],[7.50807,43.84167],[7.50678,43.83822],[7.5182,43.80461],[7.52959,43.7884],[7.5296,43.78425],[7.55574,43.77978],[7.55969,43.78849],[7.57539,43.79286],[7.58961,43.79187],[7.67322,43.77603],[7.7,43.79865],[7.70536,43.79774],[7.70789,43.7982],[7.70291,43.79888],[7.71305,43.80088],[7.73884,43.79542],[7.74227,43.79924],[7.76729,43.81227],[7.78446,43.81938],[7.80492,43.82325],[7.81565,43.8219],[7.83304,43.81643],[7.83968,43.82035],[7.84124,43.82425],[7.84707,43.82879],[7.86092,43.83139],[7.87211,43.83607],[7.89084,43.8382],[7.91195,43.83635],[7.91741,43.83829],[7.90783,43.83726],[7.91748,43.84352],[7.94931,43.84704],[7.96563,43.8524],[7.97035,43.86061],[8.01501,43.87201],[8.01977,43.87594],[8.01975,43.87912],[8.03571,43.88598],[8.06643,43.88886],[8.07302,43.89137],[8.0802,43.89709],[8.07716,43.90112],[8.07846,43.90445],[8.09172,43.91562],[8.11631,43.925],[8.12829,43.92691],[8.13385,43.93238],[8.13587,43.94165],[8.1403,43.94657],[8.15025,43.95088],[8.1696,43.95236],[8.17371,43.95475],[8.17319,43.95931],[8.16139,43.97014],[8.1599,43.97356],[8.15954,43.98318],[8.16312,43.9926],[8.17881,44.01128],[8.19201,44.02007],[8.20834,44.03475],[8.22568,44.04319],[8.22756,44.04943],[8.22604,44.05007],[8.22521,44.06746],[8.22913,44.08664],[8.23749,44.10218],[8.2494,44.11698],[8.26227,44.12735],[8.26907,44.13932],[8.29468,44.15345],[8.32907,44.16126],[8.34367,44.1679],[8.36815,44.17423],[8.37094,44.1778],[8.3847,44.18077],[8.40698,44.18138],[8.40797,44.18323],[8.40656,44.18414],[8.40938,44.1872],[8.42473,44.19495],[8.42531,44.19712],[8.41661,44.20168],[8.41592,44.22128],[8.42805,44.233],[8.43615,44.23675],[8.44282,44.23743],[8.44504,44.24351],[8.45633,44.2584],[8.45605,44.26025],[8.44306,44.26463],[8.44043,44.27026],[8.44137,44.27612],[8.45106,44.28797],[8.46496,44.29645],[8.49195,44.30545],[8.5012,44.31572],[8.49046,44.31199],[8.49049,44.31478],[8.49604,44.32071],[8.50934,44.32845],[8.52627,44.33137],[8.54251,44.33812],[8.55057,44.34408],[8.56304,44.34628],[8.57064,44.35081],[8.57119,44.35259],[8.56835,44.34982],[8.56622,44.35336],[8.57254,44.35752],[8.59335,44.36065],[8.62435,44.37186],[8.6402,44.38652],[8.64934,44.38987],[8.66528,44.3903],[8.67975,44.39328],[8.68666,44.3977],[8.68646,44.40325],[8.69293,44.40835],[8.70999,44.41482],[8.72267,44.41667],[8.74378,44.42698],[8.76083,44.42624],[8.77561,44.42038],[8.79673,44.4172],[8.79773,44.42222],[8.78415,44.42432],[8.78508,44.42556],[8.83581,44.42389],[8.85217,44.4191],[8.84106,44.41516],[8.823,44.41781],[8.82186,44.41492],[8.91776,44.39818],[8.9186,44.40393],[8.91231,44.40527],[8.91001,44.40703],[8.90991,44.41012],[8.91607,44.41394],[8.92401,44.41416],[8.92737,44.41117],[8.92752,44.40166],[8.93297,44.3937],[8.93661,44.39602],[8.97306,44.3895],[8.98102,44.39088],[8.99772,44.38637],[9.058,44.38011],[9.0915,44.37108],[9.09903,44.37185],[9.12987,44.36192],[9.13988,44.36041],[9.15419,44.34899],[9.15523,44.33699],[9.14882,44.32463],[9.15226,44.31713],[9.16557,44.3147],[9.17877,44.30891],[9.18833,44.30878],[9.21755,44.2985],[9.2188,44.29872],[9.21408,44.30627],[9.209,44.31062],[9.2124,44.31056],[9.21407,44.31289],[9.21672,44.32238],[9.21538,44.32812],[9.21274,44.33056],[9.21374,44.3336],[9.21552,44.33566],[9.22579,44.3352],[9.22455,44.33996],[9.2296,44.34793],[9.23528,44.34786],[9.24574,44.3409],[9.26705,44.33601],[9.28043,44.32979],[9.30705,44.32141],[9.32401,44.31245],[9.3222,44.31102],[9.31526,44.31229],[9.32216,44.31063],[9.33316,44.31134],[9.33378,44.3069],[9.34314,44.30347],[9.33451,44.30696],[9.33311,44.30852],[9.33421,44.3099],[9.37694,44.29051],[9.39266,44.27776],[9.40314,44.25528],[9.40838,44.2541],[9.41394,44.25879],[9.42035,44.25919],[9.43272,44.2535],[9.43926,44.24293],[9.44517,44.2388],[9.45264,44.24016],[9.46703,44.23441],[9.48035,44.24072],[9.48816,44.23911],[9.49553,44.23469],[9.5014,44.22254],[9.51129,44.21666],[9.5293,44.20747],[9.54791,44.2072],[9.55214,44.20495],[9.56129,44.19494],[9.5636,44.19541],[9.56966,44.19084],[9.56657,44.18431],[9.56876,44.1822],[9.59088,44.17344],[9.60714,44.17081],[9.61009,44.16672],[9.60766,44.16395],[9.60917,44.15659],[9.62256,44.14249],[9.63546,44.13352],[9.64252,44.14367],[9.64853,44.14535],[9.65706,44.1455],[9.67541,44.1395],[9.70572,44.11918],[9.71741,44.11794],[9.72564,44.11249],[9.72649,44.10701],[9.73954,44.09153],[9.75738,44.09084],[9.76078,44.08335],[9.76587,44.08327],[9.77379,44.07669],[9.78828,44.0717],[9.79696,44.06567],[9.80591,44.06445],[9.82089,44.05875],[9.83263,44.05008],[9.85234,44.06181],[9.84456,44.0669],[9.83918,44.06573],[9.82986,44.07615],[9.82641,44.08327],[9.82389,44.0827],[9.81842,44.09425],[9.81094,44.10181],[9.81353,44.10409],[9.81547,44.10339],[9.81686,44.09749],[9.8212,44.09552],[9.8257,44.0992],[9.82465,44.10226],[9.83581,44.11013],[9.85061,44.10768],[9.86356,44.09532],[9.86445,44.09148],[9.87871,44.08776],[9.87872,44.08272],[9.88117,44.08098],[9.89722,44.08319],[9.90678,44.08142],[9.90961,44.07903],[9.90926,44.07075],[9.91303,44.067],[9.92911,44.05752],[9.93968,44.05411],[9.96373,44.03738],[9.97778,44.03552],[9.98182,44.03851],[9.98534,44.04586],[9.99413,44.05063],[10.00025,44.05091],[10.01362,44.04726],[10.03528,44.03468],[10.06693,44.02666],[10.11145,43.9992],[10.1641,43.95817],[10.20045,43.92181],[10.23813,43.87294],[10.24392,43.86268],[10.23988,43.85305],[10.25789,43.8157],[10.2776,43.73752],[10.27872,43.72256],[10.27656,43.71919],[10.2826,43.68642],[10.28024,43.68142],[10.26872,43.67676],[10.28038,43.65805],[10.2856,43.64219],[10.29056,43.60156],[10.29507,43.58646],[10.29948,43.57902],[10.2947,43.57486],[10.29664,43.56228],[10.3051,43.56652],[10.30358,43.5819],[10.3055,43.58213],[10.30707,43.57188],[10.30938,43.5711],[10.31493,43.5742],[10.31993,43.58433],[10.3164,43.57359],[10.29536,43.55675],[10.29649,43.55414],[10.30419,43.54895],[10.30383,43.54503],[10.2925,43.54695],[10.29996,43.53385],[10.31108,43.52248],[10.31893,43.51031],[10.32081,43.49954],[10.33003,43.48462],[10.33045,43.47384],[10.33982,43.46584],[10.34464,43.46382],[10.35466,43.46377],[10.3791,43.44887],[10.38773,43.43375],[10.39977,43.42234],[10.39999,43.41622],[10.40737,43.40681],[10.4041,43.40173],[10.40706,43.40052],[10.41747,43.40316],[10.42522,43.3998],[10.44147,43.36857],[10.44422,43.35491],[10.44894,43.35418],[10.45479,43.34464],[10.45615,43.33982],[10.45519,43.32863],[10.45917,43.32188],[10.47844,43.30928],[10.50205,43.2901],[10.52321,43.24765],[10.53077,43.21997],[10.53858,43.1683],[10.53966,43.12757],[10.53789,43.0942],[10.53181,43.05325],[10.52209,43.02064],[10.51848,43.01597],[10.51077,43.01212],[10.50981,43.00685],[10.51572,43.00252],[10.51606,42.99908],[10.51172,42.99323],[10.50714,42.99068],[10.50236,42.99052],[10.4947,42.9951],[10.483,42.98839],[10.48329,42.98236],[10.48623,42.97879],[10.48387,42.96648],[10.48619,42.9591],[10.49906,42.93595],[10.49473,42.93389],[10.4953,42.93177],[10.51028,42.93283],[10.52118,42.92257],[10.53495,42.91995],[10.5435,42.92075],[10.54515,42.92165],[10.54656,42.92851],[10.54244,42.93124],[10.5408,42.93669],[10.55505,42.94248],[10.56071,42.94116],[10.55927,42.93697],[10.56297,42.94368],[10.55975,42.94758],[10.55253,42.94445],[10.54946,42.94599],[10.56121,42.95095],[10.59386,42.95428],[10.64999,42.95276],[10.67701,42.94959],[10.71229,42.94001],[10.75263,42.92249],[10.77362,42.9088],[10.78506,42.89428],[10.78662,42.88837],[10.76892,42.8692],[10.76905,42.86166],[10.77403,42.85775],[10.77582,42.84685],[10.7731,42.83201],[10.76546,42.81692],[10.75944,42.80945],[10.73327,42.80349],[10.73403,42.80136],[10.77197,42.78371],[10.78467,42.77554],[10.80978,42.77491],[10.86964,42.76418],[10.91865,42.75104],[10.95155,42.73689],[10.97085,42.72401],[10.9827,42.71311],[11.01357,42.65702],[11.06259,42.63903],[11.08556,42.62654],[11.08844,42.61806],[11.08256,42.61669],[11.0823,42.61346],[11.08966,42.60727],[11.09956,42.60387],[11.10484,42.59684],[11.10922,42.57923],[11.12272,42.55893],[11.13305,42.55279],[11.13903,42.56074],[11.15033,42.56366],[11.15679,42.56277],[11.18172,42.53404],[11.19039,42.51744],[11.1923,42.49994],[11.18722,42.4723],[11.17861,42.4528],[11.16702,42.43837],[11.15769,42.43404],[11.14971,42.43691],[11.13211,42.43904],[11.12258,42.4346],[11.11216,42.44704],[11.10353,42.4466],[11.0976,42.44002],[11.09742,42.43273],[11.08973,42.42581],[11.0921,42.41052],[11.08951,42.40822],[11.09807,42.39325],[11.11004,42.38893],[11.1166,42.39038],[11.1261,42.3864],[11.15101,42.37085],[11.15104,42.36757],[11.16104,42.36543],[11.16571,42.368],[11.17701,42.36838],[11.18332,42.36325],[11.18987,42.36363],[11.18784,42.37256],[11.19234,42.3799],[11.21281,42.38752],[11.20954,42.4004],[11.20553,42.40131],[11.21124,42.40936],[11.22166,42.41365],[11.24353,42.41849],[11.25981,42.41982],[11.27295,42.41862],[11.27878,42.41674],[11.27946,42.40958],[11.28276,42.40681],[11.28986,42.40516],[11.29391,42.40825],[11.30168,42.4078],[11.3831,42.39505],[11.43603,42.38175],[11.4857,42.36601],[11.55164,42.34032],[11.63194,42.2952],[11.66373,42.2692],[11.67999,42.24674],[11.69689,42.23229],[11.72068,42.19042],[11.73934,42.17087],[11.73983,42.16852],[11.73593,42.16493],[11.73377,42.15806],[11.74344,42.14878],[11.74287,42.14264],[11.74548,42.13802],[11.75834,42.12423],[11.76802,42.12017],[11.76722,42.11364],[11.77511,42.10149],[11.77818,42.10308],[11.78807,42.09594],[11.7905,42.09154],[11.78724,42.08944],[11.76931,42.10158],[11.77854,42.09322],[11.78703,42.08875],[11.79424,42.08836],[11.80677,42.08041],[11.81446,42.06039],[11.81086,42.0619],[11.80955,42.06644],[11.80971,42.06283],[11.81892,42.05612],[11.82027,42.05],[11.83268,42.03708],[11.83243,42.03162],[11.83489,42.02877],[11.88733,42.03914],[11.91555,42.03932],[11.93783,42.02771],[11.94181,42.02397],[11.96389,42.01426],[11.97322,42.00112],[11.9792,41.99667],[12.00674,41.99139],[12.01836,41.98607],[12.03554,41.97319],[12.04308,41.96192],[12.07711,41.94658],[12.09252,41.93573],[12.11672,41.92992],[12.13049,41.9225],[12.1432,41.91307],[12.16335,41.89167],[12.18429,41.86314],[12.19948,41.83788],[12.22422,41.78189],[12.22335,41.77815],[12.22111,41.7774],[12.2205,41.76923],[12.2291,41.75121],[12.22728,41.74566],[12.2244,41.74456],[12.21933,41.75137],[12.22237,41.74395],[12.23112,41.74081],[12.25632,41.74616],[12.23422,41.74057],[12.23654,41.73856],[12.24466,41.73904],[12.28777,41.72418],[12.32097,41.71075],[12.35342,41.69485],[12.38368,41.67745],[12.43956,41.6384],[12.48451,41.59954],[12.55278,41.53404],[12.60603,41.46978],[12.61727,41.45338],[12.61804,41.44642],[12.6221,41.44382],[12.62982,41.44621],[12.64083,41.45287],[12.65816,41.45604],[12.68502,41.45282],[12.71315,41.44104],[12.76132,41.4121],[12.76667,41.412],[12.77681,41.41722],[12.78913,41.41792],[12.80689,41.41392],[12.83626,41.41487],[12.84976,41.41263],[12.88057,41.4013],[12.93066,41.37468],[12.97034,41.34553],[12.99752,41.315],[13.02342,41.27515],[13.03589,41.24748],[13.03366,41.24586],[13.03364,41.24098],[13.04008,41.231],[13.04555,41.22679],[13.06826,41.22172],[13.09365,41.22529],[13.10416,41.24006],[13.11574,41.24792],[13.17185,41.27514],[13.20995,41.28359],[13.2513,41.28325],[13.26215,41.28828],[13.26605,41.29448],[13.28128,41.29715],[13.32209,41.29381],[13.37449,41.2813],[13.40849,41.26915],[13.44418,41.25302],[13.4595,41.24451],[13.46291,41.24039],[13.47016,41.23745],[13.47521,41.23943],[13.48491,41.23806],[13.50121,41.22769],[13.52416,41.2225],[13.54413,41.21006],[13.55362,41.20886],[13.5549,41.21084],[13.55966,41.21064],[13.57065,41.20718],[13.57057,41.20443],[13.58945,41.20704],[13.59125,41.20915],[13.5718,41.21528],[13.56842,41.22955],[13.57385,41.24019],[13.58583,41.24771],[13.6176,41.25969],[13.63882,41.25951],[13.65127,41.2571],[13.68195,41.24413],[13.70154,41.25327],[13.70596,41.25371],[13.7365,41.23924],[13.78871,41.20434],[13.83172,41.16739],[13.89381,41.09016],[13.91524,41.04828],[13.92248,41.02654],[13.9357,41.01289],[13.95487,40.99778],[13.97453,40.97602],[13.98129,40.9718],[13.9963,40.95619],[14.00691,40.94184],[14.02961,40.90371],[14.03784,40.88463],[14.04453,40.86237],[14.0479,40.83196],[14.04171,40.79114],[14.06019,40.7876],[14.06862,40.78871],[14.07763,40.78736],[14.0838,40.78507],[14.08617,40.7806],[14.08857,40.78632],[14.08476,40.7934],[14.08192,40.81185],[14.07658,40.8135],[14.07165,40.81862],[14.07752,40.82547],[14.08689,40.8301],[14.10721,40.83142],[14.11742,40.82773],[14.11967,40.82411],[14.11771,40.82235],[14.12246,40.8203],[14.15595,40.81801],[14.16217,40.81532],[14.1723,40.80618],[14.1734,40.80231],[14.17243,40.79913],[14.16814,40.79716],[14.1598,40.79757],[14.15937,40.79506],[14.16142,40.79284],[14.16366,40.79255],[14.16732,40.7964],[14.17448,40.79916],[14.18782,40.79222],[14.20322,40.79883],[14.20705,40.80222],[14.20612,40.80907],[14.21431,40.82074],[14.22316,40.82912],[14.23187,40.83186],[14.24245,40.83129],[14.26444,40.84464],[14.27387,40.84462],[14.29234,40.83773],[14.31595,40.82543],[14.32033,40.82076],[14.3332,40.81293],[14.3359,40.80941],[14.33498,40.8063],[14.34056,40.80372],[14.35152,40.79355],[14.35853,40.79076],[14.39551,40.75939],[14.41348,40.75231],[14.42551,40.75142],[14.43589,40.75468],[14.4468,40.75483],[14.46097,40.74261],[14.47052,40.72884],[14.48037,40.70882],[14.48203,40.70323],[14.47925,40.69596],[14.47374,40.69152],[14.47054,40.6931],[14.44798,40.68739],[14.43862,40.68138],[14.43071,40.66625],[14.41777,40.65968],[14.40968,40.66014],[14.4036,40.65631],[14.40796,40.6516],[14.40559,40.6436],[14.40433,40.6441],[14.3997,40.63798],[14.3789,40.62922],[14.36998,40.62767],[14.36386,40.62812],[14.35128,40.63453],[14.34897,40.63352],[14.34679,40.627],[14.3417,40.62643],[14.33939,40.6282],[14.33852,40.62614],[14.34179,40.61852],[14.33358,40.60799],[14.32522,40.59081],[14.32044,40.58781],[14.32452,40.56904],[14.33648,40.57694],[14.34099,40.57614],[14.33755,40.57005],[14.34567,40.57195],[14.34735,40.57953],[14.40803,40.59958],[14.41891,40.61029],[14.43793,40.61279],[14.44131,40.61589],[14.45046,40.61891],[14.46606,40.61875],[14.4863,40.62739],[14.49542,40.62704],[14.503,40.62209],[14.51087,40.62002],[14.52211,40.60914],[14.52823,40.60674],[14.53927,40.61331],[14.56958,40.61567],[14.57238,40.61251],[14.57714,40.6181],[14.59559,40.63116],[14.61013,40.63555],[14.61989,40.64607],[14.6249,40.64788],[14.63932,40.64811],[14.67794,40.63321],[14.69184,40.63396],[14.71874,40.66658],[14.73708,40.67045],[14.74769,40.67772],[14.75051,40.67674],[14.75271,40.67215],[14.75279,40.67357],[14.75415,40.67273],[14.75209,40.67501],[14.75871,40.67738],[14.78895,40.6653],[14.81072,40.65046],[14.8457,40.62017],[14.8715,40.59344],[14.89338,40.56662],[14.90978,40.54154],[14.94117,40.48321],[14.97837,40.43136],[14.99391,40.40178],[14.99887,40.3884],[15.00096,40.37925],[14.99994,40.36455],[14.99583,40.35482],[14.9794,40.35077],[14.98266,40.35483],[14.96861,40.34055],[14.95418,40.33954],[14.95351,40.33792],[14.9448,40.33557],[14.93931,40.31933],[14.9447,40.3129],[14.94653,40.30415],[14.94562,40.28286],[14.94346,40.2757],[14.93328,40.26714],[14.90486,40.25326],[14.9089,40.24342],[14.92537,40.2322],[14.93526,40.22859],[14.93736,40.22881],[14.93724,40.23116],[14.93997,40.23325],[14.95141,40.23334],[14.9614,40.22883],[14.9687,40.22204],[14.99089,40.21895],[14.99847,40.21301],[15.00069,40.20871],[15.00967,40.20423],[15.02018,40.19135],[15.02418,40.18347],[15.03404,40.17277],[15.03996,40.17053],[15.0541,40.17086],[15.06655,40.16435],[15.08401,40.17289],[15.1001,40.17299],[15.11282,40.17702],[15.12102,40.17636],[15.13205,40.17147],[15.1505,40.1565],[15.1795,40.12555],[15.20477,40.12349],[15.23751,40.09536],[15.26384,40.08154],[15.27124,40.07423],[15.28159,40.05552],[15.2853,40.03509],[15.27852,40.02961],[15.27346,40.03241],[15.26825,40.03172],[15.26749,40.02461],[15.2709,40.023],[15.28709,40.02248],[15.29179,40.02333],[15.29416,40.02865],[15.31452,40.03164],[15.32165,40.02713],[15.34182,40.00501],[15.35674,39.99899],[15.38229,40.00048],[15.41987,39.99048],[15.42762,39.99709],[15.43199,40.00611],[15.46027,40.03351],[15.47586,40.03965],[15.48485,40.03821],[15.48841,40.04295],[15.48866,40.04713],[15.50084,40.05892],[15.50369,40.06421],[15.51481,40.06909],[15.53222,40.07365],[15.57524,40.07794],[15.60218,40.07417],[15.61543,40.06861],[15.61916,40.06913],[15.62444,40.07398],[15.6303,40.07158],[15.6323,40.06796],[15.62709,40.06305],[15.62684,40.05627],[15.64155,40.04414],[15.64534,40.04296],[15.64449,40.04158],[15.64679,40.03949],[15.66446,40.03958],[15.67455,40.02951],[15.67673,40.02565],[15.67553,40.01462],[15.68113,40.00616],[15.69923,39.99609],[15.7022,39.99012],[15.7185,39.97773],[15.72441,39.9685],[15.73193,39.96408],[15.73569,39.9527],[15.73496,39.94249],[15.7426,39.93438],[15.75103,39.9328],[15.75592,39.92356],[15.77957,39.89258],[15.79216,39.8602],[15.78907,39.84946],[15.77947,39.84729],[15.77241,39.84178],[15.76906,39.83558],[15.7716,39.83238],[15.77732,39.8322],[15.77535,39.82348],[15.77759,39.82037],[15.78309,39.82032],[15.78548,39.81664],[15.79444,39.77497],[15.80759,39.73037],[15.80895,39.7096],[15.81608,39.6815],[15.8317,39.66831],[15.83789,39.65268],[15.84429,39.62765],[15.85249,39.61683],[15.87403,39.55461],[15.88152,39.54455],[15.88573,39.54172],[15.90363,39.53762],[15.91695,39.52877],[15.9252,39.52653],[15.94913,39.49671],[15.95944,39.47777],[15.97417,39.46757],[15.98655,39.45497],[15.99862,39.43645],[16.03814,39.34235],[16.04616,39.30643],[16.05078,39.29924],[16.05283,39.29094],[16.05977,39.20269],[16.06245,39.19441],[16.06314,39.16018],[16.06724,39.13568],[16.0824,39.09472],[16.09609,39.04892],[16.09915,39.02919],[16.10184,39.02525],[16.10592,39.02339],[16.11903,39.00591],[16.1355,38.991],[16.15076,38.96558],[16.15399,38.95418],[16.15652,38.9515],[16.16033,38.94895],[16.17111,38.94814],[16.18965,38.93499],[16.20227,38.93061],[16.21069,38.93054],[16.21794,38.92085],[16.22062,38.90253],[16.221,38.85396],[16.21503,38.81708],[16.20171,38.78236],[16.18853,38.75612],[16.18242,38.74761],[16.16137,38.73783],[16.14687,38.72426],[16.1368,38.71866],[16.1062,38.71198],[16.04647,38.72395],[16.04231,38.7277],[16.01827,38.72638],[16.00532,38.7221],[15.9986,38.72373],[15.98608,38.7232],[15.97256,38.7149],[15.96091,38.7001],[15.94843,38.69134],[15.93408,38.68944],[15.90898,38.68096],[15.90642,38.68126],[15.90555,38.68332],[15.89474,38.67994],[15.88534,38.67362],[15.87141,38.67232],[15.86354,38.6666],[15.85156,38.66173],[15.83675,38.6462],[15.82704,38.62282],[15.82819,38.61778],[15.83256,38.61822],[15.84559,38.61289],[15.86354,38.59629],[15.87613,38.58863],[15.88735,38.57898],[15.89315,38.57752],[15.90116,38.56443],[15.91425,38.55558],[15.92884,38.55005],[15.9306,38.54684],[15.93028,38.53486],[15.91857,38.50677],[15.91053,38.47755],[15.89837,38.4515],[15.89478,38.44639],[15.89138,38.4457],[15.89927,38.44742],[15.90543,38.46206],[15.91009,38.46697],[15.91097,38.47256],[15.91637,38.47041],[15.90792,38.46049],[15.90206,38.44637],[15.9051,38.44432],[15.90764,38.4452],[15.90194,38.43945],[15.88982,38.43826],[15.87596,38.42225],[15.86053,38.39184],[15.86021,38.38963],[15.86187,38.39155],[15.86298,38.38925],[15.85955,38.38225],[15.84271,38.3659],[15.83617,38.36373],[15.83306,38.35753],[15.83047,38.3406],[15.82854,38.33767],[15.8297,38.32455],[15.82492,38.31488],[15.81856,38.30842],[15.81631,38.3032],[15.81768,38.30154],[15.79521,38.28088],[15.76481,38.26451],[15.73628,38.25298],[15.71385,38.25464],[15.69155,38.25087],[15.67939,38.24712],[15.66868,38.23945],[15.63726,38.23225],[15.63234,38.22533],[15.63401,38.18584],[15.64119,38.18113],[15.6396,38.1704],[15.65252,38.15776],[15.65506,38.15249],[15.65669,38.13671],[15.64796,38.1143],[15.63076,38.10183],[15.63023,38.09323],[15.63466,38.07578],[15.65195,38.06619],[15.65196,38.06224],[15.64777,38.05441],[15.65716,38.04009],[15.65266,38.02898],[15.64117,38.02173],[15.63444,38.0199],[15.63585,38.01005],[15.64593,37.99138],[15.67802,37.95406],[15.69595,37.9495],[15.70785,37.93789],[15.73297,37.92658],[15.74579,37.92536],[15.76123,37.91705],[15.77936,37.91612],[15.81141,37.92023],[15.82693,37.91835],[15.83951,37.91913],[15.87522,37.92619],[15.92016,37.9297],[15.93199,37.92853],[15.9415,37.92428],[15.96327,37.91955],[15.99533,37.91674],[16.01982,37.92262],[16.04954,37.92314],[16.06446,37.92563],[16.09911,37.95853],[16.10766,37.97202],[16.11336,37.97685],[16.14446,38.03121],[16.14289,38.04365],[16.14846,38.05694],[16.15864,38.10147],[16.16134,38.12838],[16.16522,38.13582],[16.17003,38.14134],[16.19273,38.15783],[16.27149,38.23776],[16.28806,38.25894],[16.3077,38.27436],[16.31837,38.28848],[16.33509,38.30011],[16.34833,38.30474],[16.3656,38.30723],[16.434,38.32905],[16.43349,38.32625],[16.47332,38.34406],[16.49788,38.36052],[16.51154,38.37202],[16.55394,38.40921],[16.57268,38.42927],[16.58318,38.45885],[16.57982,38.50167],[16.57561,38.5084],[16.57188,38.53502],[16.57312,38.56417],[16.57015,38.57697],[16.57097,38.58898],[16.56138,38.61721],[16.55718,38.64778],[16.55873,38.68135],[16.55472,38.69128],[16.54677,38.69194],[16.53571,38.70371],[16.5348,38.71241],[16.54256,38.72699],[16.5577,38.7406],[16.55943,38.74773],[16.56741,38.75363],[16.57035,38.76185],[16.56679,38.76513],[16.56826,38.76786],[16.59422,38.7956],[16.6047,38.81061],[16.61547,38.82007],[16.6243,38.82509],[16.63806,38.82686],[16.67522,38.84475],[16.72732,38.87336],[16.77583,38.89541],[16.82241,38.91131],[16.89058,38.928],[16.9529,38.93793],[16.98064,38.93815],[16.99765,38.92997],[16.99957,38.92378],[17.00918,38.91264],[17.0216,38.90583],[17.02911,38.90816],[17.02653,38.90848],[17.02644,38.91054],[17.03092,38.91594],[17.04209,38.91891],[17.06108,38.91793],[17.08514,38.91219],[17.09344,38.90559],[17.08959,38.89611],[17.09415,38.89262],[17.09716,38.89445],[17.0961,38.89827],[17.10096,38.90467],[17.11137,38.90977],[17.14855,38.94348],[17.16268,38.94996],[17.17047,38.95687],[17.16694,38.9639],[17.162,38.96565],[17.16051,38.96919],[17.15942,38.98077],[17.16517,38.99586],[17.17082,39.00349],[17.18862,39.02032],[17.19269,39.02252],[17.20207,39.02156],[17.2059,39.02482],[17.2052,39.02952],[17.19802,39.02663],[17.17313,39.03291],[17.1475,39.04614],[17.13482,39.05817],[17.13174,39.06555],[17.13056,39.07522],[17.13601,39.08169],[17.13829,39.07984],[17.1372,39.0775],[17.1387,39.07987],[17.13515,39.08698],[17.12598,39.0963],[17.13586,39.08351],[17.12467,39.0849],[17.11953,39.08766],[17.1107,39.09649],[17.1081,39.10734],[17.11029,39.12423],[17.11597,39.1411],[17.12575,39.16299],[17.14608,39.19795],[17.14809,39.20537],[17.14048,39.21454],[17.12789,39.22377],[17.10738,39.25088],[17.10463,39.26529],[17.11154,39.28893],[17.10965,39.30786],[17.11255,39.31954],[17.13285,39.35953],[17.13602,39.37525],[17.15294,39.39367],[17.15692,39.40136],[17.139,39.40198],[17.11864,39.40561],[17.08055,39.42201],[17.0463,39.44428],[17.03716,39.45687],[17.02874,39.4778],[17.02162,39.48391],[17.01405,39.48687],[16.9759,39.49172],[16.95207,39.49843],[16.92586,39.51323],[16.90445,39.52184],[16.90181,39.52492],[16.8666,39.53862],[16.86264,39.54383],[16.84468,39.55262],[16.83338,39.56137],[16.82537,39.56985],[16.81765,39.58808],[16.81301,39.59209],[16.79294,39.60361],[16.77903,39.61623],[16.77042,39.62079],[16.75528,39.62448],[16.73792,39.61663],[16.73292,39.61629],[16.68856,39.62153],[16.64457,39.61967],[16.62229,39.62131],[16.5995,39.62724],[16.56659,39.64126],[16.5434,39.65406],[16.52286,39.65933],[16.5179,39.66894],[16.52345,39.67362],[16.5294,39.72444],[16.50983,39.73605],[16.50702,39.73547],[16.49974,39.74149],[16.49219,39.75151],[16.48821,39.76432],[16.4868,39.78262],[16.48828,39.79262],[16.49309,39.81011],[16.5023,39.82594],[16.50885,39.83475],[16.51886,39.84373],[16.53826,39.87076],[16.55355,39.88689],[16.57508,39.90637],[16.58281,39.91048],[16.60494,39.93182],[16.61975,39.95171],[16.62704,39.95711],[16.62957,39.96588],[16.61886,39.97585],[16.6149,39.98354],[16.61065,39.99791],[16.60851,40.01765],[16.60563,40.02152],[16.60616,40.02621],[16.59908,40.03793],[16.59979,40.04688],[16.60409,40.05543],[16.60227,40.06521],[16.60566,40.07998],[16.62245,40.09953],[16.64507,40.11803],[16.64387,40.11904],[16.64788,40.11995],[16.68888,40.15087],[16.73729,40.21061],[16.73956,40.22258],[16.7521,40.24917],[16.78576,40.30103],[16.83146,40.35194],[16.85774,40.38393],[16.87124,40.4039],[16.90065,40.43397],[16.91814,40.44828],[16.96767,40.48051],[16.99102,40.49289],[17.02013,40.50503],[17.04327,40.51197],[17.07683,40.51892],[17.10216,40.52018],[17.12697,40.51771],[17.13703,40.51451],[17.14935,40.50683],[17.14475,40.49491],[17.16264,40.50611],[17.16545,40.50386],[17.15507,40.49659],[17.15709,40.49489],[17.16598,40.50086],[17.17683,40.48966],[17.18064,40.49323],[17.18183,40.48144],[17.20048,40.47372],[17.21234,40.47405],[17.21033,40.47921],[17.22664,40.47952],[17.22693,40.476],[17.23541,40.47186],[17.2483,40.46017],[17.25551,40.44279],[17.24279,40.43123],[17.23251,40.42468],[17.21165,40.42291],[17.20195,40.41324],[17.20332,40.40827],[17.22547,40.40837],[17.23492,40.401],[17.24705,40.39547],[17.26313,40.39114],[17.27912,40.37932],[17.29591,40.37851],[17.31136,40.36604],[17.32618,40.36101],[17.34013,40.36172],[17.34979,40.35441],[17.36533,40.3491],[17.37459,40.34883],[17.38154,40.34442],[17.37972,40.34136],[17.38074,40.34007],[17.38616,40.33734],[17.38914,40.33815],[17.39216,40.33462],[17.40723,40.33192],[17.42614,40.33255],[17.44284,40.32981],[17.45162,40.3258],[17.46024,40.31612],[17.49477,40.30996],[17.50364,40.30253],[17.50396,40.29699],[17.50763,40.29497],[17.5297,40.29484],[17.67595,40.30478],[17.73053,40.30029],[17.74309,40.295],[17.76056,40.29752],[17.76386,40.29614],[17.76306,40.29166],[17.77117,40.29494],[17.81636,40.28959],[17.8284,40.28352],[17.83977,40.28049],[17.84344,40.28138],[17.84326,40.28454],[17.84681,40.28587],[17.86054,40.28399],[17.89459,40.25964],[17.90279,40.25752],[17.90621,40.25397],[17.90518,40.253],[17.90727,40.25272],[17.91045,40.24398],[17.90976,40.2413],[17.9077,40.24112],[17.89965,40.24877],[17.89523,40.25061],[17.90673,40.23764],[17.91166,40.23896],[17.91012,40.23629],[17.91106,40.23378],[17.9218,40.22613],[17.9245,40.21695],[17.91783,40.20068],[17.91822,40.19442],[17.92895,40.17962],[17.93685,40.17116],[17.94569,40.16856],[17.95102,40.16394],[17.96358,40.1477],[17.97443,40.1481],[17.97958,40.13882],[17.98722,40.14039],[17.99474,40.13109],[17.99275,40.12938],[17.9981,40.12151],[18.00381,40.11375],[18.00992,40.10906],[18.01187,40.09239],[18.00554,40.0733],[17.99028,40.05859],[17.97725,40.05687],[17.97622,40.05854],[17.98353,40.06137],[17.9817,40.0612],[17.97548,40.0589],[17.97309,40.05352],[17.97365,40.052],[17.97724,40.0528],[17.97955,40.05593],[17.99766,40.05066],[18.00738,40.04477],[18.01613,40.03406],[18.02061,40.01839],[18.01764,40.00702],[18.00626,39.99572],[17.99319,40.00007],[17.99511,39.99438],[18.01296,39.97083],[18.02595,39.96227],[18.02961,39.95714],[18.02969,39.94891],[18.04053,39.93772],[18.04503,39.93567],[18.04756,39.92879],[18.06828,39.91877],[18.077,39.90703],[18.08594,39.90065],[18.09472,39.89826],[18.11866,39.88555],[18.14801,39.86302],[18.1635,39.85855],[18.17485,39.8509],[18.18992,39.84699],[18.20897,39.83725],[18.23881,39.83438],[18.26223,39.83609],[18.26911,39.8347],[18.29063,39.82345],[18.30463,39.81839],[18.30942,39.81178],[18.31498,39.80817],[18.31843,39.80997],[18.32552,39.80745],[18.33281,39.79664],[18.34617,39.79146],[18.36151,39.79786],[18.36472,39.79692],[18.36267,39.79513],[18.36899,39.79376],[18.39088,39.81734],[18.39049,39.8241],[18.38591,39.83112],[18.38464,39.841],[18.39008,39.84795],[18.39054,39.85828],[18.39478,39.86385],[18.39313,39.86835],[18.39531,39.86838],[18.39804,39.87245],[18.39887,39.88905],[18.39727,39.89594],[18.39022,39.90736],[18.39419,39.91219],[18.40146,39.94594],[18.40299,39.96178],[18.40716,39.97538],[18.41667,39.99409],[18.42536,40.00079],[18.4318,39.99914],[18.43569,40.02467],[18.46735,40.03827],[18.47521,40.04426],[18.48423,40.07555],[18.4826,40.07732],[18.4887,40.0801],[18.49455,40.08875],[18.51647,40.10242],[18.52038,40.10708],[18.51037,40.11866],[18.50656,40.12622],[18.50828,40.13035],[18.51648,40.13321],[18.51688,40.13553],[18.50352,40.14693],[18.49725,40.14745],[18.49364,40.14523],[18.48791,40.1475],[18.48835,40.15579],[18.48004,40.16759],[18.47896,40.17812],[18.46894,40.19025],[18.46365,40.19292],[18.45784,40.20913],[18.46454,40.22207],[18.46389,40.22679],[18.45665,40.2393],[18.44829,40.24735],[18.44099,40.26916],[18.43492,40.26898],[18.42997,40.27324],[18.42932,40.2766],[18.43183,40.27916],[18.4317,40.28342],[18.42283,40.29418],[18.40928,40.29837],[18.40658,40.30123],[18.40751,40.30344],[18.40508,40.3036],[18.40674,40.30247],[18.40548,40.30128],[18.38598,40.31446],[18.36424,40.34023],[18.35134,40.35231],[18.31597,40.37283],[18.30537,40.38363],[18.30478,40.38671],[18.30647,40.38886],[18.27896,40.40731],[18.25969,40.42391],[18.24653,40.43975],[18.23426,40.44844],[18.22285,40.45261],[18.21163,40.46304],[18.20301,40.46709],[18.18581,40.4693],[18.17649,40.47351],[18.16959,40.48067],[18.1561,40.48276],[18.13059,40.49173],[18.12558,40.4943],[18.11609,40.50464],[18.08078,40.52543],[18.07473,40.53953],[18.06402,40.54309],[18.05499,40.54862],[18.03744,40.56397],[18.03479,40.57322],[18.04514,40.59728],[18.03169,40.60757],[18.01814,40.62198],[18.01406,40.63195],[18.01501,40.63772],[17.99843,40.64906],[17.98452,40.64352],[17.97569,40.64522],[17.96912,40.64944],[17.94772,40.64122],[17.93303,40.63905],[17.92713,40.63992],[17.93076,40.64251],[17.94405,40.64468],[17.96178,40.65807],[17.96227,40.66255],[17.96725,40.66262],[17.96747,40.65506],[17.9717,40.66253],[17.98399,40.66366],[17.96117,40.66261],[17.95299,40.66413],[17.94694,40.66967],[17.94195,40.682],[17.93563,40.68617],[17.93322,40.68485],[17.93505,40.68306],[17.9339,40.68101],[17.92582,40.67946],[17.83849,40.69132],[17.79998,40.70887],[17.79708,40.71147],[17.79776,40.71444],[17.7757,40.71997],[17.74498,40.73445],[17.73231,40.74497],[17.70723,40.75819],[17.67688,40.76867],[17.66344,40.77106],[17.66271,40.77262],[17.65977,40.77159],[17.65637,40.77427],[17.62399,40.78331],[17.60594,40.78621],[17.55055,40.80164],[17.49441,40.82243],[17.47281,40.83221],[17.4681,40.83694],[17.46987,40.84184],[17.42445,40.86454],[17.40994,40.87398],[17.38921,40.89225],[17.35011,40.90574],[17.34492,40.91035],[17.34586,40.9131],[17.34302,40.91755],[17.32827,40.93519],[17.31709,40.94145],[17.29922,40.95687],[17.28248,40.96627],[17.2832,40.96869],[17.27908,40.97174],[17.27181,40.975],[17.26525,40.97324],[17.26115,40.97852],[17.25802,40.97843],[17.25679,40.98153],[17.24364,40.98756],[17.23626,40.99379],[17.20174,41.00336],[17.20069,41.00608],[17.20513,41.00443],[17.20084,41.00944],[17.17541,41.0291],[17.14515,41.03579],[17.08634,41.06477],[17.05462,41.07798],[17.00839,41.08568],[16.98805,41.09154],[16.98476,41.09412],[16.96032,41.09799],[16.9274,41.11157],[16.91604,41.11243],[16.87905,41.1226],[16.87266,41.12598],[16.87255,41.13972],[16.86822,41.14315],[16.85539,41.14396],[16.86668,41.14309],[16.87117,41.13983],[16.87094,41.1364],[16.86575,41.13032],[16.85435,41.12876],[16.852,41.12944],[16.85275,41.13203],[16.84541,41.1398],[16.83079,41.13647],[16.80963,41.14033],[16.79181,41.14858],[16.77684,41.16046],[16.76899,41.16059],[16.73997,41.16891],[16.69909,41.1768],[16.67839,41.18552],[16.67496,41.18887],[16.6602,41.19223],[16.65201,41.1912],[16.6402,41.1944],[16.62615,41.19483],[16.59705,41.20534],[16.5822,41.20816],[16.58042,41.21062],[16.58469,41.21285],[16.55562,41.22674],[16.54226,41.22947],[16.53569,41.23346],[16.53685,41.23533],[16.53243,41.23856],[16.51792,41.2433],[16.50497,41.24332],[16.50473,41.24732],[16.48508,41.25221],[16.48164,41.2566],[16.46759,41.25576],[16.45273,41.26017],[16.42797,41.27357],[16.42183,41.28014],[16.38712,41.29024],[16.35905,41.30471],[16.25973,41.32965],[16.24345,41.33723],[16.20733,41.35917],[16.1713,41.36858],[16.13466,41.38578],[16.12876,41.38666],[16.04788,41.419],[16.02478,41.42576],[16.00024,41.43588],[15.98057,41.44574],[15.95697,41.46162],[15.9453,41.47132],[15.92836,41.49024],[15.91887,41.50433],[15.90337,41.53536],[15.89842,41.55169],[15.89423,41.57555],[15.89614,41.598],[15.9006,41.6131],[15.90289,41.6171],[15.91282,41.62466],[15.93566,41.63654],[15.93491,41.63488],[15.93658,41.63569],[15.94687,41.61926],[15.94947,41.62004],[15.95176,41.61561],[15.95055,41.61291],[15.95232,41.61582],[15.94957,41.62079],[15.94703,41.61943],[15.93616,41.63661],[15.94214,41.6411],[15.97785,41.65495],[15.98865,41.66091],[16.0347,41.67722],[16.06538,41.69571],[16.07337,41.71057],[16.08937,41.71481],[16.10491,41.72974],[16.14318,41.74245],[16.15362,41.75046],[16.1639,41.75505],[16.1676,41.76635],[16.17942,41.76827],[16.18679,41.77234],[16.1931,41.78255],[16.19763,41.80354],[16.19418,41.81692],[16.1957,41.8222],[16.19471,41.8287],[16.18483,41.83944],[16.17669,41.85511],[16.17653,41.88475],[16.16343,41.88978],[16.1572,41.89569],[16.15466,41.89873],[16.153,41.90868],[16.14093,41.91369],[16.1311,41.91236],[16.12092,41.91511],[16.10987,41.92451],[16.09371,41.93283],[16.0906,41.9385],[16.06547,41.94383],[16.06202,41.94533],[16.06112,41.94892],[16.05654,41.94642],[16.0258,41.94564],[16.02077,41.94874],[16.01215,41.95044],[15.99387,41.94736],[15.98191,41.94237],[15.92456,41.93314],[15.77282,41.91831],[15.71828,41.91486],[15.67966,41.91465],[15.67195,41.91609],[15.66667,41.91898],[15.66631,41.92115],[15.65495,41.9215],[15.64311,41.92669],[15.62902,41.92688],[15.62029,41.92895],[15.61121,41.92513],[15.50195,41.9087],[15.41784,41.9009],[15.39172,41.90062],[15.36339,41.90321],[15.35416,41.90611],[15.33974,41.91706],[15.29343,41.92069],[15.2277,41.91876],[15.16408,41.92273],[15.10616,41.93329],[15.08067,41.94171],[15.0704,41.94824],[15.05357,41.96378],[15.03693,41.97165],[15.03092,41.97772],[15.02746,41.97826],[15.02721,41.9811],[15.00418,41.99131],[14.99502,42.00509],[14.91456,42.018],[14.87914,42.02779],[14.81849,42.05097],[14.79025,42.0666],[14.79102,42.06863],[14.77196,42.07266],[14.75152,42.08059],[14.73944,42.08757],[14.72425,42.09881],[14.71808,42.10634],[14.72296,42.12577],[14.72237,42.13023],[14.71865,42.13407],[14.71704,42.15004],[14.72032,42.15393],[14.71986,42.15739],[14.71669,42.1721],[14.71279,42.17693],[14.71152,42.17742],[14.71406,42.1739],[14.71053,42.1723],[14.69892,42.17446],[14.62079,42.19927],[14.56227,42.22412],[14.54397,42.23551],[14.5096,42.25155],[14.50109,42.26072],[14.50225,42.27195],[14.48272,42.28704],[14.4412,42.31232],[14.42595,42.32591],[14.41015,42.34788],[14.4094,42.35808],[14.3994,42.36323],[14.39356,42.37086],[14.38907,42.37332],[14.37295,42.37857],[14.29258,42.42072],[14.25579,42.44363],[14.22775,42.46785],[14.21993,42.47002],[14.206,42.47854],[14.1846,42.49513],[14.15882,42.52101],[14.14993,42.52464],[14.14626,42.53062],[14.11779,42.555],[14.08113,42.59476],[14.0607,42.61984],[14.03983,42.6533],[14.02711,42.66594],[14.00115,42.70018],[13.97691,42.74579],[13.97508,42.7516],[13.97901,42.75407],[13.97329,42.7509],[13.95072,42.78988],[13.93027,42.84352],[13.92146,42.88131],[13.92088,42.89333],[13.91621,42.89459],[13.91358,42.89751],[13.90784,42.91287],[13.89302,42.93716],[13.87274,42.98822],[13.8526,43.05454],[13.84318,43.10284],[13.81734,43.14638],[13.81117,43.16333],[13.81365,43.16532],[13.81366,43.16894],[13.81221,43.17029],[13.81328,43.16562],[13.81043,43.1635],[13.80156,43.17738],[13.79069,43.199],[13.77903,43.23477],[13.76432,43.25541],[13.74974,43.28111],[13.73591,43.3078],[13.73559,43.31574],[13.73433,43.31391],[13.73609,43.31128],[13.73341,43.31033],[13.72728,43.31387],[13.70989,43.33681],[13.66979,43.42587],[13.64433,43.47135],[13.62513,43.49954],[13.623,43.50492],[13.62403,43.51758],[13.62083,43.53024],[13.62147,43.53455],[13.62705,43.53995],[13.62754,43.54758],[13.62554,43.55033],[13.59401,43.56565],[13.58662,43.56438],[13.57587,43.56881],[13.56889,43.57623],[13.56563,43.58333],[13.56556,43.58913],[13.55329,43.60216],[13.5385,43.6105],[13.53151,43.61961],[13.51489,43.62438],[13.50687,43.6305],[13.49786,43.63111],[13.50266,43.62881],[13.50913,43.6221],[13.50393,43.61514],[13.5031,43.61773],[13.49525,43.62254],[13.48929,43.61568],[13.49357,43.61314],[13.48159,43.60681],[13.45402,43.61051],[13.41382,43.62372],[13.37542,43.64398],[13.35446,43.64837],[13.28619,43.67918],[13.24375,43.70383],[13.22909,43.7134],[13.22052,43.72183],[13.20261,43.73062],[13.12001,43.78265],[13.06246,43.82495],[13.02407,43.84792],[13.00271,43.85579],[12.98632,43.86534],[12.90733,43.923],[12.90376,43.92089],[12.89168,43.92353],[12.87702,43.93136],[12.79759,43.96517],[12.76911,43.96585],[12.75475,43.96903],[12.73709,43.96833],[12.72273,43.97329],[12.71371,43.97433],[12.68983,43.98622],[12.63225,44.02507],[12.60194,44.05165],[12.57547,44.07851],[12.56398,44.07592],[12.55653,44.07802],[12.52143,44.1011],[12.44274,44.16993],[12.42515,44.18293],[12.41207,44.19722],[12.39234,44.21307],[12.36787,44.24941],[12.3572,44.27055],[12.34318,44.31865],[12.3335,44.337],[12.32725,44.35447],[12.31512,44.40662],[12.29412,44.44939],[12.28898,44.46433],[12.2863,44.48368],[12.29036,44.48774],[12.28529,44.49415],[12.27969,44.51949],[12.28279,44.57852],[12.28178,44.59373],[12.27304,44.62164],[12.25942,44.64186],[12.2506,44.66198],[12.25242,44.67633],[12.24587,44.67644],[12.24018,44.69176],[12.24224,44.72515],[12.24831,44.76277],[12.25717,44.78031],[12.2803,44.80878],[12.28523,44.81813],[12.28206,44.81832],[12.26631,44.80435],[12.26888,44.81105],[12.25893,44.81563],[12.28718,44.84203],[12.3172,44.84291],[12.31721,44.83781],[12.3504,44.81725],[12.35546,44.81228],[12.35138,44.81085],[12.37317,44.79619],[12.37275,44.79222],[12.38532,44.78994],[12.38135,44.78551],[12.37473,44.78557],[12.34425,44.79103],[12.32825,44.79626],[12.32598,44.79526],[12.3421,44.78857],[12.33114,44.78864],[12.32323,44.79158],[12.32086,44.78909],[12.33042,44.7869],[12.3752,44.78352],[12.39295,44.78731],[12.42237,44.81106],[12.42344,44.81457],[12.41545,44.82004],[12.42436,44.82718],[12.44785,44.83507],[12.46651,44.84371],[12.48045,44.86344],[12.48455,44.87605],[12.51283,44.93225],[12.54086,44.95474],[12.55525,44.96038],[12.55526,44.96575],[12.54833,44.97424],[12.52915,44.98172],[12.50569,44.99674],[12.49556,44.99629],[12.48514,44.99295],[12.455,45.00999],[12.45014,45.0106],[12.40117,45.04209],[12.36565,45.0724],[12.36737,45.07702],[12.3642,45.07157],[12.35961,45.07344],[12.3449,45.08919],[12.33562,45.09333],[12.33695,45.09829],[12.32908,45.11879],[12.32676,45.13676],[12.33202,45.16426],[12.32028,45.1795],[12.30876,45.1905],[12.3011,45.20954],[12.30018,45.21656],[12.30208,45.22508],[12.30458,45.22923],[12.31371,45.22852],[12.31493,45.2337],[12.30056,45.23694],[12.29801,45.2456],[12.30699,45.2865],[12.32591,45.33246],[12.33704,45.33159],[12.34276,45.33378],[12.33039,45.33717],[12.33093,45.35101],[12.33509,45.36013],[12.36014,45.39546],[12.3788,45.41389],[12.40196,45.42867],[12.41284,45.42645],[12.42799,45.41851],[12.43621,45.42255],[12.43504,45.42478],[12.43786,45.42768],[12.45102,45.43719],[12.4681,45.44504],[12.5142,45.45749],[12.55258,45.47079],[12.5844,45.47874],[12.64625,45.50355],[12.73038,45.52944],[12.76176,45.5426],[12.79426,45.55941],[12.86513,45.58747],[12.89298,45.60092],[12.90874,45.61284],[12.91298,45.61344],[12.91705,45.61163],[12.97815,45.62652],[12.97615,45.62489],[12.97815,45.62315],[13.00221,45.62737],[13.06339,45.63096],[13.09766,45.63527],[13.10161,45.63876],[13.1023,45.64913],[13.10931,45.66288],[13.14753,45.68881],[13.15297,45.69489],[13.15227,45.7005],[13.15674,45.70266],[13.17096,45.70308],[13.18579,45.71115],[13.24452,45.71325],[13.24447,45.71933],[13.2458,45.7195],[13.25267,45.71424],[13.25368,45.70887],[13.29064,45.70449],[13.30622,45.69502],[13.34312,45.68052],[13.35442,45.67941],[13.36687,45.68419],[13.3736,45.68001],[13.38941,45.67525],[13.40779,45.67757],[13.42327,45.677],[13.44394,45.68715],[13.45415,45.68991],[13.46022,45.69415],[13.46813,45.7046],[13.46108,45.71121],[13.46713,45.70932],[13.47257,45.70422],[13.48563,45.70443],[13.53056,45.72335],[13.55284,45.72412],[13.55463,45.72794],[13.55325,45.72947],[13.53447,45.7363],[13.5265,45.73664],[13.51644,45.74427],[13.52584,45.7478],[13.52077,45.75698],[13.52083,45.76307],[13.52571,45.77072],[13.5362,45.77955],[13.53733,45.78309],[13.53003,45.78811],[13.54223,45.79284],[13.54627,45.78919],[13.54815,45.79024],[13.53947,45.80125],[13.53345,45.80473],[13.54176,45.80039],[13.55856,45.78014],[13.56214,45.77843],[13.57946,45.77481],[13.58089,45.78176],[13.5907,45.77551],[13.60288,45.77162],[13.63239,45.76849],[13.64324,45.75641],[13.67699,45.73696],[13.69826,45.71923],[13.71177,45.71051],[13.7171,45.702],[13.73345,45.69619],[13.75334,45.68044],[13.76056,45.66378],[13.7691,45.65299],[13.75902,45.6457],[13.75583,45.64679],[13.75652,45.64908],[13.75504,45.64935],[13.74388,45.64081],[13.74424,45.63913],[13.74974,45.63956],[13.7624,45.63495],[13.7627,45.63345],[13.75493,45.63124],[13.75685,45.62789],[13.76598,45.6305],[13.76767,45.63561],[13.77571,45.63556],[13.77816,45.63117],[13.7739,45.62981],[13.77165,45.62521],[13.78195,45.61441],[13.79975,45.60993],[13.8139,45.61466],[13.81221,45.61383],[13.81297,45.61253],[13.80466,45.60956],[13.80738,45.60679],[13.80446,45.60944],[13.80243,45.60894],[13.78644,45.60016],[13.77186,45.6049],[13.73473,45.61062],[13.71911,45.60571],[13.7199,45.59969],[13.72294,45.59471],[13.74684,45.5979],[13.77556,45.58601],[13.78984,45.58259],[13.81053,45.58093],[13.84224,45.58313],[13.85098,45.58488],[13.85048,45.58891],[13.85351,45.5922],[13.86562,45.59669],[13.86875,45.60926],[13.88245,45.61349],[13.91807,45.63114],[13.91885,45.63357],[13.91585,45.6354],[13.90313,45.64257],[13.89681,45.64358],[13.87922,45.65201],[13.85969,45.66446],[13.84486,45.68056],[13.8355,45.68613],[13.83105,45.69269],[13.83574,45.6979],[13.83371,45.70724],[13.82708,45.71426],[13.81127,45.72283],[13.7963,45.7427],[13.78361,45.74823],[13.76738,45.75038],[13.75543,45.75546],[13.74615,45.75522],[13.73467,45.76016],[13.73345,45.76129],[13.73707,45.76173],[13.72996,45.76664],[13.70459,45.77705],[13.6694,45.79964],[13.62329,45.79825],[13.59629,45.80794],[13.59493,45.82116],[13.58779,45.83413],[13.57446,45.84308],[13.57273,45.84755],[13.57727,45.85788],[13.57716,45.85333],[13.58332,45.86126],[13.58687,45.87081],[13.59288,45.87481],[13.59033,45.88832],[13.59684,45.88716],[13.5934,45.89146],[13.60835,45.89904],[13.61883,45.91708],[13.63755,45.93539],[13.6332,45.95024],[13.64266,45.98319],[13.6334,45.98948],[13.61919,45.9833],[13.60835,45.98436],[13.58991,45.98967],[13.58465,45.98845],[13.57795,45.98309],[13.57518,45.97643],[13.56825,45.96808],[13.5618,45.96996],[13.54735,45.96959],[13.54596,45.96597],[13.54098,45.96487],[13.52781,45.96706],[13.52614,45.97202],[13.49884,45.98302],[13.49477,45.98616],[13.48596,45.99911],[13.47619,46.00625],[13.48029,46.0117],[13.49429,46.01455],[13.50755,46.03348],[13.51002,46.04625],[13.49715,46.04834],[13.4983,46.05919],[13.50215,46.06234],[13.51429,46.06195],[13.52995,46.0677],[13.54248,46.07737],[13.54348,46.08017],[13.57396,46.09068],[13.58563,46.1003],[13.59582,46.10421],[13.60009,46.10816],[13.60127,46.11239],[13.62495,46.12594],[13.63034,46.13201],[13.64389,46.13708],[13.65206,46.14837],[13.65412,46.16194],[13.66382,46.1698],[13.6632,46.18012],[13.64572,46.18835],[13.63258,46.19074],[13.61453,46.18441],[13.59485,46.18861],[13.59016,46.18807],[13.59085,46.18995],[13.58871,46.19088],[13.57318,46.1842],[13.56695,46.18567],[13.56509,46.18781],[13.56566,46.19394],[13.56196,46.20408],[13.55327,46.20863],[13.54572,46.21212],[13.5294,46.21225],[13.52906,46.21875],[13.51578,46.21506],[13.503,46.21568],[13.49715,46.21768],[13.49904,46.2193],[13.4969,46.2217],[13.48439,46.22455],[13.47298,46.22525],[13.46565,46.22364],[13.45703,46.22642],[13.44828,46.22523],[13.44488,46.22384],[13.44818,46.21618],[13.4463,46.21284],[13.42345,46.20634],[13.41077,46.2123],[13.40905,46.21491],[13.41038,46.21737],[13.41507,46.21872],[13.42248,46.23439],[13.40992,46.24001],[13.39858,46.25341],[13.39155,46.27976],[13.38373,46.29062],[13.37933,46.28926],[13.37555,46.29822],[13.4028,46.3],[13.40662,46.30565],[13.41574,46.30967],[13.41553,46.31494],[13.41814,46.31817],[13.42569,46.32255],[13.43902,46.32228],[13.44737,46.33638],[13.44251,46.34845],[13.43683,46.35437],[13.43899,46.36021],[13.45207,46.36307],[13.47011,46.36114],[13.47684,46.36412],[13.48198,46.369],[13.49839,46.37112],[13.51734,46.37728],[13.51691,46.38301],[13.53858,46.38643],[13.55864,46.39862],[13.56544,46.39821],[13.57687,46.40889],[13.5787,46.42648],[13.59754,46.43925],[13.63431,46.4421],[13.64838,46.44606],[13.65414,46.44226],[13.6834,46.43753],[13.68877,46.43987],[13.69369,46.44399],[13.69875,46.45649],[13.69547,46.46863],[13.70956,46.48108],[13.70634,46.48375],[13.70254,46.49877],[13.70405,46.50175],[13.71678,46.50735],[13.71733,46.51316],[13.71385,46.52308],[13.70642,46.52097],[13.67678,46.52325],[13.6425,46.53399],[13.62717,46.54151],[13.59705,46.54576],[13.58711,46.54448],[13.58353,46.53995],[13.57711,46.53803],[13.5699,46.53888],[13.5681,46.54687],[13.561,46.55182],[13.54404,46.55351],[13.51817,46.5473],[13.51243,46.55097],[13.5041,46.56608],[13.47488,46.55749],[13.45206,46.55941],[13.44631,46.55661],[13.42543,46.55791],[13.40794,46.56162],[13.40876,46.571],[13.37275,46.57936],[13.36852,46.57382],[13.37081,46.56731],[13.36388,46.57006],[13.34444,46.56986],[13.32018,46.55289],[13.3095,46.55394],[13.30074,46.55859],[13.26956,46.56128],[13.25272,46.56057],[13.23253,46.55359],[13.23219,46.55927],[13.21801,46.57029],[13.209,46.56911],[13.19338,46.57264],[13.1788,46.57832],[13.16918,46.58599],[13.16842,46.58883],[13.15326,46.58874],[13.10636,46.59443],[13.08355,46.60183],[13.04742,46.59534],[13.03234,46.59581],[13.02143,46.60213],[13.00047,46.6024],[12.98769,46.59943],[12.95659,46.60632],[12.94894,46.60262],[12.9287,46.61034],[12.88831,46.60691],[12.86825,46.60892],[12.85199,46.60508],[12.83365,46.61065],[12.83399,46.62086],[12.83732,46.62743],[12.8309,46.63061],[12.81904,46.62825],[12.80941,46.63124],[12.79723,46.63777],[12.79502,46.64252],[12.78277,46.64543],[12.75648,46.64722],[12.74777,46.64321],[12.74539,46.63887],[12.73198,46.63381],[12.7167,46.64757],[12.70078,46.65046],[12.6894,46.6561],[12.65797,46.65643],[12.65056,46.65297],[12.64246,46.65193],[12.6341,46.65433],[12.63162,46.6604],[12.6244,46.6609],[12.60271,46.65559],[12.57813,46.65614],[12.5704,46.65077],[12.56458,46.65111],[12.55411,46.65744],[12.54631,46.65933],[12.52859,46.67336],[12.521,46.67649],[12.50605,46.67796],[12.50206,46.68046],[12.49629,46.67708],[12.48142,46.67698],[12.4776,46.67982],[12.47454,46.68662],[12.44731,46.68991],[12.4429,46.68813],[12.42133,46.69911],[12.41387,46.70065],[12.38369,46.71656],[12.37904,46.72063],[12.36912,46.74041],[12.35741,46.77466],[12.31134,46.78431],[12.30184,46.78224],[12.28369,46.78306],[12.28055,46.79138],[12.29256,46.8025],[12.28921,46.80919],[12.28332,46.81458],[12.30618,46.83394],[12.30692,46.84095],[12.29611,46.84347],[12.28922,46.85684],[12.29199,46.86511],[12.27556,46.87286],[12.2781,46.87862],[12.27402,46.8844],[12.26649,46.88714],[12.24563,46.88883],[12.24219,46.89108],[12.2362,46.88852],[12.23621,46.88487],[12.232,46.8805],[12.22574,46.87865],[12.22195,46.8799],[12.21859,46.87389],[12.21623,46.87387],[12.20072,46.88663],[12.19839,46.8916],[12.19932,46.8963],[12.19016,46.90623],[12.17074,46.90922],[12.16137,46.90701],[12.1589,46.90944],[12.14413,46.91401],[12.15482,46.92064],[12.16141,46.92966],[12.16741,46.93284],[12.16821,46.93789],[12.15821,46.95066],[12.13807,46.95668],[12.13151,46.96295],[12.13743,46.9795],[12.12852,46.98718],[12.13016,46.99351],[12.12099,47.00665],[12.12715,47.01354],[12.14693,47.02424],[12.16992,47.02198],[12.20479,47.02789],[12.21644,47.04689],[12.21674,47.0585],[12.22637,47.06092],[12.24019,47.06794],[12.22589,47.08259],[12.18668,47.09178],[12.16101,47.08159],[12.14899,47.07974],[12.13652,47.08052],[12.12171,47.07467],[12.10328,47.07799],[12.09367,47.07665],[12.06975,47.05992],[12.05952,47.05869],[12.05004,47.06156],[12.04304,47.06126],[12.03532,47.05791],[12.03063,47.05014],[12.02115,47.04698],[11.97888,47.04983],[11.97307,47.04651],[11.9684,47.04061],[11.94266,47.036],[11.93208,47.03761],[11.91533,47.03255],[11.8922,47.01649],[11.88004,47.01619],[11.86055,47.00842],[11.83621,46.9929],[11.81473,46.9897],[11.80303,46.99132],[11.78969,46.99008],[11.78178,46.99206],[11.77199,46.98432],[11.76588,46.97522],[11.74717,46.9689],[11.72797,46.97233],[11.71123,46.99302],[11.66684,46.99246],[11.63581,47.0027],[11.62721,47.01258],[11.60946,47.01079],[11.58885,47.00465],[11.58079,47.00149],[11.58105,46.99738],[11.57709,46.99557],[11.53808,46.98411],[11.53272,46.9914],[11.5126,47.00467],[11.49874,47.00956],[11.47932,47.01091],[11.47067,47.00324],[11.46911,46.99732],[11.4517,46.99053],[11.4445,46.983],[11.44209,46.9765],[11.41498,46.96679],[11.39921,46.96634],[11.38077,46.97354],[11.37559,46.97974],[11.35829,46.99036],[11.34733,46.99037],[11.34221,46.98759],[11.33483,46.9873],[11.31931,46.99243],[11.31027,46.98568],[11.26277,46.98034],[11.24139,46.96962],[11.20348,46.96741],[11.18891,46.97016],[11.17613,46.96253],[11.16453,46.96557],[11.16273,46.95016],[11.16834,46.94466],[11.16475,46.9404],[11.13955,46.92763],[11.11674,46.93109],[11.11221,46.92914],[11.10988,46.92684],[11.11096,46.92014],[11.10897,46.91623],[11.09803,46.91414],[11.0959,46.91223],[11.09498,46.90748],[11.09881,46.90138],[11.1014,46.88957],[11.08896,46.87872],[11.07801,46.85898],[11.07205,46.85653],[11.07144,46.8518],[11.07575,46.8359],[11.08148,46.82819],[11.08345,46.82222],[11.0398,46.80508],[11.04062,46.7986],[11.02874,46.7796],[11.02214,46.76517],[11.01363,46.77207],[10.99343,46.76709],[10.97262,46.77209],[10.94397,46.77514],[10.9113,46.77132],[10.90503,46.76802],[10.8832,46.76311],[10.86896,46.76574],[10.86716,46.77237],[10.85196,46.77439],[10.8407,46.78169],[10.83208,46.78047],[10.82975,46.77579],[10.82572,46.77387],[10.81412,46.77541],[10.79601,46.79119],[10.78868,46.79478],[10.75691,46.78525],[10.73049,46.78791],[10.72606,46.79774],[10.73343,46.79858],[10.74581,46.80438],[10.76336,46.82327],[10.75463,46.83259],[10.73692,46.83402],[10.72332,46.83739],[10.71602,46.84285],[10.69378,46.85236],[10.69694,46.86268],[10.67936,46.8703],[10.67145,46.87069],[10.66793,46.87589],[10.66301,46.87424],[10.654,46.86677],[10.62374,46.86403],[10.59643,46.8573],[10.59137,46.85227],[10.57051,46.84245],[10.55072,46.83917],[10.55631,46.84687],[10.55263,46.84978],[10.52705,46.84667],[10.49894,46.84751],[10.49067,46.85083],[10.4801,46.85871],[10.4698,46.85498],[10.46856,46.84708],[10.46317,46.83454],[10.45763,46.82885],[10.45796,46.81615],[10.45097,46.80491],[10.44827,46.80137],[10.43961,46.79766],[10.4301,46.79674],[10.42731,46.79412],[10.42634,46.78916],[10.42791,46.78547],[10.44191,46.77122],[10.44395,46.76078],[10.44211,46.75286],[10.43478,46.75219],[10.40107,46.73408],[10.40105,46.73209],[10.41881,46.71856],[10.41525,46.70855],[10.40926,46.70522],[10.40323,46.70534],[10.38742,46.68728],[10.38611,46.68018],[10.39225,46.67127],[10.39414,46.65475],[10.40005,46.64578],[10.40173,46.64119],[10.39998,46.63846],[10.40161,46.63705],[10.40961,46.63499],[10.44595,46.6411],[10.46301,46.63283],[10.48721,46.61561],[10.49229,46.61512],[10.49125,46.61133],[10.48431,46.60471],[10.48572,46.59048],[10.48742,46.58925],[10.47498,46.5666],[10.47446,46.56149],[10.47733,46.55675],[10.4717,46.54264],[10.46161,46.5411],[10.45314,46.53055],[10.43656,46.5374],[10.41934,46.55105],[10.41255,46.55033],[10.39756,46.54394],[10.37068,46.55385],[10.35221,46.55557],[10.34915,46.54904],[10.34217,46.54374],[10.33823,46.54301],[10.32565,46.55171],[10.31539,46.54842],[10.29575,46.5504],[10.29588,46.55853],[10.28354,46.57122],[10.26913,46.5778],[10.26332,46.57717],[10.25352,46.57183],[10.244,46.5784],[10.24225,46.59252],[10.25822,46.60986],[10.24342,46.6238],[10.23906,46.63519],[10.22296,46.62829],[10.21819,46.61963],[10.21354,46.61758],[10.19063,46.62609],[10.16461,46.61604],[10.15169,46.61428],[10.13017,46.6056],[10.11886,46.60618],[10.10215,46.61077],[10.09909,46.60521],[10.09725,46.59308],[10.10123,46.58959],[10.10109,46.58278],[10.09442,46.57689],[10.07937,46.57487],[10.07915,46.5731],[10.08514,46.5676],[10.08314,46.56406],[10.07257,46.55949],[10.06784,46.5515],[10.05966,46.5456],[10.04924,46.54391],[10.04411,46.53937],[10.04473,46.53646],[10.0531,46.53146],[10.05404,46.52093],[10.05165,46.51404],[10.04681,46.51058],[10.04304,46.47941],[10.0509,46.47209],[10.05336,46.46315],[10.05194,46.46028],[10.04392,46.45484],[10.04052,46.44413],[10.04311,46.44213],[10.05653,46.44056],[10.0605,46.42822],[10.07931,46.42346],[10.07959,46.42111],[10.10125,46.42233],[10.10673,46.42677],[10.13067,46.43187],[10.13295,46.42919],[10.1431,46.42812],[10.148,46.41923],[10.16059,46.41581],[10.16668,46.40778],[10.16241,46.40446],[10.16394,46.3909],[10.16166,46.3875],[10.15794,46.38556],[10.14212,46.38609],[10.12772,46.37762],[10.12607,46.37125],[10.12918,46.36123],[10.10812,46.35217],[10.10499,46.33777],[10.10432,46.33354],[10.11714,46.31374],[10.13893,46.3047],[10.13799,46.30152],[10.13956,46.29956],[10.15379,46.2931],[10.16184,46.28015],[10.16143,46.27635],[10.17301,46.26544],[10.17613,46.25888],[10.17453,46.25467],[10.15094,46.2397],[10.14568,46.23038],[10.13265,46.22554],[10.12329,46.22377],[10.10234,46.22825],[10.09027,46.22798],[10.08307,46.22645],[10.07084,46.21714],[10.06294,46.22043],[10.05868,46.22479],[10.04745,46.22874],[10.04777,46.23217],[10.06053,46.24814],[10.05546,46.26292],[10.03011,46.27712],[9.99827,46.28293],[9.99549,46.28546],[9.99161,46.29568],[9.9982,46.30477],[9.99468,46.31405],[9.98085,46.3236],[9.98489,46.33354],[9.99404,46.34143],[9.99635,46.35094],[9.97997,46.35558],[9.96449,46.36341],[9.95541,46.37373],[9.95859,46.37812],[9.95266,46.37947],[9.93353,46.37454],[9.92983,46.37166],[9.93093,46.36805],[9.92536,46.36601],[9.91741,46.37014],[9.90636,46.38088],[9.88304,46.371],[9.86962,46.36249],[9.85044,46.36464],[9.83871,46.36149],[9.832,46.359],[9.82166,46.35161],[9.79153,46.34262],[9.77748,46.33496],[9.7647,46.33782],[9.75713,46.34473],[9.74363,46.35152],[9.73728,46.35066],[9.72302,46.34045],[9.72712,46.33349],[9.72184,46.32821],[9.72613,46.3192],[9.72417,46.30974],[9.71801,46.30609],[9.7145,46.29307],[9.70306,46.29071],[9.68833,46.29368],[9.6757,46.30309],[9.6511,46.29275],[9.64925,46.28976],[9.63508,46.28622],[9.61845,46.28744],[9.60986,46.29451],[9.5829,46.29448],[9.56327,46.3025],[9.55953,46.30634],[9.55501,46.30626],[9.54938,46.30234],[9.53713,46.30965],[9.51862,46.32723],[9.51756,46.33132],[9.5139,46.33324],[9.50832,46.3491],[9.49604,46.36404],[9.4616,46.37625],[9.46875,46.38869],[9.46106,46.41223],[9.45341,46.42053],[9.45574,46.43675],[9.45906,46.44248],[9.45737,46.46319],[9.46247,46.46725],[9.46351,46.4704],[9.46153,46.48021],[9.44978,46.47947],[9.44946,46.48337],[9.45926,46.48493],[9.45986,46.50662],[9.45329,46.5049],[9.45344,46.5021],[9.44939,46.49972],[9.43393,46.49786],[9.42481,46.48952],[9.4238,46.47649],[9.41282,46.46691],[9.41028,46.46655],[9.38943,46.47326],[9.38781,46.47901],[9.38473,46.48227],[9.37556,46.48523],[9.36838,46.49403],[9.36949,46.49728],[9.37371,46.49983],[9.37234,46.50369],[9.36468,46.50773],[9.33901,46.50411],[9.33483,46.50631],[9.30958,46.50447],[9.29002,46.49693],[9.28237,46.49666],[9.27387,46.48223],[9.27378,46.46357],[9.27782,46.4616],[9.27169,46.45452],[9.26561,46.45148],[9.25202,46.44953],[9.24677,46.44693],[9.24747,46.43624],[9.24947,46.43116],[9.26921,46.41852],[9.27505,46.41856],[9.28064,46.41236],[9.28116,46.40063],[9.27571,46.39474],[9.27875,46.38876],[9.28434,46.38606],[9.27649,46.37423],[9.27668,46.36942],[9.28147,46.35888],[9.29574,46.35568],[9.2992,46.34385],[9.29242,46.3382],[9.29181,46.33496],[9.2939,46.33078],[9.30005,46.32659],[9.29606,46.32294],[9.29449,46.31718],[9.28541,46.31466],[9.28146,46.30936],[9.28454,46.29695],[9.27401,46.29116],[9.25164,46.26549],[9.2483,46.24794],[9.24983,46.24042],[9.24762,46.23363],[9.24613,46.23225],[9.23485,46.23384],[9.2213,46.22987],[9.21822,46.21466],[9.21478,46.21177],[9.20097,46.20834],[9.19389,46.19402],[9.19634,46.187],[9.19353,46.1799],[9.18263,46.17052],[9.16742,46.17189],[9.15957,46.17052],[9.15182,46.16121],[9.13444,46.15287],[9.1208,46.13461],[9.11299,46.13467],[9.09912,46.12724],[9.07163,46.11952],[9.07338,46.11361],[9.07839,46.10962],[9.08984,46.08849],[9.08943,46.08502],[9.07876,46.07563],[9.07787,46.06532],[9.07337,46.06262],[9.04938,46.06241],[9.02208,46.05238],[9.01679,46.0497],[9.00897,46.03698],[9.0091,46.02717],[9.02246,46.01647],[9.02425,46.0034],[9.02829,45.99366],[9.02264,45.99267],[9.00812,45.98099],[8.98807,45.97241],[8.98877,45.97058],[8.99399,45.96659],[9.01406,45.96016],[9.01511,45.95056],[9.01294,45.94233],[9.02185,45.93765],[9.0194,45.92858],[9.02939,45.92644],[9.04303,45.92674],[9.04891,45.92239],[9.04895,45.92022],[9.06824,45.91319],[9.06724,45.91086],[9.0717,45.91291],[9.07632,45.91144],[9.07496,45.9063],[9.08006,45.90043],[9.08658,45.90213],[9.08876,45.90072],[9.07779,45.88559],[9.06555,45.87601],[9.05693,45.8753],[9.05401,45.8729],[9.04847,45.86251],[9.04933,45.85224],[9.04046,45.84656],[9.03882,45.84219],[9.03585,45.84117],[9.03792,45.83585],[9.03123,45.82519],[9.03376,45.8226],[9.02982,45.82075],[9.023,45.82228],[9.01801,45.81914],[8.99328,45.82263],[8.99749,45.83474],[8.99016,45.83569],[8.98769,45.83838],[8.97327,45.83263],[8.96811,45.83236],[8.96138,45.83654],[8.96233,45.83801],[8.94954,45.84348],[8.93409,45.83937],[8.92936,45.83331],[8.92012,45.83421],[8.91245,45.83028],[8.91535,45.8435],[8.919,45.84771],[8.9343,45.86206],[8.9456,45.8672],[8.94306,45.87018],[8.93409,45.87006],[8.93511,45.87177],[8.93216,45.88467],[8.92809,45.89128],[8.92427,45.89206],[8.92225,45.89494],[8.92548,45.90274],[8.92461,45.90585],[8.91205,45.91735],[8.90689,45.91786],[8.89306,45.93134],[8.89273,45.93509],[8.89872,45.94516],[8.89719,45.95382],[8.89427,45.95847],[8.88286,45.95656],[8.86823,45.96039],[8.83128,45.98798],[8.82111,45.98754],[8.79465,45.99209],[8.79096,45.98859],[8.7859,45.98902],[8.79206,46.00498],[8.80594,46.02161],[8.81968,46.02527],[8.82798,46.03332],[8.82991,46.04159],[8.83233,46.04055],[8.83515,46.04373],[8.83085,46.04731],[8.83443,46.05135],[8.8443,46.04854],[8.85452,46.06163],[8.85205,46.07552],[8.84714,46.07585],[8.84176,46.08028],[8.83271,46.08345],[8.81529,46.09726],[8.80615,46.10091],[8.79976,46.09458],[8.78342,46.09394],[8.76017,46.1017],[8.75677,46.10376],[8.74269,46.12215],[8.72464,46.11017],[8.71482,46.09804],[8.6909,46.10206],[8.68105,46.10754],[8.6793,46.11035],[8.66904,46.10908],[8.65829,46.11256],[8.64769,46.12317],[8.61187,46.12145],[8.61045,46.13204],[8.59488,46.14224],[8.60271,46.15525],[8.58987,46.15685],[8.57371,46.16438],[8.56943,46.17702],[8.56372,46.18394],[8.553,46.19222],[8.54069,46.19767],[8.53547,46.20663],[8.53258,46.21806],[8.52223,46.22156],[8.51494,46.22034],[8.49646,46.22799],[8.46876,46.23349],[8.46457,46.2444],[8.44666,46.24788],[8.44308,46.25022],[8.44249,46.25364],[8.44564,46.25715],[8.44971,46.261],[8.45625,46.26351],[8.45056,46.27208],[8.43389,46.2886],[8.42766,46.2984],[8.44013,46.30477],[8.44152,46.31596],[8.44384,46.3195],[8.45368,46.32131],[8.46444,46.33299],[8.46202,46.35321],[8.46449,46.35848],[8.4701,46.3624],[8.46637,46.38063],[8.46097,46.38654],[8.46572,46.39171],[8.46748,46.39959],[8.46391,46.40266],[8.46342,46.40563],[8.46853,46.41163],[8.45864,46.42053],[8.45756,46.42548],[8.46118,46.43824],[8.46495,46.44089],[8.46543,46.44477],[8.46176,46.45081],[8.44549,46.46371],[8.43105,46.4632],[8.412,46.45928],[8.39629,46.4553],[8.39293,46.4516],[8.3799,46.45093],[8.37192,46.45281],[8.35618,46.44746],[8.35208,46.44152],[8.33687,46.43155],[8.32088,46.42545],[8.30823,46.42485],[8.30031,46.41935],[8.28969,46.40859],[8.30361,46.40248],[8.30974,46.4035],[8.3169,46.39724],[8.3174,46.39374],[8.31419,46.38957],[8.31868,46.38629],[8.31235,46.37684],[8.30093,46.37436],[8.28503,46.36595],[8.27295,46.3667],[8.2634,46.36366],[8.26087,46.36048],[8.26507,46.35728],[8.26552,46.3529],[8.26227,46.34578],[8.24772,46.34019],[8.23507,46.34031],[8.2237,46.33364],[8.21185,46.31285],[8.21172,46.30918],[8.19877,46.30233],[8.19399,46.30318],[8.17504,46.29717],[8.16136,46.29621],[8.14583,46.30195],[8.13771,46.30161],[8.12107,46.29202],[8.11342,46.28121],[8.10381,46.27665],[8.08426,46.26125],[8.08043,46.26077],[8.08171,46.25771],[8.08761,46.25414],[8.11014,46.2493],[8.11149,46.24235],[8.11564,46.23697],[8.12761,46.22831],[8.139,46.22608],[8.15346,46.19165],[8.16564,46.18128],[8.16484,46.17684],[8.15058,46.16391],[8.14953,46.1593],[8.15327,46.15238],[8.15346,46.14594],[8.15026,46.1413],[8.14338,46.13674],[8.12642,46.13546],[8.11497,46.13031],[8.11376,46.11777],[8.10805,46.11159],[8.0825,46.10548],[8.0705,46.1063],[8.04391,46.10002],[8.0342,46.10019],[8.0266,46.07928],[8.02322,46.07528],[8.02237,46.0697],[8.03459,46.04334],[8.02365,46.03982],[8.01277,46.03197],[8.01678,46.02478],[8.01218,46.01191],[8.00119,46.01204],[7.99338,45.99969],[7.98817,45.9963],[7.97784,45.99951],[7.95455,45.99705],[7.90882,45.99732],[7.89533,45.98216],[7.88738,45.97674],[7.87806,45.9734],[7.87706,45.94978],[7.87066,45.94774],[7.8684,45.93764],[7.87696,45.92643],[7.86405,45.91644],[7.85777,45.92087],[7.83692,45.92167],[7.83168,45.92495],[7.8214,45.92686],[7.80999,45.923],[7.80009,45.91712],[7.76923,45.93685],[7.75369,45.93961],[7.74731,45.93776],[7.73655,45.92854],[7.73455,45.92365],[7.72014,45.92369],[7.7073,45.9347],[7.70988,45.94826],[7.70255,45.95353],[7.68126,45.95718],[7.66833,45.97295],[7.66371,45.97555],[7.65789,45.97663],[7.63922,45.97032],[7.61839,45.97227],[7.6099,45.96937],[7.58857,45.97075],[7.58412,45.97216],[7.58162,45.97554],[7.58127,45.98089],[7.57762,45.98646],[7.55035,45.9862],[7.54625,45.9845],[7.54159,45.97659],[7.54612,45.96278],[7.54232,45.95706],[7.53813,45.95503],[7.50234,45.96066],[7.47813,45.95263],[7.47141,45.94727],[7.47423,45.94079],[7.47417,45.93559],[7.47002,45.93391],[7.45905,45.93542],[7.44428,45.93148],[7.42716,45.91567],[7.41053,45.90859],[7.40548,45.90908],[7.38373,45.89683],[7.36519,45.90401],[7.34386,45.91525],[7.3242,45.91039],[7.31798,45.91177],[7.31595,45.91664],[7.30144,45.91756],[7.2942,45.92172],[7.28516,45.91556],[7.27697,45.90116],[7.27022,45.89894],[7.25971,45.89037],[7.25232,45.89052],[7.24841,45.89299],[7.23604,45.89018],[7.22877,45.8921],[7.21641,45.88875],[7.21565,45.884],[7.20599,45.88016],[7.20003,45.87528],[7.19746,45.87037],[7.20037,45.86342],[7.19674,45.86069],[7.18949,45.85859],[7.17533,45.86291],[7.16135,45.87155],[7.16398,45.87325],[7.16449,45.87688],[7.15412,45.87932],[7.13509,45.8727],[7.13255,45.86777],[7.11827,45.85954],[7.10823,45.85818],[7.10165,45.85904],[7.09487,45.87001],[7.09508,45.87592],[7.06524,45.89985],[7.06449,45.90951],[7.06181,45.91241],[7.05307,45.91574],[7.04575,45.92225],[7.04172,45.92281],[7.03071,45.92079],[7.02065,45.91621],[7.00428,45.89982],[7.00314,45.8925],[7.0065,45.88662],[6.99768,45.87261],[6.99039,45.86814],[6.97727,45.86866],[6.95074,45.85883],[6.94065,45.84707],[6.91627,45.84443],[6.90989,45.84209],[6.89663,45.84267],[6.88018,45.84989],[6.87388,45.84612],[6.87411,45.8422],[6.8649,45.83319],[6.85922,45.83376],[6.84311,45.84225],[6.81865,45.83621],[6.80939,45.82078],[6.8133,45.80755],[6.81223,45.79675],[6.80472,45.79127],[6.80133,45.78126],[6.80652,45.76177],[6.80468,45.75736],[6.80554,45.7482],[6.81728,45.73975],[6.81314,45.73127],[6.80863,45.72709],[6.80919,45.72476],[6.81988,45.71851],[6.82056,45.71424],[6.82784,45.70392],[6.84283,45.69742],[6.84694,45.69104],[6.85406,45.68696],[6.86958,45.68056],[6.89352,45.67596],[6.89906,45.68027],[6.9028,45.68026],[6.90653,45.67524],[6.90602,45.6674],[6.91065,45.66222],[6.91645,45.66025],[6.91521,45.65252],[6.932,45.64709],[6.96086,45.65507],[6.96857,45.65451],[6.97367,45.64691],[7.0008,45.64026],[7.00136,45.6365],[6.99497,45.62897],[6.98419,45.62517],[6.98512,45.60802],[6.97786,45.58894],[6.98017,45.58418],[6.99503,45.57615],[6.99529,45.56849],[6.98963,45.56311],[6.99557,45.54483],[6.99266,45.53866],[6.99405,45.5288],[7.00364,45.52065],[7.00478,45.51724],[7.00094,45.51175],[6.99969,45.50457],[7.02067,45.49712],[7.03767,45.49624],[7.04347,45.49771],[7.05319,45.49499],[7.05502,45.49311],[7.05419,45.48838],[7.04902,45.48631],[7.04461,45.47997],[7.04571,45.47403],[7.04789,45.47248],[7.07555,45.47422],[7.10213,45.46868],[7.10433,45.46696],[7.10027,45.46425],[7.09888,45.46022],[7.10132,45.45424],[7.11085,45.44655],[7.11472,45.44084],[7.11351,45.43406],[7.13376,45.42629],[7.15226,45.42263],[7.15785,45.41622],[7.18378,45.40744],[7.18585,45.40323],[7.16328,45.38179],[7.15902,45.37213],[7.16057,45.36339],[7.15951,45.35946],[7.15236,45.35365],[7.13846,45.35118],[7.13297,45.34734],[7.13077,45.33913],[7.13511,45.33381],[7.13454,45.3317],[7.12608,45.32733],[7.1094,45.3277],[7.10936,45.31828],[7.11793,45.31098],[7.12157,45.29856],[7.13559,45.28206],[7.13607,45.27906],[7.13148,45.27401],[7.1327,45.26401],[7.13709,45.25607],[7.1243,45.244],[7.11499,45.24642],[7.10963,45.2455],[7.08426,45.22424],[7.08309,45.21635],[7.06699,45.21029],[7.05097,45.22571],[7.04648,45.22585],[7.01962,45.21461],[7.00635,45.21728],[7.00322,45.22006],[6.99402,45.21194],[6.98909,45.21018],[6.96576,45.20772],[6.96062,45.20298],[6.96778,45.19565],[6.95872,45.19165],[6.95287,45.18641],[6.95061,45.17997],[6.94321,45.1759],[6.94747,45.17047],[6.93198,45.1711],[6.90739,45.16629],[6.89352,45.16901],[6.8842,45.15605],[6.89792,45.14135],[6.89393,45.13728],[6.87238,45.13598],[6.86665,45.13211],[6.84832,45.12731],[6.84114,45.13574],[6.8131,45.14853],[6.79663,45.15311],[6.78713,45.1536],[6.77978,45.15799],[6.76916,45.15984],[6.75756,45.15117],[6.75099,45.14324],[6.7402,45.13697],[6.72504,45.13909],[6.71203,45.14477],[6.69253,45.13949],[6.68021,45.14041],[6.67409,45.13099],[6.67306,45.12453],[6.64869,45.11511],[6.63478,45.11579],[6.62686,45.10495],[6.62662,45.1043]],[[8.13073,40.73281],[8.14834,40.72492],[8.15515,40.71458],[8.17092,40.70743],[8.17541,40.70146],[8.17475,40.69471],[8.19426,40.69158],[8.20314,40.68846],[8.2049,40.6849],[8.20411,40.67959],[8.19606,40.67864],[8.19643,40.67465],[8.19882,40.67329],[8.19526,40.6699],[8.19359,40.6617],[8.18938,40.65727],[8.18673,40.63919],[8.16312,40.62954],[8.14788,40.62662],[8.14347,40.62344],[8.14342,40.61554],[8.14867,40.60507],[8.15044,40.57921],[8.16118,40.56074],[8.1644,40.56032],[8.16576,40.56613],[8.16439,40.57329],[8.16104,40.57606],[8.16308,40.58151],[8.1739,40.59399],[8.18149,40.59784],[8.18759,40.60643],[8.18937,40.61581],[8.19406,40.6182],[8.20949,40.61483],[8.21936,40.6018],[8.21749,40.59476],[8.21021,40.59299],[8.20508,40.58212],[8.20067,40.58024],[8.19788,40.57626],[8.19784,40.57109],[8.20327,40.56903],[8.2325,40.56922],[8.24325,40.57112],[8.24567,40.58104],[8.25083,40.58442],[8.26074,40.58404],[8.27774,40.59227],[8.28704,40.59422],[8.29504,40.59298],[8.30554,40.58675],[8.3176,40.57069],[8.31472,40.56053],[8.30901,40.56046],[8.31962,40.55035],[8.32639,40.53039],[8.33909,40.5095],[8.33839,40.50316],[8.35136,40.50152],[8.36218,40.49507],[8.36788,40.49643],[8.37394,40.49083],[8.38464,40.45546],[8.3984,40.42962],[8.40185,40.40928],[8.39976,40.40756],[8.39752,40.39622],[8.39376,40.38938],[8.38878,40.36598],[8.38754,40.36367],[8.3802,40.36219],[8.37854,40.35801],[8.38407,40.35057],[8.38254,40.33874],[8.38952,40.33738],[8.39536,40.33997],[8.40572,40.33646],[8.4256,40.33564],[8.43264,40.33345],[8.44223,40.31901],[8.45386,40.31997],[8.46381,40.3153],[8.46573,40.30931],[8.46373,40.30465],[8.46432,40.30041],[8.47277,40.28759],[8.479,40.28744],[8.48307,40.28348],[8.48334,40.27204],[8.47914,40.2679],[8.47675,40.25476],[8.46597,40.22736],[8.46312,40.21464],[8.46124,40.2131],[8.46766,40.19949],[8.46584,40.19327],[8.45825,40.18314],[8.45576,40.17668],[8.46135,40.17226],[8.46006,40.15038],[8.4726,40.12966],[8.4849,40.11778],[8.48899,40.10082],[8.488,40.09429],[8.49293,40.08665],[8.4892,40.07963],[8.4537,40.05081],[8.44357,40.04772],[8.44022,40.05135],[8.43412,40.05212],[8.42625,40.0446],[8.4119,40.04115],[8.40697,40.04351],[8.40345,40.05113],[8.39912,40.05127],[8.39917,40.04632],[8.39657,40.04398],[8.39148,40.04224],[8.38647,40.04418],[8.37626,40.03577],[8.37825,40.02893],[8.39167,40.02941],[8.39715,40.03275],[8.40188,40.03253],[8.40666,40.02898],[8.41408,40.017],[8.41333,40.01194],[8.41047,40.01021],[8.41111,39.99935],[8.39272,39.97924],[8.3914,39.97554],[8.39765,39.97032],[8.40136,39.95699],[8.40141,39.93306],[8.39853,39.91964],[8.40013,39.91407],[8.39861,39.91039],[8.39978,39.90146],[8.40214,39.89851],[8.41053,39.90099],[8.42043,39.89589],[8.43598,39.88237],[8.43857,39.87529],[8.43834,39.86759],[8.43233,39.86518],[8.43175,39.8622],[8.43557,39.85802],[8.43856,39.86086],[8.44193,39.88002],[8.46762,39.9011],[8.46646,39.90362],[8.4823,39.90423],[8.49186,39.90962],[8.49421,39.90858],[8.48915,39.90225],[8.49461,39.90109],[8.4895,39.90238],[8.49105,39.90541],[8.50568,39.90786],[8.518,39.90489],[8.52967,39.89886],[8.53772,39.89143],[8.54037,39.88353],[8.54561,39.87598],[8.53982,39.8698],[8.54424,39.86601],[8.55213,39.86353],[8.56851,39.86535],[8.5688,39.86368],[8.56495,39.85967],[8.55384,39.85777],[8.55554,39.84978],[8.55459,39.8373],[8.54537,39.79519],[8.53266,39.7704],[8.51311,39.75337],[8.52108,39.74601],[8.5099,39.73263],[8.50397,39.72872],[8.50805,39.72439],[8.50293,39.71416],[8.49442,39.7136],[8.48967,39.71547],[8.49907,39.71733],[8.49768,39.72081],[8.48937,39.72754],[8.47166,39.74977],[8.46887,39.75803],[8.45984,39.76846],[8.4513,39.76959],[8.44397,39.7581],[8.44524,39.749],[8.44916,39.74009],[8.44726,39.73529],[8.44968,39.72119],[8.45163,39.71327],[8.45534,39.71112],[8.45166,39.69196],[8.44832,39.68594],[8.44509,39.6852],[8.44701,39.67491],[8.45664,39.66589],[8.45144,39.65789],[8.45022,39.63356],[8.45196,39.62442],[8.45571,39.6205],[8.45935,39.62038],[8.46555,39.61619],[8.47057,39.59894],[8.4635,39.58765],[8.46442,39.57701],[8.44703,39.53963],[8.40971,39.49282],[8.39685,39.48112],[8.39013,39.47833],[8.38466,39.47068],[8.38338,39.45733],[8.38486,39.45487],[8.39266,39.4468],[8.4109,39.44118],[8.41272,39.4269],[8.40883,39.41493],[8.40243,39.40472],[8.39224,39.39577],[8.38589,39.39426],[8.37977,39.3743],[8.37589,39.37693],[8.37314,39.3738],[8.37633,39.36863],[8.38555,39.36556],[8.38812,39.36285],[8.38623,39.35714],[8.3871,39.35327],[8.39669,39.33768],[8.41582,39.33615],[8.42044,39.33168],[8.42043,39.32096],[8.42607,39.31879],[8.43075,39.31349],[8.43387,39.29795],[8.437,39.292],[8.4332,39.28224],[8.42356,39.26792],[8.41096,39.2644],[8.39881,39.25126],[8.36665,39.22817],[8.36849,39.21611],[8.37224,39.20954],[8.37978,39.20326],[8.38919,39.19814],[8.39231,39.19971],[8.3967,39.19832],[8.3994,39.19411],[8.39915,39.18932],[8.40679,39.1588],[8.41136,39.14951],[8.41736,39.14785],[8.41666,39.15538],[8.41203,39.1591],[8.40939,39.16495],[8.414,39.17214],[8.43721,39.15592],[8.4391,39.13999],[8.43353,39.12985],[8.43962,39.11486],[8.46091,39.12125],[8.46857,39.11765],[8.47925,39.09314],[8.48548,39.08822],[8.48772,39.08884],[8.48596,39.0848],[8.48846,39.08474],[8.47786,39.06812],[8.47801,39.06095],[8.46601,39.05716],[8.45905,39.06579],[8.45649,39.08374],[8.44301,39.09208],[8.43152,39.09592],[8.42618,39.1091],[8.41024,39.10207],[8.38038,39.09964],[8.37509,39.10882],[8.36957,39.11193],[8.36957,39.11399],[8.36033,39.10994],[8.3603,39.10487],[8.35075,39.09751],[8.35271,39.09224],[8.35851,39.08691],[8.35399,39.08111],[8.34982,39.08265],[8.3496,39.07898],[8.35722,39.0637],[8.36369,39.03164],[8.37052,39.02206],[8.3734,39.02329],[8.3709,39.01948],[8.37563,39.01154],[8.38324,39.00614],[8.38407,39.00038],[8.40321,38.96231],[8.4068,38.95836],[8.41424,38.95529],[8.4368,38.9629],[8.44371,38.97037],[8.4406,38.97843],[8.44726,38.9832],[8.45151,38.98978],[8.45045,39.01108],[8.45276,39.02473],[8.47005,39.05156],[8.46833,39.05524],[8.47995,39.0598],[8.49867,39.06339],[8.53163,39.05948],[8.53447,39.05682],[8.53261,39.0559],[8.53442,39.05345],[8.54854,39.04444],[8.55507,39.04681],[8.56503,39.04539],[8.57493,39.03206],[8.5759,39.01952],[8.57389,39.0157],[8.56683,39.01082],[8.56491,39.00162],[8.56628,38.99661],[8.57248,38.99069],[8.57671,38.98073],[8.58931,38.96401],[8.58485,38.95993],[8.5868,38.95565],[8.59802,38.96226],[8.60337,38.96301],[8.61256,38.95792],[8.61903,38.94874],[8.62359,38.93756],[8.61987,38.91661],[8.61363,38.91349],[8.60697,38.90529],[8.60677,38.89276],[8.62142,38.89032],[8.632,38.89545],[8.64639,38.89422],[8.648,38.89229],[8.64097,38.88294],[8.64207,38.87746],[8.6393,38.86989],[8.6366,38.86793],[8.63993,38.86495],[8.64544,38.86409],[8.65705,38.87065],[8.65491,38.88283],[8.64825,38.88687],[8.64967,38.89489],[8.6561,38.89829],[8.65919,38.89491],[8.66757,38.895],[8.67028,38.8972],[8.67278,38.90827],[8.68171,38.90936],[8.69339,38.91863],[8.69833,38.91723],[8.70968,38.92165],[8.7205,38.93111],[8.72021,38.93667],[8.72261,38.93773],[8.73079,38.93183],[8.76203,38.91697],[8.77444,38.91427],[8.77637,38.91555],[8.78181,38.91162],[8.77836,38.90889],[8.77815,38.90384],[8.78347,38.89817],[8.79384,38.89443],[8.802,38.88665],[8.79889,38.89341],[8.7996,38.89729],[8.80598,38.89966],[8.82769,38.89058],[8.829,38.88919],[8.82667,38.88706],[8.82668,38.88424],[8.83333,38.87753],[8.83881,38.88039],[8.84603,38.8765],[8.85484,38.87668],[8.88004,38.89544],[8.89155,38.89908],[8.90388,38.90578],[8.91204,38.91709],[8.92087,38.9251],[8.97012,38.95737],[8.99408,38.97566],[8.99434,38.98296],[8.99621,38.98541],[9.01192,38.98695],[9.02396,39.00446],[9.02438,39.02018],[9.02859,39.02819],[9.04087,39.0418],[9.04579,39.05614],[9.02868,39.07322],[9.02515,39.08105],[9.03817,39.08637],[9.04851,39.08705],[9.05233,39.08334],[9.05393,39.08522],[9.04885,39.08876],[9.03737,39.08802],[9.02435,39.08243],[9.01652,39.08666],[9.01428,39.09854],[9.01642,39.10493],[9.00892,39.12128],[9.015,39.13493],[9.01743,39.14576],[9.03021,39.16354],[9.04722,39.18058],[9.07856,39.20495],[9.09592,39.21411],[9.11001,39.21404],[9.11457,39.21204],[9.12345,39.20603],[9.14679,39.18293],[9.15946,39.1807],[9.16443,39.18208],[9.16892,39.18816],[9.16729,39.1908],[9.15986,39.19367],[9.16069,39.19861],[9.16533,39.20422],[9.18517,39.21815],[9.20979,39.22681],[9.23144,39.22766],[9.23777,39.22481],[9.24307,39.2182],[9.24738,39.21644],[9.26294,39.21703],[9.29653,39.2132],[9.29957,39.21154],[9.30109,39.20467],[9.3125,39.2054],[9.32277,39.20345],[9.32318,39.20089],[9.3392,39.19177],[9.34154,39.18621],[9.35001,39.17839],[9.3534,39.17735],[9.35588,39.17912],[9.37106,39.17378],[9.3854,39.16079],[9.39167,39.15745],[9.39374,39.15201],[9.39227,39.14459],[9.4009,39.14092],[9.4035,39.1446],[9.40837,39.14345],[9.42333,39.13476],[9.43096,39.13331],[9.43413,39.13118],[9.43402,39.12553],[9.43765,39.12201],[9.44224,39.12653],[9.44649,39.12544],[9.4571,39.12962],[9.48462,39.13559],[9.5029,39.13116],[9.50936,39.12428],[9.50912,39.11809],[9.50682,39.11678],[9.50522,39.11951],[9.50528,39.11073],[9.5149,39.099],[9.52379,39.09467],[9.51993,39.10248],[9.51876,39.11329],[9.52095,39.11764],[9.52958,39.12712],[9.53885,39.13291],[9.54896,39.13237],[9.56156,39.13847],[9.56841,39.15327],[9.56624,39.15576],[9.57037,39.16921],[9.57869,39.17564],[9.57786,39.1844],[9.56504,39.18906],[9.56298,39.1985],[9.56776,39.21484],[9.56853,39.22831],[9.57174,39.23478],[9.57069,39.24112],[9.58155,39.26411],[9.59098,39.2782],[9.60686,39.29418],[9.61278,39.29726],[9.62137,39.29849],[9.63238,39.29536],[9.63415,39.29921],[9.62728,39.30699],[9.6183,39.3119],[9.61281,39.31157],[9.60388,39.32048],[9.59927,39.33178],[9.59776,39.35026],[9.60182,39.37107],[9.60823,39.38879],[9.63117,39.43348],[9.63813,39.43842],[9.64042,39.4424],[9.64127,39.45266],[9.64595,39.46139],[9.6416,39.48312],[9.64474,39.4901],[9.64329,39.49328],[9.63775,39.49355],[9.63382,39.49652],[9.6319,39.50164],[9.63267,39.51452],[9.63936,39.54051],[9.64246,39.5456],[9.65136,39.54925],[9.65434,39.55245],[9.65211,39.5537],[9.6503,39.56098],[9.65622,39.56858],[9.65797,39.57815],[9.65766,39.60075],[9.65292,39.62593],[9.65072,39.62914],[9.65211,39.63413],[9.64759,39.64442],[9.64719,39.6517],[9.65121,39.66406],[9.65733,39.66746],[9.66365,39.68214],[9.65942,39.69218],[9.65998,39.69743],[9.66384,39.70066],[9.66866,39.70113],[9.67596,39.71089],[9.67399,39.72094],[9.67562,39.72606],[9.67365,39.75338],[9.6692,39.7688],[9.66947,39.78362],[9.67387,39.80714],[9.68411,39.83979],[9.69123,39.84785],[9.6962,39.85053],[9.69673,39.85343],[9.69324,39.85953],[9.6845,39.86616],[9.68258,39.87001],[9.68079,39.88589],[9.68199,39.90028],[9.68576,39.91022],[9.69136,39.91729],[9.70569,39.92465],[9.71319,39.9218],[9.71583,39.92838],[9.71569,39.93297],[9.71035,39.93567],[9.71336,39.93763],[9.7128,39.93895],[9.70791,39.9409],[9.70572,39.93672],[9.69974,39.93591],[9.6907,39.94299],[9.68685,39.94842],[9.68506,39.95952],[9.68699,39.9825],[9.69153,39.99203],[9.69998,40.00073],[9.70168,40.01183],[9.69985,40.01763],[9.70549,40.03357],[9.72053,40.049],[9.72816,40.07078],[9.734,40.07393],[9.73568,40.07749],[9.73381,40.08623],[9.72892,40.09083],[9.68957,40.10796],[9.68501,40.11165],[9.68349,40.11689],[9.65427,40.14426],[9.65274,40.14831],[9.6546,40.14977],[9.65448,40.15358],[9.64524,40.17102],[9.64275,40.1746],[9.63465,40.17909],[9.63012,40.18899],[9.6257,40.20793],[9.62821,40.21447],[9.62869,40.22453],[9.62672,40.22587],[9.62436,40.23525],[9.62392,40.25278],[9.63101,40.27391],[9.63646,40.28288],[9.65436,40.30099],[9.66573,40.32013],[9.67698,40.32705],[9.67756,40.33097],[9.6826,40.33733],[9.73031,40.37534],[9.74174,40.38139],[9.75473,40.38128],[9.76387,40.39072],[9.7732,40.4077],[9.77289,40.42612],[9.78464,40.43994],[9.79259,40.44306],[9.80052,40.4568],[9.82776,40.51266],[9.82686,40.52275],[9.82839,40.52844],[9.82328,40.53278],[9.81413,40.53711],[9.80907,40.53702],[9.79577,40.54474],[9.79196,40.55017],[9.79438,40.55484],[9.79303,40.56359],[9.78281,40.57917],[9.76803,40.58391],[9.75635,40.59407],[9.75176,40.60087],[9.75054,40.61244],[9.75302,40.61551],[9.74406,40.62401],[9.74195,40.63449],[9.74363,40.64794],[9.75028,40.65612],[9.74883,40.66044],[9.7519,40.67389],[9.74969,40.67993],[9.74204,40.6914],[9.72273,40.70035],[9.71577,40.70894],[9.71262,40.72219],[9.71528,40.72985],[9.71147,40.73781],[9.71575,40.74258],[9.71549,40.75298],[9.70667,40.75547],[9.68669,40.7665],[9.6786,40.77379],[9.67139,40.78467],[9.67028,40.79565],[9.67369,40.80446],[9.68139,40.80904],[9.68827,40.8062],[9.69192,40.8113],[9.68798,40.81901],[9.68081,40.82235],[9.68586,40.83532],[9.68904,40.83716],[9.70352,40.83338],[9.7139,40.83306],[9.72505,40.83825],[9.72791,40.84448],[9.71618,40.84237],[9.69352,40.84637],[9.68824,40.85298],[9.6875,40.85676],[9.68091,40.86143],[9.67601,40.86136],[9.66767,40.85305],[9.66518,40.85329],[9.66428,40.85581],[9.65748,40.85653],[9.65245,40.86085],[9.65686,40.87504],[9.65284,40.8795],[9.64578,40.87999],[9.64804,40.87699],[9.64421,40.87419],[9.64066,40.87426],[9.63609,40.87978],[9.63533,40.88459],[9.61595,40.88959],[9.61536,40.89478],[9.62462,40.89626],[9.63346,40.90791],[9.6452,40.91764],[9.64429,40.92001],[9.63024,40.91782],[9.6136,40.9198],[9.60762,40.91675],[9.60569,40.91026],[9.58866,40.89961],[9.57666,40.90352],[9.56379,40.91783],[9.55171,40.92027],[9.52856,40.91536],[9.52729,40.91829],[9.51508,40.91281],[9.50657,40.91133],[9.50381,40.91269],[9.50154,40.91793],[9.50318,40.92133],[9.5115,40.92374],[9.52049,40.92164],[9.52367,40.92411],[9.51008,40.92511],[9.50824,40.92869],[9.52537,40.93313],[9.53449,40.9328],[9.53913,40.92587],[9.56289,40.92399],[9.57483,40.92799],[9.57526,40.93395],[9.56822,40.93568],[9.56815,40.94244],[9.59386,40.96789],[9.58297,40.9762],[9.58468,40.98707],[9.58914,40.98996],[9.59397,40.98994],[9.6112,41.00316],[9.62052,41.00206],[9.6247,40.99473],[9.63355,40.98867],[9.65143,40.98415],[9.66488,40.99545],[9.65599,41.00451],[9.63849,41.00086],[9.63091,41.00213],[9.62146,41.00613],[9.60823,41.01819],[9.59846,41.01896],[9.59508,41.02273],[9.5915,41.01434],[9.57696,41.00302],[9.56873,41.00575],[9.55548,41.00377],[9.5509,41.00694],[9.5566,41.01911],[9.56288,41.02523],[9.56315,41.03468],[9.56122,41.03771],[9.53553,41.02679],[9.53191,41.02707],[9.53105,41.03065],[9.5284,41.03012],[9.52674,41.02881],[9.52732,41.02232],[9.52991,41.01888],[9.52499,41.01111],[9.51332,41.00788],[9.50592,41.00943],[9.50776,41.01554],[9.51387,41.01767],[9.52127,41.03159],[9.52429,41.0457],[9.523,41.04939],[9.52677,41.0565],[9.5325,41.06178],[9.52865,41.07075],[9.53459,41.08242],[9.54271,41.08976],[9.54448,41.08735],[9.54142,41.0829],[9.5486,41.07993],[9.55169,41.07928],[9.56295,41.08531],[9.57063,41.10052],[9.56689,41.11587],[9.56088,41.11982],[9.55376,41.11912],[9.54718,41.11257],[9.54042,41.11444],[9.53888,41.12269],[9.54465,41.12858],[9.54579,41.13369],[9.53953,41.13613],[9.52662,41.13374],[9.52644,41.13602],[9.53153,41.13834],[9.5324,41.14376],[9.52943,41.1531],[9.52615,41.15684],[9.51949,41.1569],[9.51592,41.15424],[9.51016,41.14084],[9.48568,41.14643],[9.48229,41.14356],[9.47035,41.14156],[9.46693,41.1435],[9.46377,41.13678],[9.47254,41.13409],[9.46808,41.12935],[9.47171,41.12571],[9.46338,41.12457],[9.4504,41.1049],[9.44084,41.10396],[9.4395,41.13363],[9.42886,41.14527],[9.43285,41.14745],[9.43216,41.15152],[9.42972,41.15476],[9.40556,41.15707],[9.40555,41.15942],[9.40995,41.16259],[9.42229,41.16626],[9.42329,41.17639],[9.41956,41.17897],[9.40634,41.17642],[9.38571,41.18085],[9.38086,41.1877],[9.3765,41.18695],[9.37507,41.18352],[9.37024,41.18324],[9.36465,41.19387],[9.3663,41.19934],[9.36331,41.20758],[9.35417,41.20264],[9.35163,41.20316],[9.34889,41.20745],[9.3382,41.20469],[9.33158,41.19422],[9.33732,41.19114],[9.33929,41.1919],[9.33637,41.18734],[9.33187,41.18532],[9.31935,41.19345],[9.319,41.19541],[9.32258,41.19847],[9.32034,41.20307],[9.31614,41.20021],[9.3185,41.19517],[9.31538,41.19198],[9.30188,41.19063],[9.29004,41.19332],[9.2882,41.19609],[9.28921,41.19768],[9.30004,41.20298],[9.29467,41.21249],[9.28786,41.21942],[9.28097,41.2067],[9.27854,41.19772],[9.27993,41.19382],[9.27672,41.19317],[9.26995,41.19677],[9.28177,41.21699],[9.28076,41.22793],[9.27201,41.23329],[9.27204,41.2393],[9.23701,41.24604],[9.23463,41.24929],[9.23618,41.25637],[9.23507,41.25914],[9.22524,41.25923],[9.20466,41.24934],[9.19446,41.24642],[9.18075,41.24766],[9.17504,41.246],[9.16274,41.23561],[9.15825,41.23939],[9.16094,41.2423],[9.14424,41.24695],[9.14075,41.24432],[9.13806,41.23841],[9.14262,41.23224],[9.1467,41.23158],[9.15997,41.23583],[9.16708,41.22899],[9.1638,41.21322],[9.15329,41.19767],[9.15822,41.18356],[9.17106,41.17704],[9.17111,41.17396],[9.16774,41.16811],[9.15275,41.15567],[9.12921,41.15261],[9.12458,41.15636],[9.12097,41.15533],[9.11888,41.15154],[9.12309,41.14884],[9.12287,41.14697],[9.11018,41.13493],[9.08622,41.12799],[9.05825,41.12803],[9.05114,41.13432],[9.05184,41.13685],[9.04624,41.13792],[9.03058,41.13271],[9.02795,41.12704],[9.02283,41.1263],[9.02039,41.12777],[9.01166,41.12377],[8.99668,41.10488],[8.991,41.1039],[8.97433,41.08338],[8.95552,41.06719],[8.95017,41.06025],[8.93846,41.05295],[8.9297,41.04348],[8.91386,41.03705],[8.90253,41.03545],[8.89221,41.02734],[8.88234,41.0281],[8.88324,41.02249],[8.88828,41.01748],[8.88744,41.01592],[8.88444,41.01481],[8.87767,41.01766],[8.86912,41.01412],[8.87151,41.01121],[8.87114,41.01349],[8.8766,41.00998],[8.87699,41.00415],[8.873,40.99546],[8.83522,40.95607],[8.79325,40.92416],[8.76845,40.91589],[8.7605,40.91562],[8.75623,40.91782],[8.74643,40.91676],[8.74286,40.91854],[8.7327,40.91689],[8.72704,40.91279],[8.70764,40.91377],[8.70334,40.91583],[8.69892,40.91455],[8.69501,40.91295],[8.68843,40.90573],[8.66941,40.89642],[8.64978,40.89204],[8.63237,40.88133],[8.6245,40.86389],[8.60591,40.85017],[8.57947,40.83769],[8.56336,40.83223],[8.51969,40.82324],[8.48711,40.81985],[8.45881,40.81958],[8.44931,40.82126],[8.41753,40.83803],[8.39308,40.83948],[8.36897,40.8371],[8.35529,40.84018],[8.34791,40.83978],[8.35132,40.85031],[8.36235,40.85273],[8.38472,40.85116],[8.36251,40.85292],[8.35441,40.85134],[8.35015,40.85035],[8.34837,40.84329],[8.34324,40.84227],[8.31386,40.8448],[8.29044,40.85781],[8.26883,40.87406],[8.24934,40.891],[8.2327,40.91084],[8.22748,40.93153],[8.23838,40.95291],[8.22525,40.95491],[8.21259,40.96185],[8.20397,40.97162],[8.19987,40.97016],[8.17581,40.93496],[8.1768,40.93263],[8.19078,40.92441],[8.19181,40.92113],[8.18872,40.91802],[8.19224,40.91319],[8.20014,40.91154],[8.20724,40.90701],[8.20864,40.90296],[8.21245,40.90331],[8.21461,40.90094],[8.21932,40.90009],[8.21752,40.89665],[8.22169,40.89272],[8.2238,40.88638],[8.21858,40.88126],[8.21587,40.86801],[8.20705,40.85019],[8.20349,40.84802],[8.19534,40.83504],[8.1954,40.82809],[8.19171,40.82154],[8.18851,40.8201],[8.18492,40.81224],[8.17576,40.80097],[8.16546,40.79594],[8.16086,40.79095],[8.16421,40.7881],[8.16752,40.78022],[8.16503,40.76949],[8.16658,40.76619],[8.14601,40.74178],[8.13088,40.73292],[8.13073,40.73281]],[[8.13773,40.60297],[8.14029,40.60152],[8.1446,40.60454],[8.14028,40.60541],[8.13838,40.60383],[8.13773,40.60297]],[[8.15005,40.57014],[8.15196,40.56866],[8.15346,40.57102],[8.15288,40.57228],[8.15009,40.57058],[8.15005,40.57014]],[[8.17339,40.93923],[8.1734,40.9398],[8.17339,40.93923]],[[8.20555,40.97109],[8.2079,40.9701],[8.20581,40.97134],[8.20555,40.97109]],[[8.20865,40.99018],[8.21162,40.98733],[8.25441,40.98606],[8.26112,40.993],[8.26359,41.00267],[8.24898,41.01791],[8.2489,41.02696],[8.23839,41.02361],[8.23499,41.02439],[8.25095,41.03328],[8.26411,41.04528],[8.26185,41.05032],[8.26492,41.05521],[8.27157,41.05481],[8.28337,41.06444],[8.32237,41.05604],[8.32776,41.05111],[8.33235,41.04996],[8.33897,41.06079],[8.34105,41.0707],[8.33608,41.07339],[8.33575,41.07998],[8.34142,41.08496],[8.35013,41.08724],[8.34949,41.09017],[8.34453,41.09685],[8.32641,41.10243],[8.3254,41.10553],[8.3289,41.11087],[8.31833,41.12077],[8.31178,41.11746],[8.30994,41.11197],[8.31159,41.10894],[8.30228,41.10529],[8.28163,41.10377],[8.27617,41.10503],[8.27197,41.09955],[8.27255,41.09625],[8.28278,41.08743],[8.28529,41.07674],[8.28424,41.07517],[8.27384,41.07622],[8.26666,41.07322],[8.25882,41.06489],[8.25578,41.05609],[8.25031,41.04982],[8.24462,41.04691],[8.226,41.04415],[8.22076,41.04138],[8.22034,41.0239],[8.22875,41.02601],[8.23097,41.02383],[8.22435,41.01455],[8.2144,41.00782],[8.21072,41.00248],[8.20865,40.99018]],[[8.21103,40.98553],[8.21112,40.98566],[8.21103,40.98553]],[[8.21156,40.97885],[8.21602,40.96772],[8.22508,40.96983],[8.22691,40.97559],[8.21955,40.98133],[8.2143,40.98293],[8.21157,40.97891],[8.21156,40.97885]],[[8.21173,40.88013],[8.21482,40.88087],[8.21189,40.88042],[8.21173,40.88013]],[[8.21177,40.97205],[8.21332,40.97193],[8.21179,40.9722],[8.21177,40.97205]],[[8.21257,40.98556],[8.2146,40.98572],[8.21261,40.98559],[8.21257,40.98556]],[[8.2196,39.14758],[8.22438,39.14083],[8.23428,39.14333],[8.25032,39.1334],[8.25219,39.12907],[8.25284,39.11527],[8.24742,39.11109],[8.24791,39.10848],[8.2548,39.10386],[8.26247,39.10365],[8.27138,39.09988],[8.27302,39.09645],[8.2852,39.09684],[8.29165,39.09411],[8.30752,39.10465],[8.31014,39.11277],[8.30942,39.12663],[8.31118,39.13956],[8.30778,39.14425],[8.30952,39.14761],[8.3149,39.14622],[8.30961,39.14816],[8.31119,39.15078],[8.30594,39.16026],[8.30929,39.18779],[8.30552,39.18685],[8.29648,39.17895],[8.27401,39.17905],[8.25596,39.16877],[8.23959,39.16513],[8.22987,39.16507],[8.22544,39.16034],[8.22771,39.15649],[8.21961,39.14771],[8.2196,39.14758]],[[8.22377,40.96761],[8.22569,40.96702],[8.22392,40.96762],[8.22377,40.96761]],[[8.22407,44.02598],[8.2255,44.02346],[8.22947,44.0254],[8.22408,44.02613],[8.22407,44.02598]],[[8.24144,39.16643],[8.24349,39.16667],[8.24159,39.16657],[8.24144,39.16643]],[[8.25059,41.0286],[8.2533,41.02882],[8.25065,41.02885],[8.25059,41.0286]],[[8.26211,39.17579],[8.26314,39.17498],[8.26214,39.1758],[8.26211,39.17579]],[[8.27496,39.88181],[8.27635,39.88162],[8.275,39.8819],[8.27496,39.88181]],[[8.2994,40.57207],[8.3,40.57318],[8.2994,40.57207]],[[8.30115,39.99012],[8.30191,39.98485],[8.31048,39.9888],[8.31345,39.99635],[8.31183,39.99674],[8.31076,39.99415],[8.30602,39.99399],[8.30115,39.99012]],[[8.31713,39.1904],[8.32412,39.18931],[8.32519,39.19129],[8.31995,39.19538],[8.3173,39.19174],[8.31713,39.1904]],[[8.31784,39.18573],[8.31973,39.18557],[8.31785,39.1858],[8.31784,39.18573]],[[8.33639,40.49997],[8.33773,40.49931],[8.33665,40.50012],[8.33639,40.49997]],[[8.35518,39.22831],[8.35523,39.22842],[8.35518,39.22831]],[[8.35598,39.22698],[8.35712,39.22615],[8.35601,39.22702],[8.35598,39.22698]],[[8.3766,40.36063],[8.37817,40.36033],[8.37661,40.36069],[8.3766,40.36063]],[[8.39774,39.33387],[8.40178,39.33403],[8.39774,39.334],[8.39774,39.33387]],[[8.40286,40.05365],[8.4043,40.05364],[8.40287,40.05372],[8.40286,40.05365]],[[8.4078,38.86093],[8.40851,38.85919],[8.41239,38.86127],[8.40825,38.86311],[8.4078,38.86093]],[[8.43705,39.1052],[8.43838,39.1055],[8.43717,39.10547],[8.43705,39.1052]],[[8.44377,44.23385],[8.44603,44.23439],[8.44406,44.23493],[8.44377,44.23385]],[[8.44806,38.93598],[8.44959,38.93447],[8.45162,38.93624],[8.45045,38.93933],[8.44813,38.93631],[8.44806,38.93598]],[[8.44978,38.94115],[8.45089,38.94201],[8.44984,38.94143],[8.44978,38.94115]],[[8.45404,40.21025],[8.45649,40.20933],[8.45407,40.21033],[8.45404,40.21025]],[[8.46279,39.08139],[8.46292,39.08178],[8.46279,39.08139]],[[8.48555,40.09439],[8.48557,40.09457],[8.48555,40.09439]],[[8.48621,40.09483],[8.48652,40.09466],[8.48621,40.09483]],[[8.48634,40.09269],[8.48651,40.09264],[8.48634,40.09269]],[[8.48676,40.09348],[8.4868,40.09351],[8.48676,40.09348]],[[8.70991,40.91948],[8.71001,40.91953],[8.70991,40.91948]],[[8.71424,38.91404],[8.71625,38.91221],[8.71912,38.91524],[8.71485,38.9153],[8.71424,38.91404]],[[8.76489,38.91447],[8.76497,38.91452],[8.76489,38.91447]],[[8.76973,44.41579],[8.79512,44.41198],[8.8105,44.42221],[8.80565,44.42078],[8.79504,44.41216],[8.76984,44.41615],[8.76973,44.41579]],[[8.81176,38.88971],[8.81418,38.89273],[8.81178,38.88995],[8.81176,38.88971]],[[8.81692,44.41349],[8.88035,44.39982],[8.81712,44.41394],[8.81692,44.41349]],[[8.82444,38.88106],[8.82445,38.8812],[8.82444,38.88106]],[[8.8262,38.88178],[8.82781,38.88163],[8.82627,38.8819],[8.8262,38.88178]],[[8.86109,41.01562],[8.86376,41.01256],[8.86402,41.01564],[8.8611,41.01568],[8.86109,41.01562]],[[8.86365,38.88192],[8.86577,38.88195],[8.86378,38.8826],[8.86365,38.88192]],[[8.87688,44.40365],[8.91561,44.39674],[8.87704,44.40409],[8.87688,44.40365]],[[8.88984,38.89824],[8.891,38.89692],[8.89009,38.89847],[8.88984,38.89824]],[[8.95788,45.96474],[8.96824,45.96146],[8.97519,45.96159],[8.97905,45.9706],[8.97668,45.97206],[8.97619,45.97599],[8.97754,45.98302],[8.96685,45.98403],[8.95809,45.96525],[8.95788,45.96474]],[[9.02206,38.98491],[9.02438,38.9847],[9.02227,38.98507],[9.02206,38.98491]],[[9.03121,39.00385],[9.0328,39.00288],[9.03288,39.00435],[9.03135,39.00397],[9.03121,39.00385]],[[9.1188,41.15838],[9.11921,41.15848],[9.1188,41.15838]],[[9.11907,41.15755],[9.12041,41.15768],[9.11912,41.15785],[9.11907,41.15755]],[[9.18252,41.25006],[9.18482,41.24875],[9.18492,41.25136],[9.18276,41.2509],[9.18252,41.25006]],[[9.23649,41.25303],[9.23942,41.25387],[9.23692,41.25404],[9.23649,41.25303]],[[9.23861,41.25573],[9.2387,41.25611],[9.23861,41.25573]],[[9.24028,41.25699],[9.24236,41.25649],[9.24031,41.2572],[9.24028,41.25699]],[[9.27843,41.23273],[9.28009,41.23274],[9.27871,41.23317],[9.27843,41.23273]],[[9.31727,41.20298],[9.31846,41.20229],[9.31738,41.20307],[9.31727,41.20298]],[[9.32153,41.25032],[9.32234,41.24815],[9.32524,41.2491],[9.32444,41.25245],[9.32228,41.25114],[9.32153,41.25032]],[[9.33151,41.19056],[9.33547,41.19026],[9.33168,41.19113],[9.33151,41.19056]],[[9.33218,41.29515],[9.33238,41.29529],[9.33218,41.29515]],[[9.33305,41.24738],[9.33391,41.23549],[9.34074,41.22955],[9.35247,41.23178],[9.35814,41.23639],[9.36062,41.24236],[9.3601,41.244],[9.3562,41.24428],[9.3552,41.24787],[9.35018,41.25182],[9.34102,41.25135],[9.33916,41.25353],[9.3331,41.24768],[9.33305,41.24738]],[[9.33333,41.30139],[9.34089,41.30167],[9.34788,41.29947],[9.34789,41.29656],[9.35434,41.29303],[9.35945,41.29454],[9.35327,41.30348],[9.34122,41.30927],[9.33395,41.30553],[9.33333,41.30139]],[[9.33341,41.29443],[9.33347,41.29481],[9.33341,41.29443]],[[9.33413,41.29494],[9.33413,41.29505],[9.33413,41.29494]],[[9.33493,41.28273],[9.34894,41.27596],[9.35511,41.27664],[9.35763,41.27907],[9.35813,41.28657],[9.35606,41.28911],[9.3481,41.28924],[9.33554,41.28352],[9.33493,41.28273]],[[9.33508,41.29452],[9.3351,41.29459],[9.33508,41.29452]],[[9.33636,41.2862],[9.33681,41.2868],[9.33636,41.2862]],[[9.33731,41.22854],[9.33735,41.22865],[9.33731,41.22854]],[[9.33764,41.29478],[9.33764,41.29487],[9.33764,41.29478]],[[9.3566,41.24624],[9.35661,41.24648],[9.3566,41.24624]],[[9.35685,41.24519],[9.35685,41.24532],[9.35685,41.24519]],[[9.36033,41.29418],[9.36583,41.28757],[9.38484,41.29938],[9.37951,41.30818],[9.37376,41.30327],[9.36702,41.30236],[9.36068,41.29587],[9.36033,41.29418]],[[9.36179,41.28759],[9.36183,41.28793],[9.36179,41.28759]],[[9.36329,41.2834],[9.36333,41.2835],[9.36329,41.2834]],[[9.36438,41.28548],[9.36576,41.28548],[9.3644,41.28556],[9.36438,41.28548]],[[9.36456,41.2834],[9.36473,41.28369],[9.36456,41.2834]],[[9.36526,41.28628],[9.36698,41.28643],[9.36564,41.28708],[9.36526,41.28628]],[[9.36774,41.3091],[9.37022,41.30891],[9.36774,41.30917],[9.36774,41.3091]],[[9.36913,41.31285],[9.36914,41.31307],[9.36913,41.31285]],[[9.37013,41.30947],[9.38036,41.30843],[9.37997,41.31109],[9.3763,41.31274],[9.37014,41.30956],[9.37013,41.30947]],[[9.37383,41.22738],[9.3759,41.21818],[9.38133,41.21033],[9.40062,41.21025],[9.4168,41.21678],[9.42081,41.21355],[9.43732,41.2143],[9.43956,41.21585],[9.43804,41.22526],[9.44771,41.23297],[9.4368,41.24057],[9.43262,41.24995],[9.43088,41.26034],[9.42399,41.26675],[9.41762,41.26911],[9.41436,41.26805],[9.41256,41.25909],[9.41562,41.25677],[9.41333,41.25073],[9.40772,41.25154],[9.40473,41.2551],[9.40054,41.24291],[9.38998,41.23436],[9.37805,41.23466],[9.37532,41.23029],[9.37383,41.22738]],[[9.39555,41.19666],[9.39747,41.19612],[9.39557,41.19699],[9.39555,41.19666]],[[9.3963,41.29489],[9.40067,41.29264],[9.40234,41.29439],[9.39925,41.29868],[9.39639,41.29517],[9.3963,41.29489]],[[9.39675,41.1906],[9.40965,41.18642],[9.41912,41.18876],[9.42253,41.19425],[9.42035,41.2068],[9.41162,41.20756],[9.39818,41.19785],[9.39677,41.19111],[9.39675,41.1906]],[[9.39709,41.24947],[9.39709,41.24955],[9.39709,41.24947]],[[9.39795,41.25367],[9.40052,41.25301],[9.398,41.25382],[9.39795,41.25367]],[[9.39914,41.28726],[9.39916,41.28736],[9.39914,41.28726]],[[9.39968,41.28712],[9.40095,41.28688],[9.39969,41.28719],[9.39968,41.28712]],[[9.39972,41.28388],[9.40175,41.28065],[9.40219,41.28652],[9.39974,41.28396],[9.39972,41.28388]],[[9.39993,41.30154],[9.4012,41.3011],[9.40023,41.30196],[9.39993,41.30154]],[[9.40312,41.27647],[9.40314,41.27654],[9.40312,41.27647]],[[9.40343,41.29579],[9.40434,41.29397],[9.40695,41.29428],[9.40534,41.29658],[9.40344,41.29587],[9.40343,41.29579]],[[9.41515,41.21345],[9.41859,41.21231],[9.41717,41.21006],[9.41886,41.21133],[9.41832,41.21477],[9.41531,41.2137],[9.41515,41.21345]],[[9.43585,41.18311],[9.43707,41.18069],[9.44179,41.18149],[9.44746,41.19088],[9.45334,41.19236],[9.45606,41.18714],[9.4519,41.18539],[9.45538,41.18256],[9.46908,41.18031],[9.48129,41.18219],[9.47972,41.18719],[9.46985,41.18607],[9.46741,41.18316],[9.4638,41.18439],[9.46477,41.18947],[9.47882,41.19952],[9.48034,41.21086],[9.48821,41.21801],[9.48861,41.22089],[9.48236,41.22459],[9.48121,41.23908],[9.47381,41.23944],[9.47131,41.24547],[9.46438,41.24385],[9.46022,41.23798],[9.45607,41.22265],[9.4481,41.21249],[9.44728,41.20432],[9.45245,41.20301],[9.45128,41.20562],[9.45436,41.20597],[9.45646,41.20021],[9.44876,41.20005],[9.44354,41.20293],[9.43645,41.18721],[9.43585,41.18311]],[[9.44181,41.20236],[9.44331,41.20134],[9.44184,41.20248],[9.44181,41.20236]],[[9.44592,41.20827],[9.44592,41.20832],[9.44592,41.20827]],[[9.44721,41.22279],[9.45022,41.22171],[9.44721,41.22294],[9.44721,41.22279]],[[9.45453,41.22641],[9.45586,41.22495],[9.45552,41.2265],[9.45453,41.22641]],[[9.45457,41.22869],[9.45463,41.22895],[9.45457,41.22869]],[[9.45893,41.17448],[9.45901,41.17466],[9.45893,41.17448]],[[9.45898,41.17284],[9.4618,41.17276],[9.46126,41.17604],[9.45901,41.17301],[9.45898,41.17284]],[[9.48359,41.1832],[9.48678,41.18049],[9.48754,41.18218],[9.48488,41.18475],[9.48367,41.18343],[9.48359,41.1832]],[[9.48722,41.184],[9.4885,41.18458],[9.48726,41.18407],[9.48722,41.184]],[[9.50009,41.1533],[9.50398,41.15336],[9.50012,41.15343],[9.50009,41.1533]],[[9.50766,40.91661],[9.51254,40.91819],[9.50777,40.91672],[9.50766,40.91661]],[[9.50803,40.91781],[9.50932,40.91792],[9.50813,40.91809],[9.50803,40.91781]],[[9.51075,40.92094],[9.51316,40.92192],[9.51149,40.92162],[9.51075,40.92094]],[[9.5165,41.21716],[9.51787,41.21732],[9.51664,41.21731],[9.5165,41.21716]],[[9.51659,41.16626],[9.52239,41.16188],[9.52799,41.16349],[9.52479,41.16643],[9.51667,41.16656],[9.51659,41.16626]],[[9.51762,41.16423],[9.51928,41.16363],[9.51769,41.16432],[9.51762,41.16423]],[[9.51817,41.21665],[9.51827,41.21676],[9.51817,41.21665]],[[9.51827,41.21888],[9.51832,41.21905],[9.51827,41.21888]],[[9.51852,41.21963],[9.51893,41.21978],[9.51852,41.21963]],[[9.52591,40.93149],[9.52732,40.93036],[9.52591,40.93176],[9.52591,40.93149]],[[9.52671,39.08491],[9.53409,39.08218],[9.53614,39.08358],[9.53422,39.08945],[9.5282,39.08877],[9.52671,39.08491]],[[9.52728,41.04225],[9.52932,41.04197],[9.52731,41.04229],[9.52728,41.04225]],[[9.53566,39.0813],[9.53708,39.08105],[9.53572,39.08159],[9.53566,39.0813]],[[9.53604,39.08487],[9.53632,39.08493],[9.53604,39.08487]],[[9.53896,39.08318],[9.54005,39.08183],[9.53898,39.08328],[9.53896,39.08318]],[[9.54002,39.08376],[9.54164,39.08331],[9.54022,39.08392],[9.54002,39.08376]],[[9.56349,41.12532],[9.56658,41.12477],[9.56939,41.12771],[9.5664,41.12801],[9.56352,41.12551],[9.56349,41.12532]],[[9.56387,41.12308],[9.56687,41.12275],[9.56393,41.12316],[9.56387,41.12308]],[[9.56574,40.92014],[9.56624,40.92045],[9.56574,40.92014]],[[9.56609,41.13135],[9.56794,41.13095],[9.56749,41.1325],[9.56612,41.1315],[9.56609,41.13135]],[[9.56804,41.11702],[9.5699,41.11569],[9.56973,41.11776],[9.56805,41.11721],[9.56804,41.11702]],[[9.56907,41.12652],[9.57102,41.12599],[9.57165,41.12799],[9.5691,41.1266],[9.56907,41.12652]],[[9.56918,41.06414],[9.57097,41.06186],[9.57627,41.06118],[9.57911,41.06337],[9.579,41.06738],[9.57458,41.06963],[9.56925,41.06431],[9.56918,41.06414]],[[9.56967,41.11801],[9.5712,41.11854],[9.56968,41.11807],[9.56967,41.11801]],[[9.57853,41.09259],[9.57866,41.09264],[9.57853,41.09259]],[[9.58,41.06774],[9.58486,41.06819],[9.58004,41.06803],[9.58,41.06774]],[[9.58021,41.09431],[9.58147,41.09388],[9.58028,41.09448],[9.58021,41.09431]],[[9.58161,40.90466],[9.5843,40.90526],[9.58164,40.90481],[9.58161,40.90466]],[[9.58414,41.07028],[9.5884,41.06869],[9.58773,41.07076],[9.58499,41.0711],[9.58414,41.07028]],[[9.58659,41.0748],[9.58672,41.07489],[9.58659,41.0748]],[[9.58766,40.95833],[9.5898,40.95867],[9.58774,40.95898],[9.58766,40.95833]],[[9.59676,41.07603],[9.60119,41.07158],[9.60632,41.07107],[9.60885,41.07335],[9.60989,41.08205],[9.60713,41.08188],[9.60064,41.07603],[9.59679,41.07617],[9.59676,41.07603]],[[9.60111,41.07899],[9.60137,41.07943],[9.60111,41.07899]],[[9.60244,39.14783],[9.60513,39.1479],[9.60265,39.14819],[9.60244,39.14783]],[[9.60361,39.13963],[9.60537,39.13352],[9.60842,39.14243],[9.60623,39.14494],[9.60433,39.14339],[9.60361,39.13963]],[[9.60391,39.15204],[9.60525,39.15079],[9.60417,39.15221],[9.60391,39.15204]],[[9.60485,39.14889],[9.605,39.14976],[9.60485,39.14889]],[[9.62742,39.30846],[9.62769,39.30859],[9.62742,39.30846]],[[9.63177,40.92025],[9.632,40.92047],[9.63177,40.92025]],[[9.63292,40.92162],[9.63416,40.92138],[9.633,40.92177],[9.63292,40.92162]],[[9.6349,40.92334],[9.63495,40.92351],[9.6349,40.92334]],[[9.63787,40.92059],[9.63811,40.92072],[9.63787,40.92059]],[[9.63904,40.88503],[9.64139,40.88578],[9.63911,40.88533],[9.63904,40.88503]],[[9.64003,40.98244],[9.64295,40.97775],[9.64625,40.97893],[9.64497,40.98201],[9.64096,40.98293],[9.64003,40.98244]],[[9.64095,40.92048],[9.64098,40.92073],[9.64095,40.92048]],[[9.64105,40.92127],[9.6423,40.92116],[9.64109,40.92138],[9.64105,40.92127]],[[9.64635,40.91768],[9.64719,40.91837],[9.64635,40.91768]],[[9.64679,40.88856],[9.64926,40.88666],[9.65535,40.88838],[9.65038,40.89014],[9.64689,40.8887],[9.64679,40.88856]],[[9.65797,39.52443],[9.65798,39.52505],[9.65797,39.52443]],[[9.65857,39.52476],[9.65977,39.52437],[9.65858,39.52496],[9.65857,39.52476]],[[9.66754,40.89375],[9.66755,40.89384],[9.66754,40.89375]],[[9.67008,40.87808],[9.67342,40.87785],[9.67063,40.87845],[9.67008,40.87808]],[[9.67305,40.88953],[9.68747,40.8909],[9.69278,40.88785],[9.71789,40.90414],[9.74163,40.91108],[9.74275,40.9123],[9.73982,40.91978],[9.7355,40.92416],[9.73721,40.92745],[9.68846,40.89802],[9.67354,40.89177],[9.67305,40.88953]],[[9.67444,40.89654],[9.67444,40.89675],[9.67444,40.89654]],[[9.67623,40.86468],[9.67736,40.86376],[9.67626,40.86502],[9.67623,40.86468]],[[9.70225,39.97399],[9.70651,39.97344],[9.70226,39.97492],[9.70225,39.97399]],[[9.70663,39.9757],[9.70668,39.97627],[9.70663,39.9757]],[[9.70666,40.82774],[9.70858,40.82674],[9.70754,40.82888],[9.70666,40.82774]],[[9.70721,40.87513],[9.70738,40.87563],[9.70721,40.87513]],[[9.70772,39.97653],[9.70773,39.97665],[9.70772,39.97653]],[[9.71008,40.8693],[9.71314,40.86615],[9.7328,40.85915],[9.73653,40.85953],[9.74004,40.86282],[9.74216,40.87069],[9.73635,40.87618],[9.73177,40.87521],[9.7296,40.87707],[9.71581,40.87632],[9.71008,40.86944],[9.71008,40.8693]],[[9.71692,40.73599],[9.71901,40.73703],[9.71702,40.73622],[9.71692,40.73599]],[[9.7217,40.84555],[9.72479,40.84733],[9.72176,40.84613],[9.7217,40.84555]],[[9.72391,40.84597],[9.7245,40.84639],[9.72391,40.84597]],[[9.76479,40.68462],[9.76768,40.68548],[9.76498,40.6849],[9.76479,40.68462]],[[9.77673,40.87566],[9.77789,40.87307],[9.77808,40.87555],[9.77673,40.87566]],[[9.79128,43.02316],[9.80114,43.00701],[9.81008,43.00229],[9.81718,43.00661],[9.81671,43.00968],[9.82291,43.01637],[9.84183,43.02915],[9.84697,43.04578],[9.84403,43.05159],[9.83832,43.0521],[9.8357,43.06567],[9.82565,43.07272],[9.80028,43.05312],[9.8001,43.0357],[9.79671,43.02667],[9.79129,43.02342],[9.79128,43.02316]],[[9.79599,43.03206],[9.79799,43.03178],[9.79601,43.03214],[9.79599,43.03206]],[[9.8163,40.53823],[9.82137,40.54056],[9.81657,40.53854],[9.8163,40.53823]],[[9.83314,44.04699],[9.84478,44.03387],[9.847,44.03342],[9.85208,44.04829],[9.85547,44.05135],[9.83324,44.04713],[9.83314,44.04699]],[[9.84742,44.02895],[9.84896,44.0258],[9.85374,44.02554],[9.85355,44.02754],[9.8475,44.02902],[9.84742,44.02895]],[[9.8504,44.02369],[9.85098,44.02437],[9.8504,44.02369]],[[9.88866,43.42566],[9.88976,43.42301],[9.90045,43.42022],[9.90771,43.4256],[9.90851,43.43503],[9.90149,43.43953],[9.90138,43.43572],[9.89249,43.43627],[9.88905,43.42818],[9.88866,43.42566]],[[10.04554,42.58194],[10.04722,42.57741],[10.05213,42.57387],[10.05867,42.5731],[10.06658,42.57547],[10.06771,42.57181],[10.08176,42.57101],[10.09047,42.56754],[10.09849,42.57448],[10.09905,42.58931],[10.08627,42.60191],[10.08507,42.61124],[10.08806,42.61447],[10.08471,42.61842],[10.07948,42.61934],[10.07847,42.61797],[10.08281,42.60822],[10.08277,42.60342],[10.07398,42.59093],[10.06398,42.58684],[10.05338,42.58882],[10.04604,42.58578],[10.04554,42.58307],[10.04554,42.58194]],[[10.06402,42.35884],[10.06403,42.35904],[10.06402,42.35884]],[[10.07941,42.62178],[10.07941,42.62184],[10.07941,42.62178]],[[10.10305,42.7822],[10.10369,42.76761],[10.10556,42.76261],[10.11353,42.75725],[10.11958,42.7455],[10.13829,42.732],[10.1569,42.72882],[10.16373,42.73205],[10.18341,42.73579],[10.20289,42.73582],[10.21376,42.73059],[10.23679,42.72604],[10.24051,42.72768],[10.24081,42.73298],[10.23457,42.73682],[10.23573,42.74608],[10.239,42.74882],[10.24446,42.75021],[10.25614,42.744],[10.26537,42.74474],[10.27126,42.73761],[10.28703,42.73562],[10.29012,42.73903],[10.28887,42.74605],[10.29084,42.75284],[10.29956,42.75944],[10.30271,42.75974],[10.31246,42.75778],[10.31401,42.74444],[10.31951,42.73602],[10.32185,42.73702],[10.32576,42.74402],[10.31818,42.75997],[10.32207,42.76207],[10.3424,42.7642],[10.35815,42.75833],[10.35677,42.75239],[10.35824,42.74924],[10.3723,42.73223],[10.37705,42.71936],[10.38272,42.71498],[10.39317,42.71238],[10.41116,42.71635],[10.41377,42.71541],[10.41933,42.70802],[10.42204,42.70764],[10.43166,42.7126],[10.43488,42.7182],[10.43301,42.73173],[10.4231,42.74132],[10.40834,42.74577],[10.40616,42.7487],[10.40836,42.75294],[10.4024,42.75699],[10.38571,42.75935],[10.39505,42.76326],[10.4061,42.76492],[10.42036,42.77276],[10.43039,42.77475],[10.43347,42.78416],[10.4297,42.79349],[10.42852,42.81606],[10.43207,42.82645],[10.44388,42.84679],[10.43466,42.85362],[10.42162,42.85945],[10.41233,42.87325],[10.40423,42.86757],[10.39036,42.85128],[10.38549,42.83325],[10.36762,42.81733],[10.36003,42.81773],[10.35835,42.81312],[10.36292,42.81048],[10.36133,42.80926],[10.36147,42.80338],[10.35743,42.79933],[10.34105,42.79652],[10.31737,42.80464],[10.31503,42.80955],[10.3244,42.81392],[10.33099,42.81437],[10.32959,42.81204],[10.33148,42.81202],[10.33484,42.8165],[10.33296,42.81738],[10.31617,42.82006],[10.2954,42.81874],[10.27775,42.82276],[10.26315,42.83009],[10.26032,42.82723],[10.26437,42.82419],[10.26971,42.82438],[10.27532,42.81846],[10.26941,42.80346],[10.26135,42.79785],[10.25723,42.80104],[10.24757,42.79897],[10.24655,42.79471],[10.24921,42.79356],[10.24895,42.79115],[10.24186,42.78739],[10.23113,42.78866],[10.21983,42.79296],[10.20604,42.8071],[10.20075,42.8063],[10.18603,42.81224],[10.17903,42.80779],[10.17047,42.80609],[10.16667,42.80829],[10.14135,42.80715],[10.13992,42.80931],[10.10939,42.79459],[10.1049,42.78943],[10.10307,42.78338],[10.10305,42.7822]],[[10.10536,42.58399],[10.10705,42.58315],[10.10537,42.58421],[10.10536,42.58399]],[[10.21877,43.54816],[10.21895,43.5484],[10.21877,43.54816]],[[10.2886,42.32646],[10.29306,42.31758],[10.30461,42.31408],[10.31441,42.31499],[10.32615,42.3192],[10.33179,42.32473],[10.3284,42.34195],[10.31347,42.351],[10.29956,42.35082],[10.29356,42.34721],[10.28871,42.3277],[10.2886,42.32646]],[[10.31898,42.73416],[10.31913,42.73471],[10.31898,42.73416]],[[10.32991,42.8281],[10.33114,42.82896],[10.32993,42.82816],[10.32991,42.8281]],[[10.36064,42.71363],[10.3607,42.71376],[10.36064,42.71363]],[[10.3609,42.71318],[10.36095,42.71329],[10.3609,42.71318]],[[10.37198,42.71753],[10.37353,42.71671],[10.37203,42.71757],[10.37198,42.71753]],[[10.37302,42.71889],[10.37531,42.71784],[10.37317,42.71896],[10.37302,42.71889]],[[10.37313,42.71616],[10.3732,42.71642],[10.37313,42.71616]],[[10.40603,42.71325],[10.40606,42.71336],[10.40603,42.71325]],[[10.41272,42.7099],[10.41277,42.70997],[10.41272,42.7099]],[[10.4225,42.87094],[10.4242,42.87084],[10.4226,42.87107],[10.4225,42.87094]],[[10.47243,42.86582],[10.47448,42.86405],[10.47661,42.86667],[10.4725,42.86621],[10.47243,42.86582]],[[10.47478,42.86819],[10.47496,42.86849],[10.47478,42.86819]],[[10.54582,42.85785],[10.54821,42.85634],[10.54983,42.86027],[10.54798,42.86042],[10.54582,42.85785]],[[10.71145,42.79787],[10.71232,42.79634],[10.71386,42.79725],[10.71145,42.79795],[10.71145,42.79787]],[[10.86498,42.36395],[10.86657,42.35436],[10.88242,42.35186],[10.88618,42.3436],[10.8942,42.33756],[10.89967,42.3304],[10.90552,42.32604],[10.91422,42.32305],[10.91848,42.31745],[10.92043,42.31698],[10.92926,42.32553],[10.93136,42.33825],[10.92252,42.34386],[10.92039,42.35176],[10.92194,42.35462],[10.92468,42.35531],[10.91651,42.36806],[10.9078,42.37599],[10.90698,42.38059],[10.90417,42.38312],[10.88896,42.38959],[10.88017,42.38883],[10.88391,42.37542],[10.88159,42.36762],[10.87491,42.3653],[10.8673,42.36933],[10.86498,42.36395]],[[10.88024,42.57728],[10.8843,42.5755],[10.88024,42.57743],[10.88024,42.57728]],[[10.8822,42.34977],[10.88225,42.34984],[10.8822,42.34977]],[[10.89444,42.56403],[10.8953,42.56277],[10.89444,42.56442],[10.89444,42.56403]],[[10.90036,42.55636],[10.90041,42.5564],[10.90036,42.55636]],[[10.92838,42.35609],[10.92853,42.35634],[10.92838,42.35609]],[[11.08023,42.41818],[11.08273,42.4189],[11.08039,42.41842],[11.08023,42.41818]],[[11.09196,42.25295],[11.09834,42.2417],[11.10971,42.23814],[11.11214,42.24055],[11.11196,42.2431],[11.10252,42.24612],[11.10318,42.25054],[11.10857,42.25547],[11.11434,42.25438],[11.11617,42.25207],[11.11749,42.25383],[11.11476,42.25973],[11.10968,42.26361],[11.10423,42.25889],[11.09569,42.25774],[11.09267,42.254],[11.09196,42.25295]],[[11.12954,42.37768],[11.1306,42.37664],[11.13121,42.37831],[11.12957,42.37771],[11.12954,42.37768]],[[11.20911,42.38188],[11.21394,42.37943],[11.2116,42.3825],[11.20919,42.3825],[11.20911,42.38188]],[[11.92587,36.81606],[11.92669,36.80211],[11.9372,36.79325],[11.94413,36.79041],[11.95185,36.78199],[11.95604,36.77366],[11.96998,36.76581],[11.98281,36.74478],[11.99298,36.73783],[12.01044,36.73444],[12.02784,36.73606],[12.04237,36.7455],[12.04811,36.75143],[12.05482,36.76323],[12.05544,36.77544],[12.0531,36.79071],[12.0484,36.79993],[12.03802,36.80367],[12.0264,36.81167],[12.02325,36.817],[12.01318,36.82514],[12.00434,36.82465],[12.00347,36.8222],[11.99965,36.8207],[11.99096,36.82238],[11.98023,36.82644],[11.97598,36.83446],[11.95358,36.8394],[11.94354,36.8355],[11.94227,36.8309],[11.93535,36.83295],[11.94028,36.83801],[11.93655,36.83544],[11.92632,36.8192],[11.92587,36.81606]],[[12.02826,37.98951],[12.02995,37.98742],[12.03376,37.98883],[12.04467,37.95847],[12.05604,37.9523],[12.07584,37.94945],[12.08437,37.94554],[12.09145,37.94763],[12.09175,37.9489],[12.08167,37.95488],[12.07441,37.96701],[12.06502,37.9775],[12.06243,37.98988],[12.06425,37.99029],[12.06483,37.99311],[12.06002,37.99052],[12.03904,37.99316],[12.0298,37.99308],[12.02838,37.9908],[12.02826,37.98951]],[[12.27433,37.936],[12.28161,37.91908],[12.28783,37.91541],[12.31626,37.92105],[12.33727,37.9198],[12.3476,37.91113],[12.35299,37.90364],[12.36581,37.90617],[12.37058,37.91847],[12.36767,37.92332],[12.3617,37.92224],[12.35233,37.92791],[12.34915,37.93448],[12.34559,37.93711],[12.32306,37.93135],[12.31711,37.93641],[12.31347,37.94783],[12.30967,37.95053],[12.30812,37.95567],[12.29912,37.9475],[12.28868,37.94193],[12.2782,37.94211],[12.27501,37.93861],[12.27433,37.936]],[[12.28898,37.91371],[12.29068,37.91478],[12.28901,37.91403],[12.28898,37.91371]],[[12.29797,37.91199],[12.29924,37.91173],[12.29805,37.91255],[12.29797,37.91199]],[[12.30053,37.91433],[12.30386,37.91467],[12.302,37.91622],[12.30057,37.91501],[12.30053,37.91433]],[[12.31995,35.55123],[12.32273,35.55186],[12.32066,35.55328],[12.32007,35.55193],[12.31995,35.55123]],[[12.32002,38.00099],[12.32678,37.98946],[12.33346,37.98579],[12.3441,37.98636],[12.35322,37.99287],[12.34597,37.99901],[12.33568,38.02053],[12.3322,38.01864],[12.32882,38.00892],[12.32479,38.00877],[12.32238,38.00631],[12.32002,38.00099]],[[12.32745,37.98706],[12.32961,37.98631],[12.32748,37.98714],[12.32745,37.98706]],[[12.41127,37.99234],[12.41701,37.98773],[12.41135,37.9924],[12.41127,37.99234]],[[12.42349,37.98871],[12.42597,37.98774],[12.42685,37.9893],[12.4238,37.98972],[12.42349,37.98871]],[[12.42655,37.80077],[12.43097,37.79477],[12.44328,37.78819],[12.45475,37.77239],[12.4599,37.75925],[12.47007,37.74704],[12.47247,37.73777],[12.47031,37.7208],[12.47518,37.70983],[12.47111,37.70455],[12.47585,37.69911],[12.49105,37.68954],[12.49643,37.68211],[12.51723,37.66575],[12.51771,37.6608],[12.5357,37.65782],[12.54265,37.6617],[12.55953,37.6628],[12.56766,37.6603],[12.57584,37.65348],[12.57853,37.64843],[12.58634,37.65263],[12.60642,37.6413],[12.61427,37.63533],[12.61509,37.62895],[12.62249,37.61166],[12.64592,37.58307],[12.649,37.57699],[12.6557,37.57551],[12.66366,37.56645],[12.67284,37.55995],[12.68375,37.55998],[12.76481,37.57885],[12.78099,37.58084],[12.85824,37.58264],[12.89652,37.57711],[12.90667,37.57235],[12.91044,37.57259],[12.90525,37.5738],[12.90694,37.575],[12.91772,37.5771],[12.94547,37.5716],[12.96416,37.56161],[12.97055,37.55427],[12.9929,37.53647],[13.01339,37.51048],[13.0152,37.5055],[13.01242,37.5],[13.02002,37.49558],[13.03854,37.49574],[13.05131,37.50341],[13.07718,37.50555],[13.11902,37.49722],[13.12944,37.49312],[13.14733,37.49742],[13.16848,37.49216],[13.18572,37.47973],[13.19619,37.46504],[13.20915,37.46414],[13.21722,37.45923],[13.23693,37.43363],[13.24535,37.43139],[13.25385,37.42455],[13.26293,37.41132],[13.27204,37.38989],[13.27597,37.38915],[13.28232,37.39243],[13.29255,37.39044],[13.3096,37.37846],[13.32173,37.36373],[13.34069,37.35886],[13.34481,37.36018],[13.3506,37.35854],[13.37497,37.34683],[13.38805,37.33611],[13.40296,37.33244],[13.42481,37.31197],[13.42634,37.30681],[13.44848,37.29596],[13.45308,37.29451],[13.46491,37.29522],[13.48236,37.28819],[13.50659,37.29171],[13.52112,37.28638],[13.55128,37.28697],[13.55552,37.28544],[13.566,37.27858],[13.57732,37.26714],[13.59598,37.25704],[13.62327,37.23504],[13.63008,37.23454],[13.642,37.22704],[13.65594,37.21162],[13.66344,37.19338],[13.66929,37.19307],[13.68304,37.18764],[13.7068,37.17416],[13.72651,37.17005],[13.73623,37.16219],[13.73599,37.1598],[13.75031,37.14976],[13.77578,37.14524],[13.78824,37.14682],[13.79514,37.14516],[13.82408,37.14449],[13.84392,37.13363],[13.85666,37.12019],[13.85847,37.11261],[13.89515,37.09742],[13.90706,37.09615],[13.92073,37.09886],[13.92946,37.09721],[13.94577,37.09759],[13.95473,37.10278],[13.9788,37.10909],[14.00426,37.1095],[14.03631,37.10609],[14.05681,37.1101],[14.07827,37.11003],[14.13332,37.09848],[14.14581,37.09773],[14.16739,37.09205],[14.2309,37.06763],[14.24183,37.06563],[14.26143,37.05607],[14.29678,37.03676],[14.3067,37.02919],[14.35908,36.98203],[14.38292,36.95625],[14.4201,36.90663],[14.42824,36.89122],[14.43587,36.8849],[14.43892,36.8758],[14.44416,36.87002],[14.45342,36.8415],[14.45519,36.84162],[14.45669,36.8387],[14.45979,36.82476],[14.45761,36.81945],[14.46004,36.81468],[14.46368,36.81676],[14.46571,36.81596],[14.49351,36.78655],[14.51416,36.78785],[14.53134,36.78048],[14.55514,36.78253],[14.58829,36.77699],[14.60108,36.76976],[14.62819,36.76511],[14.63912,36.76106],[14.64915,36.75127],[14.67073,36.74252],[14.68597,36.72647],[14.68529,36.72377],[14.68984,36.72124],[14.70457,36.71697],[14.71627,36.72053],[14.74659,36.72007],[14.75571,36.71545],[14.75725,36.71045],[14.77764,36.71084],[14.78262,36.7066],[14.78105,36.70368],[14.79816,36.70718],[14.81116,36.71557],[14.81667,36.7169],[14.82048,36.71682],[14.83129,36.70853],[14.83984,36.70786],[14.84111,36.70948],[14.83172,36.70913],[14.82699,36.71495],[14.83657,36.72246],[14.85037,36.72771],[14.87686,36.7311],[14.89476,36.72949],[14.91027,36.72431],[14.92892,36.7137],[14.95662,36.69409],[14.97266,36.69258],[14.99614,36.70207],[15.00663,36.70341],[15.01796,36.70202],[15.02705,36.69854],[15.04388,36.68772],[15.05105,36.67917],[15.05523,36.66503],[15.05847,36.66231],[15.07038,36.65879],[15.07952,36.64841],[15.10409,36.66168],[15.10957,36.67017],[15.11608,36.67477],[15.12113,36.6747],[15.12731,36.67186],[15.12621,36.66919],[15.13196,36.66681],[15.13694,36.67413],[15.14018,36.68494],[15.1236,36.7016],[15.12098,36.71268],[15.12246,36.71704],[15.1215,36.73148],[15.11845,36.73235],[15.11653,36.73943],[15.11986,36.74367],[15.11107,36.74697],[15.10307,36.75786],[15.09495,36.77655],[15.09505,36.78482],[15.09869,36.79084],[15.09417,36.79933],[15.09588,36.80278],[15.10129,36.80204],[15.10518,36.80536],[15.10973,36.81641],[15.10606,36.83314],[15.11105,36.84867],[15.11838,36.85884],[15.12461,36.86413],[15.13087,36.86736],[15.13679,36.86626],[15.13892,36.87361],[15.13663,36.8769],[15.13711,36.88014],[15.15308,36.91412],[15.15795,36.91917],[15.1722,36.92532],[15.17848,36.93757],[15.18714,36.94629],[15.20328,36.95501],[15.20853,36.96353],[15.2133,36.96481],[15.21572,36.96262],[15.21989,36.96236],[15.22951,36.97011],[15.23567,36.97242],[15.26167,36.97431],[15.26487,36.99762],[15.26778,37.00252],[15.27534,37.00716],[15.28356,37.00602],[15.30172,37.01531],[15.31499,37.00371],[15.33502,37.00169],[15.33643,37.00196],[15.33674,37.00757],[15.32016,37.02661],[15.31495,37.0371],[15.31242,37.03864],[15.30082,37.04259],[15.29168,37.03339],[15.28824,37.03259],[15.28156,37.03354],[15.27564,37.03938],[15.27054,37.05419],[15.27452,37.06234],[15.27957,37.0656],[15.28936,37.06329],[15.2963,37.05257],[15.29864,37.05942],[15.29618,37.06553],[15.29127,37.06709],[15.296,37.07758],[15.3014,37.0802],[15.30101,37.09243],[15.29575,37.10674],[15.28151,37.1102],[15.26269,37.1061],[15.25975,37.10751],[15.2593,37.10979],[15.26884,37.11587],[15.2589,37.10975],[15.23695,37.11544],[15.23485,37.11934],[15.22074,37.1294],[15.22012,37.14337],[15.22418,37.15048],[15.22924,37.15261],[15.23721,37.14698],[15.24475,37.14587],[15.23361,37.15913],[15.22592,37.15844],[15.22687,37.15292],[15.22105,37.15017],[15.2127,37.15005],[15.20626,37.15317],[15.19938,37.16365],[15.20028,37.17227],[15.20232,37.17526],[15.20132,37.17824],[15.18648,37.1915],[15.18284,37.20921],[15.18321,37.21578],[15.18871,37.2171],[15.19505,37.22582],[15.19455,37.22838],[15.18595,37.23643],[15.19359,37.23613],[15.20442,37.24137],[15.20629,37.24506],[15.21343,37.24768],[15.21637,37.24528],[15.21752,37.23839],[15.21636,37.22401],[15.22026,37.21822],[15.22429,37.21646],[15.23353,37.19856],[15.22536,37.21621],[15.22276,37.23361],[15.2238,37.23889],[15.23037,37.24307],[15.23675,37.24029],[15.23949,37.23586],[15.24572,37.23219],[15.25393,37.2337],[15.25458,37.23531],[15.25298,37.24426],[15.2463,37.24604],[15.24374,37.24946],[15.24336,37.25616],[15.24104,37.26056],[15.22354,37.27091],[15.20653,37.29306],[15.19946,37.29344],[15.19478,37.28255],[15.18665,37.27941],[15.18555,37.28696],[15.17827,37.29108],[15.17133,37.29331],[15.16223,37.289],[15.13928,37.30681],[15.11103,37.31168],[15.10527,37.31018],[15.09941,37.318],[15.09473,37.33282],[15.09097,37.35864],[15.09014,37.4021],[15.0914,37.40624],[15.08528,37.47361],[15.08641,37.48279],[15.09261,37.49236],[15.09027,37.49966],[15.0973,37.50154],[15.09873,37.50034],[15.09962,37.48375],[15.09926,37.50045],[15.10834,37.51876],[15.11723,37.52347],[15.11504,37.53066],[15.12684,37.53458],[15.14299,37.54356],[15.14881,37.55493],[15.15903,37.55989],[15.16634,37.57195],[15.17714,37.57626],[15.17727,37.58408],[15.17386,37.59423],[15.17245,37.60849],[15.1729,37.6173],[15.17546,37.62209],[15.17435,37.6325],[15.17729,37.63701],[15.18468,37.64029],[15.19916,37.65418],[15.1998,37.65711],[15.19616,37.66274],[15.19947,37.67183],[15.19918,37.67668],[15.21835,37.70837],[15.21735,37.71662],[15.2066,37.7313],[15.20491,37.73634],[15.20608,37.74264],[15.21382,37.7565],[15.24427,37.79531],[15.27093,37.81832],[15.27171,37.825],[15.26902,37.83022],[15.27309,37.83581],[15.28616,37.84764],[15.30339,37.85275],[15.30032,37.85791],[15.29692,37.8595],[15.2966,37.86238],[15.30596,37.87787],[15.33324,37.90311],[15.34596,37.91017],[15.34851,37.91311],[15.34527,37.91599],[15.34935,37.9234],[15.40458,37.98334],[15.43681,38.01496],[15.44521,38.02832],[15.47721,38.05459],[15.48137,38.06327],[15.4936,38.07461],[15.53232,38.14565],[15.5626,38.18315],[15.57242,38.18968],[15.57461,38.19322],[15.57209,38.19751],[15.56423,38.19742],[15.56246,38.19639],[15.56957,38.19584],[15.56693,38.19063],[15.56349,38.18799],[15.55759,38.19038],[15.56144,38.2094],[15.57197,38.23349],[15.58324,38.24641],[15.58686,38.24815],[15.61082,38.25658],[15.65196,38.26466],[15.6533,38.26772],[15.65036,38.27029],[15.64125,38.27253],[15.61832,38.27313],[15.58968,38.27993],[15.57609,38.28438],[15.55677,38.29734],[15.54141,38.30144],[15.51945,38.29726],[15.44948,38.25131],[15.42613,38.24133],[15.42026,38.24063],[15.39992,38.23147],[15.35356,38.21777],[15.32765,38.21475],[15.29283,38.20638],[15.2592,38.20833],[15.24947,38.21146],[15.24129,38.21689],[15.24351,38.22636],[15.24884,38.23103],[15.25369,38.24557],[15.24995,38.25487],[15.24224,38.26547],[15.23244,38.27171],[15.2244,38.27027],[15.22443,38.2685],[15.22898,38.26908],[15.23588,38.26601],[15.23745,38.26012],[15.23534,38.25257],[15.23677,38.24607],[15.24086,38.24509],[15.24097,38.24249],[15.22534,38.20475],[15.20948,38.18349],[15.17377,38.15337],[15.09659,38.12104],[15.08884,38.11998],[15.07744,38.12152],[15.06962,38.12694],[15.05617,38.13151],[15.05337,38.14322],[15.04504,38.15227],[15.01193,38.14905],[14.97307,38.15177],[14.96104,38.15961],[14.93968,38.17989],[14.92918,38.18371],[14.91594,38.19238],[14.89062,38.17247],[14.87567,38.16821],[14.85703,38.16909],[14.84404,38.16399],[14.80544,38.15527],[14.8008,38.15596],[14.78924,38.15186],[14.76114,38.15645],[14.74859,38.16584],[14.67787,38.09902],[14.66365,38.08966],[14.65493,38.08679],[14.64139,38.076],[14.63059,38.07086],[14.6133,38.07118],[14.58523,38.059],[14.55642,38.06012],[14.53318,38.04498],[14.52585,38.04225],[14.47168,38.03281],[14.44775,38.03411],[14.43966,38.04047],[14.42637,38.04051],[14.39906,38.02456],[14.37283,38.01584],[14.35701,38.01507],[14.35213,38.01829],[14.34159,38.0192],[14.3121,38.0083],[14.28846,38.00701],[14.27023,38.01268],[14.25347,38.00866],[14.22794,38.01023],[14.18028,38.02046],[14.16953,38.01821],[14.15412,38.02422],[14.14646,38.03002],[14.14595,38.02599],[14.14299,38.02374],[14.12605,38.0168],[14.10642,38.01462],[14.08492,38.01953],[14.06512,38.0185],[14.04298,38.02952],[14.03203,38.03708],[14.0317,38.04005],[14.03732,38.04153],[14.01912,38.03764],[14.00608,38.03244],[13.98041,38.02902],[13.97159,38.03379],[13.96352,38.02981],[13.94493,38.02719],[13.89597,38.00413],[13.83411,37.98262],[13.82297,37.98278],[13.79742,37.97508],[13.74365,37.97019],[13.73969,37.97346],[13.70955,37.97783],[13.70669,37.98031],[13.70364,37.98993],[13.70892,37.99064],[13.72349,37.98555],[13.72152,37.98704],[13.70647,37.9918],[13.69431,37.99096],[13.66415,37.9943],[13.65218,37.99776],[13.64131,38.00416],[13.6401,38.0066],[13.62281,38.01024],[13.59754,38.02671],[13.59211,38.02719],[13.56642,38.03876],[13.55113,38.05186],[13.54133,38.05752],[13.53649,38.06709],[13.53659,38.07021],[13.53973,38.07252],[13.54079,38.09204],[13.53564,38.10717],[13.53943,38.1093],[13.53788,38.11255],[13.5315,38.11027],[13.50859,38.1196],[13.50508,38.10833],[13.47303,38.09793],[13.44377,38.09492],[13.40533,38.09993],[13.38362,38.10904],[13.36497,38.12559],[13.36267,38.12984],[13.36269,38.13402],[13.36691,38.1354],[13.36891,38.1355],[13.37031,38.13056],[13.37254,38.13299],[13.3697,38.13599],[13.37494,38.15395],[13.36572,38.18228],[13.35942,38.19012],[13.3466,38.19108],[13.32888,38.19985],[13.3256,38.20559],[13.32766,38.21166],[13.31647,38.22468],[13.29626,38.21747],[13.27401,38.19822],[13.26681,38.20182],[13.26432,38.1997],[13.25858,38.2012],[13.24796,38.19895],[13.24144,38.20413],[13.24396,38.19322],[13.23797,38.18661],[13.2204,38.17732],[13.19139,38.16933],[13.17427,38.16907],[13.16306,38.17108],[13.16082,38.18127],[13.16205,38.18376],[13.16004,38.18581],[13.15049,38.18632],[13.14431,38.18289],[13.1387,38.18332],[13.12203,38.19147],[13.10563,38.19094],[13.09353,38.18419],[13.08073,38.17392],[13.08511,38.16336],[13.08337,38.15769],[13.07962,38.15926],[13.08095,38.15496],[13.07392,38.15154],[13.06714,38.14276],[13.05243,38.13873],[13.05664,38.13183],[13.06826,38.12056],[13.07247,38.11084],[13.07131,38.10616],[13.07289,38.10072],[13.07763,38.09388],[13.0778,38.08772],[13.05292,38.07262],[13.03987,38.07138],[13.02838,38.06264],[12.97611,38.03966],[12.93758,38.0293],[12.90178,38.0245],[12.89298,38.02428],[12.87868,38.02907],[12.87112,38.03716],[12.87151,38.04276],[12.86864,38.05129],[12.86278,38.05252],[12.85899,38.04846],[12.85482,38.04963],[12.82713,38.06629],[12.81825,38.07732],[12.81096,38.0813],[12.80443,38.09425],[12.79645,38.10137],[12.79019,38.11204],[12.78874,38.11956],[12.79093,38.13514],[12.77946,38.15093],[12.77113,38.15037],[12.76852,38.15396],[12.76744,38.16442],[12.77169,38.16933],[12.76815,38.17956],[12.73857,38.17588],[12.73433,38.17804],[12.73415,38.18052],[12.73167,38.18024],[12.73463,38.18843],[12.73113,38.18957],[12.71822,38.18173],[12.71569,38.17708],[12.71593,38.17287],[12.73757,38.1396],[12.72643,38.12939],[12.72571,38.12461],[12.70999,38.10879],[12.69908,38.10508],[12.68903,38.10557],[12.6817,38.10934],[12.68057,38.11172],[12.67238,38.11462],[12.66036,38.11179],[12.65679,38.10731],[12.65731,38.10209],[12.66287,38.0945],[12.65246,38.08709],[12.64493,38.0786],[12.63056,38.07194],[12.60421,38.06476],[12.59449,38.06732],[12.58913,38.06636],[12.57751,38.07066],[12.56938,38.06885],[12.55994,38.06442],[12.55473,38.05171],[12.5334,38.03455],[12.52752,38.03252],[12.52771,38.02909],[12.52194,38.02392],[12.50947,38.0172],[12.49158,38.01696],[12.49643,38.01398],[12.52206,38.01317],[12.51988,38.00929],[12.51135,38.00964],[12.50875,38.00526],[12.50661,37.99407],[12.49434,37.98494],[12.49392,37.97899],[12.49853,37.96608],[12.48869,37.94506],[12.47942,37.93185],[12.47292,37.92588],[12.46765,37.91592],[12.45884,37.90909],[12.46243,37.90189],[12.46454,37.90218],[12.47107,37.88757],[12.4824,37.88164],[12.48587,37.87368],[12.48393,37.87351],[12.47513,37.85807],[12.47746,37.85625],[12.46693,37.84039],[12.4688,37.83554],[12.46804,37.82785],[12.46169,37.8173],[12.45689,37.81378],[12.44287,37.81099],[12.44015,37.81237],[12.44487,37.81634],[12.44268,37.82167],[12.4388,37.81251],[12.42978,37.80597],[12.42655,37.80077]],[[12.42927,37.89276],[12.43723,37.88045],[12.44446,37.84807],[12.44721,37.84407],[12.45082,37.84819],[12.45181,37.85291],[12.44846,37.8668],[12.45211,37.87342],[12.44548,37.89196],[12.44705,37.8952],[12.45502,37.89842],[12.45537,37.90489],[12.44457,37.89785],[12.42939,37.89513],[12.42927,37.89276]],[[12.45532,37.88738],[12.45874,37.88171],[12.46518,37.87865],[12.45556,37.88736],[12.45532,37.88738]],[[12.45624,37.86266],[12.45626,37.86291],[12.45624,37.86266]],[[12.46418,37.86848],[12.46513,37.86406],[12.4676,37.86356],[12.47232,37.86819],[12.46984,37.87067],[12.46425,37.86868],[12.46418,37.86848]],[[12.46891,37.73084],[12.46898,37.73089],[12.46891,37.73084]],[[12.48797,38.01273],[12.48819,38.01287],[12.48797,38.01273]],[[12.49614,38.0121],[12.49742,38.00504],[12.49628,38.01207],[12.49614,38.0121]],[[12.51725,35.52115],[12.51827,35.51874],[12.53075,35.51509],[12.56782,35.51126],[12.57052,35.50662],[12.59926,35.49554],[12.59931,35.49859],[12.6041,35.50255],[12.60872,35.49542],[12.6314,35.49371],[12.63428,35.50111],[12.62744,35.50593],[12.62487,35.51076],[12.62641,35.51562],[12.63179,35.51526],[12.63295,35.5175],[12.62279,35.52206],[12.60466,35.52596],[12.59825,35.52143],[12.59332,35.52077],[12.57718,35.52471],[12.53525,35.52866],[12.52557,35.5267],[12.51788,35.52164],[12.51725,35.52115]],[[12.52784,35.52902],[12.52794,35.52907],[12.52784,35.52902]],[[12.52876,38.06415],[12.52877,38.06426],[12.52876,38.06415]],[[12.55703,35.51017],[12.5601,35.50894],[12.55871,35.51121],[12.55714,35.51049],[12.55703,35.51017]],[[12.84635,40.92163],[12.84656,40.92198],[12.84635,40.92163]],[[12.84671,40.92323],[12.84947,40.9232],[12.84726,40.92492],[12.84671,40.92323]],[[12.8477,40.92167],[12.8487,40.91988],[12.84982,40.9215],[12.84851,40.92226],[12.8477,40.92167]],[[12.84848,35.8686],[12.85903,35.85515],[12.88074,35.8546],[12.88315,35.85729],[12.8796,35.87247],[12.87727,35.87482],[12.86071,35.87579],[12.84941,35.87119],[12.84851,35.86879],[12.84848,35.8686]],[[12.84967,40.94359],[12.85048,40.94252],[12.8498,40.94372],[12.84967,40.94359]],[[12.84983,40.92913],[12.85163,40.92531],[12.86028,40.92974],[12.85933,40.94881],[12.85407,40.94938],[12.85654,40.94115],[12.85463,40.93268],[12.85258,40.92967],[12.84986,40.92928],[12.84983,40.92913]],[[12.85049,40.92109],[12.85052,40.92127],[12.85049,40.92109]],[[12.85186,40.94246],[12.85344,40.94319],[12.85191,40.94264],[12.85186,40.94246]],[[12.94176,40.89741],[12.95349,40.89209],[12.94847,40.88718],[12.95344,40.88006],[12.96042,40.88218],[12.96673,40.89211],[12.96566,40.89453],[12.9614,40.89418],[12.95927,40.89636],[12.96739,40.92128],[12.98768,40.92956],[12.99333,40.93456],[12.9821,40.93584],[12.96602,40.92821],[12.96952,40.92584],[12.96256,40.92041],[12.94909,40.91746],[12.94176,40.89741]],[[12.96452,40.88445],[12.96608,40.88445],[12.96467,40.88522],[12.96452,40.88445]],[[12.96565,40.88327],[12.96575,40.88362],[12.96565,40.88327]],[[12.99686,40.93377],[13.00153,40.9333],[13.00354,40.93751],[12.99766,40.93571],[12.99686,40.93381],[12.99686,40.93377]],[[13.04546,40.96838],[13.05018,40.9644],[13.06064,40.96471],[13.06316,40.96718],[13.06279,40.96979],[13.05766,40.97349],[13.05354,40.97363],[13.04597,40.96986],[13.04546,40.96838]],[[13.10346,40.83933],[13.10354,40.83938],[13.10346,40.83933]],[[13.15307,38.69372],[13.15886,38.69176],[13.17347,38.69114],[13.18627,38.69637],[13.2007,38.71079],[13.1972,38.71404],[13.18648,38.71677],[13.18053,38.72082],[13.17702,38.72006],[13.15966,38.71212],[13.15309,38.69379],[13.15307,38.69372]],[[13.23377,38.21029],[13.23748,38.20764],[13.23673,38.21255],[13.23382,38.21076],[13.23377,38.21029]],[[13.40756,40.78574],[13.41415,40.78487],[13.42748,40.78984],[13.43422,40.79546],[13.43413,40.80176],[13.43156,40.80387],[13.40759,40.78588],[13.40756,40.78574]],[[13.45007,40.79059],[13.45175,40.78719],[13.45607,40.78707],[13.45902,40.7898],[13.45393,40.79247],[13.45012,40.79073],[13.45007,40.79059]],[[13.75802,45.66301],[13.76243,45.65513],[13.75819,45.66314],[13.75802,45.66301]],[[13.85104,40.71104],[13.87366,40.69691],[13.88152,40.69996],[13.8911,40.6991],[13.90413,40.70153],[13.91617,40.69989],[13.92219,40.69716],[13.92928,40.70041],[13.93349,40.70465],[13.93972,40.70665],[13.94866,40.7051],[13.95406,40.70066],[13.95604,40.70466],[13.95399,40.70834],[13.95839,40.71102],[13.96314,40.71057],[13.96529,40.7127],[13.96519,40.71708],[13.95352,40.74224],[13.94257,40.7453],[13.94046,40.74292],[13.93788,40.74483],[13.9412,40.74648],[13.93133,40.74613],[13.92445,40.74971],[13.90577,40.74954],[13.90992,40.75239],[13.89752,40.7512],[13.89008,40.75256],[13.88594,40.7542],[13.88355,40.75932],[13.87705,40.75699],[13.87114,40.76162],[13.86189,40.75742],[13.8648,40.7535],[13.86855,40.75235],[13.86358,40.74091],[13.85784,40.73807],[13.85774,40.72922],[13.86075,40.7237],[13.86131,40.71768],[13.86045,40.7154],[13.85197,40.71229],[13.85104,40.71104]],[[13.85559,37.11282],[13.85753,37.11223],[13.85575,37.11283],[13.85559,37.11282]],[[13.99017,40.74305],[13.99771,40.74012],[13.99502,40.74473],[13.99579,40.74722],[13.99974,40.74782],[14.0042,40.74506],[14.00561,40.74747],[14.00405,40.74834],[14.0065,40.74898],[14.01025,40.74208],[14.01741,40.73928],[14.01283,40.7486],[14.0269,40.76098],[14.01707,40.7705],[14.00999,40.76862],[14.00969,40.75963],[14.00201,40.74748],[13.99466,40.74917],[13.99137,40.74599],[13.99017,40.74305]],[[14.18636,40.79144],[14.18758,40.79206],[14.18637,40.79155],[14.18636,40.79144]],[[14.19756,40.53662],[14.23107,40.5417],[14.23449,40.54487],[14.2444,40.54667],[14.25248,40.54211],[14.25947,40.54686],[14.26635,40.5566],[14.26024,40.56146],[14.2526,40.55659],[14.24156,40.55573],[14.22272,40.56089],[14.20054,40.56116],[14.19817,40.55937],[14.1977,40.54827],[14.19756,40.53662]],[[14.25216,40.53994],[14.25399,40.54024],[14.25219,40.54069],[14.25216,40.53994]],[[14.25605,40.543],[14.25644,40.54382],[14.25605,40.543]],[[14.27965,40.83735],[14.29967,40.82622],[14.2825,40.83618],[14.27965,40.83735]],[[14.33907,38.54303],[14.34275,38.53309],[14.35602,38.53067],[14.35952,38.53182],[14.36237,38.53568],[14.36649,38.54962],[14.36113,38.55453],[14.34805,38.55376],[14.34029,38.54825],[14.33909,38.54323],[14.33907,38.54303]],[[14.37521,40.58753],[14.37747,40.58729],[14.37818,40.58903],[14.37529,40.58787],[14.37521,40.58753]],[[14.42846,40.58192],[14.43125,40.58207],[14.42852,40.58208],[14.42846,40.58192]],[[14.42892,40.58057],[14.43101,40.57938],[14.42901,40.58068],[14.42892,40.58057]],[[14.43206,40.58289],[14.43725,40.58093],[14.43499,40.5841],[14.43223,40.58309],[14.43206,40.58289]],[[14.46258,40.72944],[14.46424,40.72952],[14.46297,40.72998],[14.46258,40.72944]],[[14.53986,38.57893],[14.54159,38.57211],[14.55577,38.55776],[14.57608,38.55767],[14.5826,38.55598],[14.58569,38.55323],[14.59333,38.55593],[14.59163,38.55977],[14.58709,38.55864],[14.58106,38.56159],[14.57959,38.56729],[14.58138,38.57262],[14.57569,38.58127],[14.5532,38.58584],[14.54404,38.58546],[14.54155,38.58218],[14.53986,38.57893]],[[14.79579,38.56245],[14.80557,38.55386],[14.8341,38.54503],[14.84867,38.53655],[14.85646,38.53419],[14.8707,38.53683],[14.8684,38.55207],[14.87501,38.56338],[14.8717,38.56986],[14.87127,38.57748],[14.86698,38.58308],[14.84568,38.57944],[14.83272,38.58287],[14.80789,38.58289],[14.79862,38.57038],[14.79873,38.56612],[14.79583,38.56269],[14.79579,38.56245]],[[14.89819,38.49],[14.89946,38.47911],[14.91092,38.46652],[14.91808,38.46297],[14.93356,38.46061],[14.94229,38.44852],[14.94279,38.44263],[14.95321,38.43922],[14.95829,38.44184],[14.96265,38.45229],[14.95687,38.45965],[14.9553,38.47442],[14.95706,38.477],[14.96167,38.47836],[14.96288,38.47677],[14.97829,38.47873],[14.98068,38.48315],[14.97691,38.48603],[14.96813,38.48593],[14.96261,38.49092],[14.96148,38.49861],[14.96469,38.50644],[14.95983,38.5238],[14.94493,38.51964],[14.93203,38.52023],[14.92619,38.523],[14.91249,38.51806],[14.90496,38.51188],[14.90224,38.49484],[14.89827,38.49016],[14.89819,38.49]],[[14.89948,40.25033],[14.90104,40.25196],[14.89984,40.2514],[14.89948,40.25033]],[[14.93149,36.68603],[14.93157,36.6863],[14.93149,36.68603]],[[14.93802,38.39978],[14.93804,38.39984],[14.93802,38.39978]],[[14.9389,38.4073],[14.94023,38.40122],[14.9488,38.38767],[14.95678,38.38203],[14.96113,38.38148],[14.97608,38.36917],[14.9921,38.36665],[15.0028,38.37086],[15.0055,38.3758],[14.99492,38.39827],[14.98518,38.40626],[14.96373,38.41211],[14.96249,38.41984],[14.96783,38.42259],[14.96899,38.42544],[14.96275,38.43113],[14.95955,38.43228],[14.95542,38.43045],[14.95322,38.42282],[14.94593,38.4142],[14.93954,38.41133],[14.93891,38.40944],[14.9389,38.4073]],[[15.05457,38.62919],[15.05707,38.62482],[15.07322,38.62893],[15.07773,38.63675],[15.07703,38.64359],[15.06885,38.64729],[15.06226,38.64354],[15.05703,38.63699],[15.05457,38.62919]],[[15.06213,38.62429],[15.06382,38.62461],[15.06227,38.62439],[15.06213,38.62429]],[[15.06358,38.64707],[15.06468,38.64651],[15.06362,38.6471],[15.06358,38.64707]],[[15.09582,38.63941],[15.09814,38.63878],[15.09746,38.6403],[15.09582,38.63941]],[[15.10347,36.79234],[15.10556,36.79004],[15.10633,36.79255],[15.10464,36.79296],[15.10347,36.79234]],[[15.10643,38.63475],[15.10647,38.63491],[15.10643,38.63475]],[[15.1076,38.66497],[15.10913,38.66432],[15.10784,38.665],[15.1076,38.66497]],[[15.10876,38.66365],[15.11031,38.66164],[15.11796,38.66107],[15.1182,38.66449],[15.11476,38.66592],[15.10883,38.66378],[15.10876,38.66365]],[[15.11009,38.6383],[15.11126,38.63711],[15.11013,38.6384],[15.11009,38.6383]],[[15.11244,38.63933],[15.11571,38.63897],[15.11255,38.63953],[15.11244,38.63933]],[[15.11836,36.73812],[15.11837,36.73834],[15.11836,36.73812]],[[15.14314,36.68429],[15.14424,36.68211],[15.15136,36.68505],[15.15418,36.68893],[15.14629,36.68846],[15.14316,36.68433],[15.14314,36.68429]],[[15.16508,37.56026],[15.16545,37.56028],[15.16508,37.56026]],[[15.16559,37.56147],[15.16797,37.56144],[15.16584,37.56226],[15.16559,37.56147]],[[15.18736,38.79088],[15.19568,38.77994],[15.2158,38.7716],[15.22688,38.77723],[15.23082,38.78862],[15.24148,38.79928],[15.24317,38.80342],[15.23118,38.80974],[15.21618,38.8117],[15.1987,38.79876],[15.18966,38.79605],[15.18773,38.79205],[15.18736,38.79088]],[[15.20333,37.23551],[15.20568,37.23596],[15.20371,37.23599],[15.20333,37.23551]],[[15.26285,36.97911],[15.2649,36.9789],[15.26312,36.97975],[15.26285,36.97911]],[[15.29397,40.02409],[15.29401,40.02425],[15.29397,40.02409]],[[15.29988,37.85023],[15.30156,37.84992],[15.30004,37.85065],[15.29988,37.85023]],[[15.47627,42.11162],[15.47669,42.10632],[15.48215,42.10385],[15.49086,42.10887],[15.49626,42.11548],[15.49613,42.11913],[15.49113,42.12579],[15.4869,42.12269],[15.48461,42.11746],[15.47627,42.11162]],[[15.49695,42.12249],[15.49969,42.12136],[15.50104,42.1233],[15.49724,42.12265],[15.49695,42.12249]],[[15.50141,42.11905],[15.50471,42.11873],[15.51229,42.12246],[15.51799,42.12755],[15.51366,42.12857],[15.50153,42.11975],[15.50141,42.11905]],[[15.50775,42.13248],[15.50888,42.12942],[15.51614,42.13567],[15.51703,42.13864],[15.5158,42.14],[15.51114,42.13911],[15.50777,42.1328],[15.50775,42.13248]],[[15.71485,39.96679],[15.71732,39.96741],[15.7149,39.96694],[15.71485,39.96679]],[[15.74355,42.22552],[15.74836,42.22323],[15.75172,42.22567],[15.74361,42.2265],[15.74355,42.22552]],[[15.76861,39.87193],[15.77939,39.87182],[15.78066,39.87341],[15.77427,39.87587],[15.76872,39.87243],[15.76861,39.87193]],[[15.77817,39.8476],[15.77839,39.84796],[15.77817,39.8476]],[[15.78812,39.85662],[15.78958,39.85641],[15.78822,39.85667],[15.78812,39.85662]],[[15.79999,39.69846],[15.8032,39.69799],[15.80032,39.70017],[15.79999,39.69846]],[[16.10938,41.92838],[16.11199,41.92827],[16.10953,41.92849],[16.10938,41.92838]],[[16.18153,41.89078],[16.18535,41.88778],[16.18158,41.89082],[16.18153,41.89078]],[[16.1867,41.84487],[16.1891,41.84425],[16.18671,41.84495],[16.1867,41.84487]],[[16.19943,41.81456],[16.20146,41.81575],[16.19958,41.81496],[16.19943,41.81456]],[[17.14329,40.45051],[17.15354,40.44489],[17.16699,40.44807],[17.16064,40.45375],[17.15662,40.45345],[17.14329,40.45051]],[[17.17335,40.44003],[17.17887,40.43703],[17.17806,40.43897],[17.17341,40.44012],[17.17335,40.44003]],[[17.80465,40.71435],[17.80599,40.7131],[17.80471,40.71459],[17.80465,40.71435]],[[17.80902,40.71211],[17.80919,40.71273],[17.80902,40.71211]],[[17.82337,40.7042],[17.82344,40.70436],[17.82337,40.7042]],[[17.82403,40.70321],[17.82582,40.70315],[17.82408,40.70331],[17.82403,40.70321]],[[17.86428,40.27123],[17.86898,40.2686],[17.86431,40.27133],[17.86428,40.27123]],[[17.8814,40.26175],[17.88388,40.25622],[17.88827,40.25457],[17.88727,40.25833],[17.8814,40.26205],[17.8814,40.26175]],[[17.88939,40.25358],[17.891,40.25314],[17.8894,40.25367],[17.88939,40.25358]],[[17.94468,40.04689],[17.94874,40.04514],[17.9549,40.04975],[17.94872,40.05332],[17.94486,40.04883],[17.94468,40.04689]],[[17.96852,40.05288],[17.97036,40.05419],[17.96856,40.05314],[17.96852,40.05288]],[[17.99048,40.65761],[17.99049,40.65778],[17.99048,40.65761]],[[17.99131,40.65777],[17.99134,40.65789],[17.99131,40.65777]],[[17.99202,40.65729],[17.99203,40.65734],[17.99202,40.65729]],[[17.99306,40.65608],[17.99435,40.65525],[17.99339,40.65673],[17.99306,40.65608]],[[18.00222,40.65404],[18.00238,40.65466],[18.00222,40.65404]],[[18.02701,40.64298],[18.02709,40.64308],[18.02701,40.64298]],[[18.09571,39.89509],[18.09579,39.89519],[18.09571,39.89509]],[[18.11803,39.88305],[18.11804,39.88314],[18.11803,39.88305]],[[18.12218,39.88009],[18.12219,39.88013],[18.12218,39.88009]],[[18.50285,40.09226],[18.50299,40.09262],[18.50285,40.09226]]]}}
