"event_id","event_slug","date","municipality","province","province_code","province_key","province_raw","province_validation_status","region","latitude","longitude","bridge_crossing_type","bridge_crossing_name","destination_use","collapse_severity","victims","injuries","triggered","cause_category","specific_cause","failure_trigger","failure_process","component_involved","failure_cause_evidence","hydraulic_intelligence","source_confidence","exact_location","bridge_name","structural_type","material_type","construction_year","construction_year_numeric","construction_year_raw","curation_level","description"
"IT00.01.01","campobasso-2000","2000-01-25","Campobasso","Campobasso","70","campobasso","Campobasso","validated","Molise","41.7396698653949","14.7401782897666","road","SS647","National","TC","0","0","true","Natural","Hydraulic","Flood","","","Unspecified","{""trigger"":""flood"",""failure_process"":null,""component_involved"":null,""evidence_level"":""unspecified"",""taxonomy_version"":""hydraulic-v2""}","Medium","true","","Beam bridge","Reinforced concrete","","","","Standard","Total collapse of a national road bridge on the SS647 Bifernina near Campobasso (Molise) on 25 January 2000, triggered by hydraulic forces during winter rainfall causing the Biferno river to flood. No fatalities or injuries were reported. Piena documentata; meccanismo di dettaglio non ricostruibile dalle fonti disponibili."
"IT00.10.01","crissolo-2000-1","2000-10-13","Crissolo","Cuneo","4","cuneo","Cuneo","validated","Piemonte","44.6972928032106","7.16185275629312","waterway","Po river","National","PC","0","0","true","Natural","Hydraulic","Flood","","","Probable","{""trigger"":""flood"",""failure_process"":null,""component_involved"":null,""evidence_level"":""unspecified"",""taxonomy_version"":""hydraulic-v2""}","High","true","","Beam bridge","Reinforced concrete","","","","Standard","Partial collapse / severe damage of a road bridge over the Po at Crissolo during the 13–16 October 2000 flood. The official ARPA Piemonte event report documents irreversible damage to a stone-arch bridge in the municipality and several Po crossings upstream destroyed or severely damaged. The exact identity and detailed failure mechanism of this database record cannot be uniquely reconstructed; process and component therefore remain Unspecified."
"IT00.10.02","crissolo-2000-2","2000-10-13","Crissolo","Cuneo","4","cuneo","Cuneo","validated","Piemonte","44.6984","7.1584","waterway","Po river","National","PC","0","0","true","Natural","Hydraulic","Flood","Bank erosion / embankment failure","Multiple components","Documented","{""trigger"":""flood"",""failure_process"":""bank_erosion_or_embankment_failure"",""component_involved"":""multiple_components"",""evidence_level"":""documented"",""taxonomy_version"":""hydraulic-v2""}","High","true","","Beam bridge","Reinforced concrete","","","","Standard","Partial collapse of a road bridge over the Po near Crissolo during the October 2000 flood. D'Angelo, Ballio & Ravazzani (2025), record P008, classifies the process as lateral bank/embankment erosion with damage involving abutment/superstructure components. The official ARPA Piemonte report independently documents severe bridge damage and destroyed crossings along the Po in the Crissolo area."
"IT00.10.03","ala-di-stura-2000-1","2000-10-13","Ala di Stura","Torino","201","torino","Torino","validated","Piemonte","45.3131","7.2887","waterway","Stura di Ala stream","Cycle-pedestrian","TC","0","0","true","Natural","Hydraulic","Flood","","","Unspecified","{""trigger"":""flood"",""failure_process"":null,""component_involved"":null,""evidence_level"":""unspecified"",""taxonomy_version"":""hydraulic-v2""}","High","true","","Beam bridge","Reinforced concrete","","","","Standard","Total collapse of a cycle-pedestrian bridge over the Stura di Ala near Ala di Stura (Torino) on 13-16 October 2000, as part of the catastrophic alluvione. Documented in the ARPA Piemonte official report (Valle di Viù area). Total collapse during the catastrophic alluvione of 13-16 October 2000 that struck over 50% of Piemonte, causing more than 1,800 documented damage events. The ARPA Piemonte report (2003) explicitly documents multiple bridge collapses across the Stura di Lanzo, Orco, Chisone, Dora Riparia, Dora Baltea and Po basins. The event is comparable in scale to the 1994 alluvione del Piemonte. No fatalities directly attributed to this specific collapse. Piena documentata; meccanismo di dettaglio non ricostruibile dalle fonti disponibili."
"IT00.10.04","ala-di-stura-2000-2","2000-10-13","Ala di Stura","Torino","201","torino","Torino","validated","Piemonte","45.3135853526999","7.29657818693116","waterway","Stura di Lanzo stream","Provincial/Regional","PC","0","0","true","Natural","Hydraulic","Flood","","","Unspecified","{""trigger"":""flood"",""failure_process"":null,""component_involved"":null,""evidence_level"":""unspecified"",""taxonomy_version"":""hydraulic-v2""}","High","true","","Beam bridge","Reinforced concrete","","","","Standard","Partial collapse of a provincial bridge over the Stura di Lanzo near Ala di Stura (Torino) on 13-16 October 2000, as part of the catastrophic alluvione. Documented in the ARPA Piemonte official report (Valli di Lanzo area). Total collapse during the catastrophic alluvione of 13-16 October 2000 that struck over 50% of Piemonte, causing more than 1,800 documented damage events. The ARPA Piemonte report (2003) explicitly documents multiple bridge collapses across the Stura di Lanzo, Orco, Chisone, Dora Riparia, Dora Baltea and Po basins. The event is comparable in scale to the 1994 alluvione del Piemonte. No fatalities directly attributed to this specific collapse. Piena documentata; meccanismo di dettaglio non ricostruibile dalle fonti disponibili."
"IT00.10.05","ala-di-stura-2000-3","2000-10-13","Ala di Stura","Torino","201","torino","Torino","validated","Piemonte","45.3121","7.2999","waterway","Stura di Lanzo stream","Municipal","TC","0","0","true","Natural","Hydraulic","Flood","Overtopping / hydrodynamic action","Deck / superstructure","Probable","{""trigger"":""flood"",""failure_process"":""overtopping_or_hydrodynamic_action"",""component_involved"":""deck_or_superstructure"",""evidence_level"":""probable"",""taxonomy_version"":""hydraulic-v2""}","High","true","","Beam bridge","Reinforced concrete","","","","Standard","Total collapse of a municipal bridge over the Stura di Lanzo near Ala di Stura (Torino) on 13-16 October 2000, as part of the catastrophic alluvione. Documented in the ARPA Piemonte official report (Valli di Lanzo area). Total collapse during the catastrophic alluvione of 13-16 October 2000 that struck over 50% of Piemonte, causing more than 1,800 documented damage events. The ARPA Piemonte report (2003) explicitly documents multiple bridge collapses across the Stura di Lanzo, Orco, Chisone, Dora Riparia, Dora Baltea and Po basins. The event is comparable in scale to the 1994 alluvione del Piemonte. No fatalities directly attributed to this specific collapse. D'Angelo, Ballio & Ravazzani (2025), 'Geomorphologic risk factors for river bridges', IJDRR, database supplementare S3, record P017 (dec=1, ciclopedonale, crollo totale, coordinate coincidenti con la scheda): processo = carico idraulico sulla struttura; componente = impalcato. La scheda indica tipologia 'Municipal': discrepanza tipologica da verificare (Ala di Stura, piena dello Stura, ott. 2000)."
"IT00.10.06","felleto-2000","2000-10-13","Felleto","Torino","201","torino","Torino","validated","Piemonte","45.3092","7.7552","waterway","Orco stream","Provincial/Regional","TC","0","0","true","Natural","Hydraulic","Flood","Scour","Pier / foundation","Documented","{""trigger"":""flood"",""failure_process"":""scour"",""component_involved"":""pier_foundation"",""evidence_level"":""documented"",""taxonomy_version"":""hydraulic-v2""}","High","true","Ponte Feletto-Lusigliè (SP41)","Beam bridge","Reinforced concrete","1935","1935","1935","Standard","Total collapse of a provincial bridge over the Orco stream near Felleto (Torino) on 13-16 October 2000, as part of the catastrophic alluvione. Documented in the ARPA Piemonte official report (Valle Orco area). Total collapse during the catastrophic alluvione of 13-16 October 2000 that struck over 50% of Piemonte, causing more than 1,800 documented damage events. The ARPA Piemonte report (2003) explicitly documents multiple bridge collapses across the Stura di Lanzo, Orco, Chisone, Dora Riparia, Dora Baltea and Po basins. The event is comparable in scale to the 1994 alluvione del Piemonte. No fatalities directly attributed to this specific collapse. Rapporto d'evento Regione Piemonte - Direzione Servizi Tecnici di Prevenzione (aprile 2001): nel corso della piena dell'Orco l'erosione di fondo ha provocato il sottoscalzamento della pila centrale e il cedimento dell'intera struttura del ponte SP41 tra Feletto e Lusiglie' (edificato nel 1935)."
"IT00.10.07","balme-2000-1","2000-10-13","Balme","Torino","201","torino","Torino","validated","Piemonte","45.3020694813747","7.20799616291084","waterway","Stura di Lanzo stream","Municipal","TC","0","0","true","Natural","Hydraulic","Flood","","","Unspecified","{""trigger"":""flood"",""failure_process"":null,""component_involved"":null,""evidence_level"":""unspecified"",""taxonomy_version"":""hydraulic-v2""}","High","true","","Beam bridge","Reinforced concrete","","","","Standard","Total collapse of a municipal bridge over the Stura di Lanzo near Balme (Torino) on 13-16 October 2000, as part of the catastrophic alluvione. Documented in the ARPA Piemonte official report (Val Grande di Lanzo area). Total collapse during the catastrophic alluvione of 13-16 October 2000 that struck over 50% of Piemonte, causing more than 1,800 documented damage events. The ARPA Piemonte report (2003) explicitly documents multiple bridge collapses across the Stura di Lanzo, Orco, Chisone, Dora Riparia, Dora Baltea and Po basins. The event is comparable in scale to the 1994 alluvione del Piemonte. No fatalities directly attributed to this specific collapse. Piena documentata; meccanismo di dettaglio non ricostruibile dalle fonti disponibili."
"IT00.10.08","balme-2000-2","2000-10-13","Balme","Torino","201","torino","Torino","validated","Piemonte","45.3024231876392","7.17715316394916","waterway","Stura di Ala stream","Municipal","TC","0","0","true","Natural","Hydraulic","Flood","","","Unspecified","{""trigger"":""flood"",""failure_process"":null,""component_involved"":null,""evidence_level"":""unspecified"",""taxonomy_version"":""hydraulic-v2""}","High","true","","Beam bridge","Reinforced concrete","","","","Standard","Total collapse of a municipal bridge over the Stura di Ala near Balme (Torino) on 13-16 October 2000, as part of the catastrophic alluvione. Documented in the ARPA Piemonte official report (Valle di Viù area). Total collapse during the catastrophic alluvione of 13-16 October 2000 that struck over 50% of Piemonte, causing more than 1,800 documented damage events. The ARPA Piemonte report (2003) explicitly documents multiple bridge collapses across the Stura di Lanzo, Orco, Chisone, Dora Riparia, Dora Baltea and Po basins. The event is comparable in scale to the 1994 alluvione del Piemonte. No fatalities directly attributed to this specific collapse. Piena documentata; meccanismo di dettaglio non ricostruibile dalle fonti disponibili."
"IT00.10.09","chialamberto-2000-1","2000-10-13","Chialamberto","Torino","201","torino","Torino","validated","Piemonte","45.3624718640682","7.34222029499744","waterway","Stura di Valgrande stream","Cycle-pedestrian","TC","0","0","true","Natural","Hydraulic","Flood","","","Unspecified","{""trigger"":""flood"",""failure_process"":null,""component_involved"":null,""evidence_level"":""unspecified"",""taxonomy_version"":""hydraulic-v2""}","High","true","","Beam bridge","Reinforced concrete","","","","Standard","Total collapse of a cycle-pedestrian bridge over the Stura di Valgrande near Chialamberto (Torino) on 13-16 October 2000, as part of the catastrophic alluvione. Documented in the ARPA Piemonte official report (Val Grande di Lanzo area). Total collapse during the catastrophic alluvione of 13-16 October 2000 that struck over 50% of Piemonte, causing more than 1,800 documented damage events. The ARPA Piemonte report (2003) explicitly documents multiple bridge collapses across the Stura di Lanzo, Orco, Chisone, Dora Riparia, Dora Baltea and Po basins. The event is comparable in scale to the 1994 alluvione del Piemonte. No fatalities directly attributed to this specific collapse. Piena documentata; meccanismo di dettaglio non ricostruibile dalle fonti disponibili."
"IT00.10.10","chialamberto-2000-2","2000-10-13","Chialamberto","Torino","201","torino","Torino","validated","Piemonte","45.3626772288527","7.34517738330256","waterway","Stura di Valgrande stream","Provincial/Regional","TC","0","0","true","Natural","Hydraulic","Flood","","","Unspecified","{""trigger"":""flood"",""failure_process"":null,""component_involved"":null,""evidence_level"":""unspecified"",""taxonomy_version"":""hydraulic-v2""}","High","true","","Beam bridge","Reinforced concrete","","","","Standard","Total collapse of a provincial bridge over the Stura di Valgrande near Chialamberto (Torino) on 13-16 October 2000, as part of the catastrophic alluvione. Documented in the ARPA Piemonte official report (Val Grande di Lanzo area). Total collapse during the catastrophic alluvione of 13-16 October 2000 that struck over 50% of Piemonte, causing more than 1,800 documented damage events. The ARPA Piemonte report (2003) explicitly documents multiple bridge collapses across the Stura di Lanzo, Orco, Chisone, Dora Riparia, Dora Baltea and Po basins. The event is comparable in scale to the 1994 alluvione del Piemonte. No fatalities directly attributed to this specific collapse. Piena documentata; meccanismo di dettaglio non ricostruibile dalle fonti disponibili."
"IT00.10.11","pinerolo-2000-1","2000-10-13","Pinerolo","Torino","201","torino","Torino","validated","Piemonte","44.8674241589211","7.3347469256552","waterway","Chisone stream","Provincial/Regional","TC","0","0","true","Natural","Hydraulic","Flood","Overtopping / hydrodynamic action","","Probable","{""trigger"":""flood"",""failure_process"":""overtopping_or_hydrodynamic_action"",""component_involved"":null,""evidence_level"":""probable"",""taxonomy_version"":""hydraulic-v2""}","High","true","","Beam bridge","Reinforced concrete","","","","Standard","Total collapse of a provincial bridge over the Chisone stream near Pinerolo (Torino) on 13-16 October 2000, as part of the catastrophic alluvione. Documented in the ARPA Piemonte official report (Val Chisone area). Total collapse during the catastrophic alluvione of 13-16 October 2000 that struck over 50% of Piemonte, causing more than 1,800 documented damage events. The ARPA Piemonte report (2003) explicitly documents multiple bridge collapses across the Stura di Lanzo, Orco, Chisone, Dora Riparia, Dora Baltea and Po basins. The event is comparable in scale to the 1994 alluvione del Piemonte. No fatalities directly attributed to this specific collapse. Monografia 'Eventi alluvionali in Piemonte 2000-2002' (Regione Piemonte/ARPA, 2003): i ponti affiancati (stradale e ferroviario) di via Saluzzo a Pinerolo furono entrambi danneggiati in modo irreparabile; il restringimento d'alveo da essi causato costitui' un significativo ostacolo al deflusso, concorrendo alla sommersione della zona Ponte Chisone. Meccanismo di dettaglio del manufatto stradale non specificato."
"IT00.10.12","pinerolo-2000-2","2000-10-13","Pinerolo","Torino","201","torino","Torino","validated","Piemonte","44.8749","7.3105","waterway","Chisone stream","Provincial/Regional","PC","0","0","true","Natural","Hydraulic","Flood","Bank erosion / embankment failure","Abutment","Documented","{""trigger"":""flood"",""failure_process"":""bank_erosion_or_embankment_failure"",""component_involved"":""abutment"",""evidence_level"":""documented"",""taxonomy_version"":""hydraulic-v2""}","High","true","","Beam bridge","Reinforced concrete","","","","Standard","Partial collapse of a provincial bridge over the Chisone stream near Pinerolo (Torino) on 13-16 October 2000, as part of the catastrophic alluvione. Documented in the ARPA Piemonte official report (Val Chisone (second bridge) area). Total collapse during the catastrophic alluvione of 13-16 October 2000 that struck over 50% of Piemonte, causing more than 1,800 documented damage events. The ARPA Piemonte report (2003) explicitly documents multiple bridge collapses across the Stura di Lanzo, Orco, Chisone, Dora Riparia, Dora Baltea and Po basins. The event is comparable in scale to the 1994 alluvione del Piemonte. No fatalities directly attributed to this specific collapse. Monografia 'Eventi alluvionali in Piemonte 2000-2002' (Regione Piemonte/ARPA, 2003): asportata la spalla sinistra del ponte di Miradolo sul Chisone; il ponte, di antico impianto, risulta tra quelli distrutti dall'evento. Conferma quanto gia' indicato dal rapporto d'evento 2001."
"IT00.10.13","pinerolo-2000-3","2000-10-13","Pinerolo","Torino","201","torino","Torino","validated","Piemonte","44.8853074510205","7.28264930626527","waterway","Chisone stream","Railway","TC","0","0","true","Natural","Hydraulic","Flood","Scour","Pier / foundation","Probable","{""trigger"":""flood"",""failure_process"":""scour"",""component_involved"":""pier_foundation"",""evidence_level"":""probable"",""taxonomy_version"":""hydraulic-v2""}","High","true","","Beam bridge","Reinforced concrete","","","","Standard","Total collapse of a railway bridge over the Chisone stream near Pinerolo (Torino) on 13-16 October 2000, as part of the catastrophic alluvione. Documented in the ARPA Piemonte official report (Val Chisone railway area). Total collapse during the catastrophic alluvione of 13-16 October 2000 that struck over 50% of Piemonte, causing more than 1,800 documented damage events. The ARPA Piemonte report (2003) explicitly documents multiple bridge collapses across the Stura di Lanzo, Orco, Chisone, Dora Riparia, Dora Baltea and Po basins. The event is comparable in scale to the 1994 alluvione del Piemonte. No fatalities directly attributed to this specific collapse. Rapporto d'evento 2001: abbattuto il ponte ferroviario Pinerolo-Torre Pellice a via Saluzzo (piena del Chisone); un passaggio attiguo attribuisce i danni 'soprattutto a erosioni lungo il fondo alveo' con 'cedimento della pila di destra per erosione di fondo' (attribuzione probabile per impaginazione). Monografia 'Eventi alluvionali in Piemonte 2000-2002' (Regione Piemonte/ARPA, 2003): conferma che il ponte ferroviario di via Saluzzo fu danneggiato in modo irreparabile, in coppia con l'attiguo ponte stradale, il cui restringimento d'alveo ostacolo' il deflusso."
"IT00.10.14","giaveno-2000","2000-10-13","Giaveno","Torino","201","torino","Torino","validated","Piemonte","45.0241","7.355","waterway","Sangone stream","Provincial/Regional","TC","0","0","true","Natural","Hydraulic","Flood","Scour","Pier / foundation","Documented","{""trigger"":""flood"",""failure_process"":""scour"",""component_involved"":""pier_foundation"",""evidence_level"":""documented"",""taxonomy_version"":""hydraulic-v2""}","High","true","","Beam bridge","Reinforced concrete","","","","Standard","Total collapse of a provincial bridge over the Sangone stream near Giaveno (Torino) on 13-16 October 2000, as part of the catastrophic alluvione. Documented in the ARPA Piemonte official report (Valle Sangone area). Total collapse during the catastrophic alluvione of 13-16 October 2000 that struck over 50% of Piemonte, causing more than 1,800 documented damage events. The ARPA Piemonte report (2003) explicitly documents multiple bridge collapses across the Stura di Lanzo, Orco, Chisone, Dora Riparia, Dora Baltea and Po basins. The event is comparable in scale to the 1994 alluvione del Piemonte. No fatalities directly attributed to this specific collapse. Monografia 'Eventi alluvionali in Piemonte 2000-2002' (Regione Piemonte/ARPA, 2003): crollato alle ore 18:00 del 15/10 il ponte della SP193 Giaveno-Cumiana sul Sangone: cedettero 2 pile in corrispondenza del notevole ampliamento d'alveo in sinistra idrografica, in un tratto pluricanale a marcata instabilita' con abbondante trasporto solido."
"IT00.10.15","castellamonte-2000","2000-10-13","Castellamonte","Torino","201","torino","Torino","validated","Piemonte","45.3590443263878","7.71108119476556","waterway","Orco stream","National","TC","1","0","true","Natural","Hydraulic","Flood","Bank erosion / embankment failure","Multiple components","Documented","{""trigger"":""flood"",""failure_process"":""bank_erosion_or_embankment_failure"",""component_involved"":""multiple_components"",""evidence_level"":""documented"",""taxonomy_version"":""hydraulic-v2""}","High","true","","Beam bridge","Reinforced concrete","","","","Standard","Total collapse of a national road bridge (SS460) over the Orco stream near Castellamonte (Torino, Piemonte) on 13 October 2000, during the catastrophic alluvione. One person was killed at this specific bridge collapse. Total collapse during the catastrophic alluvione of 13-16 October 2000 that struck over 50% of Piemonte, causing more than 1,800 documented damage events. The ARPA Piemonte report (2003) explicitly documents multiple bridge collapses across the Stura di Lanzo, Orco, Chisone, Dora Riparia, Dora Baltea and Po basins. The event is comparable in scale to the 1994 alluvione del Piemonte. No fatalities directly attributed to this specific collapse. Monografia 'Eventi alluvionali in Piemonte 2000-2002' (Regione Piemonte/ARPA, 2003): l'accentuata erosione dei terreni in sinistra dell'Orco convoglio' le acque contro la parte in rilevato del ponte della SS 'Pedemontana' a Castellamonte, portandone alla distruzione (crollo parziale la mattina di domenica 15/10, con una vittima successiva). Nota: la monografia scrive S.S.656, il rapporto 2001 S.S.565, il DB S.S.460: uniformare la denominazione."
"IT00.10.16","noasca-2000-1","2000-10-13","Noasca","Torino","201","torino","Torino","validated","Piemonte","45.454","7.314","waterway","Orco stream","National","PC","0","0","true","Natural","Hydraulic","Flood","","","Unspecified","{""trigger"":""flood"",""failure_process"":null,""component_involved"":null,""evidence_level"":""unspecified"",""taxonomy_version"":""hydraulic-v2""}","High","true","","Beam bridge","Reinforced concrete","","","","Standard","Partial collapse of a national bridge over the Orco stream near Noasca (Torino) on 13-16 October 2000, as part of the catastrophic alluvione. Documented in the ARPA Piemonte official report (Valle Orco area). Total collapse during the catastrophic alluvione of 13-16 October 2000 that struck over 50% of Piemonte, causing more than 1,800 documented damage events. The ARPA Piemonte report (2003) explicitly documents multiple bridge collapses across the Stura di Lanzo, Orco, Chisone, Dora Riparia, Dora Baltea and Po basins. The event is comparable in scale to the 1994 alluvione del Piemonte. No fatalities directly attributed to this specific collapse. Monografia 'Eventi alluvionali in Piemonte 2000-2002' (Regione Piemonte/ARPA, 2003): al 'nodo di Noasca' intensi processi di mobilizzazione del fondo alveo con forte restringimento dell'alveo danneggiarono gravemente passerella e opere di difesa; il rapporto 2001 documenta inoltre violenti processi di erosione laterale e di fondo con gravi danni alle opere di attraversamento. Meccanismo del singolo ponte non distinto."
"IT00.10.17","robassomero-2000","2000-10-13","Robassomero","Torino","201","torino","Torino","validated","Piemonte","45.2043","7.5724","waterway","Stura di Lanzo stream","Provincial/Regional","TC","0","0","true","Natural","Hydraulic","Flood","Bank erosion / embankment failure","Abutment","Documented","{""trigger"":""flood"",""failure_process"":""bank_erosion_or_embankment_failure"",""component_involved"":""abutment"",""evidence_level"":""documented"",""taxonomy_version"":""hydraulic-v2""}","High","true","","Beam bridge","Reinforced concrete","","","","Standard","Total collapse of a provincial bridge over the Stura di Lanzo near Robassomero (Torino) on 13-16 October 2000, as part of the catastrophic alluvione. Documented in the ARPA Piemonte official report (Stura di Lanzo plain area). Total collapse during the catastrophic alluvione of 13-16 October 2000 that struck over 50% of Piemonte, causing more than 1,800 documented damage events. The ARPA Piemonte report (2003) explicitly documents multiple bridge collapses across the Stura di Lanzo, Orco, Chisone, Dora Riparia, Dora Baltea and Po basins. The event is comparable in scale to the 1994 alluvione del Piemonte. No fatalities directly attributed to this specific collapse. Rapporto d'evento Regione Piemonte - Direzione Servizi Tecnici di Prevenzione (aprile 2001): 'Crollo del ponte sullo Stura della SP Robassomero-Cirie' per erosione in sponda destra', con crollo di un tratto dell'impalcato; a valle la stessa erosione ha messo a giorno le fondazioni di un capannone e danneggiato la centrale elettrica."
"IT00.10.18","salassa-2000","2000-10-13","Salassa","Torino","201","torino","Torino","validated","Piemonte","45.3592","7.7117","waterway","Orco stream","National","TC","0","0","true","Natural","Hydraulic","Flood","Bank erosion / embankment failure","Multiple components","Documented","{""trigger"":""flood"",""failure_process"":""bank_erosion_or_embankment_failure"",""component_involved"":""multiple_components"",""evidence_level"":""documented"",""taxonomy_version"":""hydraulic-v2""}","High","true","","Beam bridge","Reinforced concrete","","","","Standard","Total collapse of a national bridge over the Orco stream near Salassa (Torino) on 13-16 October 2000, as part of the catastrophic alluvione. Documented in the ARPA Piemonte official report (SS460 area). Total collapse during the catastrophic alluvione of 13-16 October 2000 that struck over 50% of Piemonte, causing more than 1,800 documented damage events. The ARPA Piemonte report (2003) explicitly documents multiple bridge collapses across the Stura di Lanzo, Orco, Chisone, Dora Riparia, Dora Baltea and Po basins. The event is comparable in scale to the 1994 alluvione del Piemonte. No fatalities directly attributed to this specific collapse. Database ponti fluviali danneggiati di D'Angelo, Ballio & Ravazzani (2025), IJDRR 'Geomorphologic risk factors for river bridges', suppl. S3, record P004 (accuratezza diagnosi dec=1): processo = erosione laterale di sponda; componenti danneggiate = pile, spalle, rilevato di accesso, impalcato; evidenza di sormonto = no."
"IT00.10.19","settimo-vittone-2000","2000-10-13","Settimo Vittone","Ivrea","201","torino","Ivrea","name_mismatch_coordinates_resolved","Piemonte","45.5383","7.8335","waterway","Dora Baltea river","Railway","TC","0","0","true","Natural","Hydraulic","Flood","Overtopping / hydrodynamic action","Entire structure","Documented","{""trigger"":""flood"",""failure_process"":""overtopping_or_hydrodynamic_action"",""component_involved"":""entire_structure"",""evidence_level"":""documented"",""taxonomy_version"":""hydraulic-v2""}","High","true","","Truss","Steel","","","","Standard","Total collapse of a railway bridge over the Dora Baltea river near Settimo Vittone (Torino) on 13-16 October 2000, as part of the catastrophic alluvione. Documented in the ARPA Piemonte official report (Ivrea-Aosta railway area). Total collapse during the catastrophic alluvione of 13-16 October 2000 that struck over 50% of Piemonte, causing more than 1,800 documented damage events. The ARPA Piemonte report (2003) explicitly documents multiple bridge collapses across the Stura di Lanzo, Orco, Chisone, Dora Riparia, Dora Baltea and Po basins. The event is comparable in scale to the 1994 alluvione del Piemonte. No fatalities directly attributed to this specific collapse. Rapporto d'evento Regione Piemonte - Direzione Servizi Tecnici di Prevenzione (aprile 2001): asportato il ponte ferroviario della linea Torino-Aosta a Settimo Vittone durante l'esondazione della Dora Baltea, che ha sovrappassato la SS26 per ~1 km. [Il database Polimi (D'Angelo et al. 2025, S3, record P005, dec=1) classifica invece il processo come: erosione laterale di sponda.]"
"IT00.10.20","paesana-2000","2000-10-13","Paesana","Cuneo","4","cuneo","Cuneo","validated","Piemonte","44.6824","7.2653","waterway","Po river","Provincial/Regional","TC","0","0","true","Natural","Hydraulic","Flood","Bank erosion / embankment failure","Abutment","Documented","{""trigger"":""flood"",""failure_process"":""bank_erosion_or_embankment_failure"",""component_involved"":""abutment"",""evidence_level"":""documented"",""taxonomy_version"":""hydraulic-v2""}","High","true","","Beam bridge","Reinforced concrete","","","","Standard","Total collapse of a provincial bridge over the Po river near Paesana (Cuneo) on 13-16 October 2000, as part of the catastrophic alluvione. Documented in the ARPA Piemonte official report (upper Po valley area). Total collapse during the catastrophic alluvione of 13-16 October 2000 that struck over 50% of Piemonte, causing more than 1,800 documented damage events. The ARPA Piemonte report (2003) explicitly documents multiple bridge collapses across the Stura di Lanzo, Orco, Chisone, Dora Riparia, Dora Baltea and Po basins. The event is comparable in scale to the 1994 alluvione del Piemonte. No fatalities directly attributed to this specific collapse. Rapporto d'evento Regione Piemonte - Direzione Servizi Tecnici di Prevenzione (aprile 2001): l'erosione del Po in loc. Erasca ha asportato l'accesso al ponte in sponda sinistra e la spalla sinistra del ponte."
"IT00.10.21","bardonecchia-2000","2000-10-13","Bardonecchia","Torino","201","torino","Torino","validated","Piemonte","45.0786","6.7105","waterway","Bora di Bardonecchia river","National","TC","0","0","true","Natural","Hydraulic","Flood","Scour","Multiple components","Probable","{""trigger"":""flood"",""failure_process"":""scour"",""component_involved"":""multiple_components"",""evidence_level"":""probable"",""taxonomy_version"":""hydraulic-v2""}","High","true","","Beam bridge","Reinforced concrete","","","","Standard","Total collapse of a national bridge over the Bora di Bardonecchia near Bardonecchia (Torino) on 13-16 October 2000, as part of the catastrophic alluvione. Documented in the ARPA Piemonte official report (SS335 area). Total collapse during the catastrophic alluvione of 13-16 October 2000 that struck over 50% of Piemonte, causing more than 1,800 documented damage events. The ARPA Piemonte report (2003) explicitly documents multiple bridge collapses across the Stura di Lanzo, Orco, Chisone, Dora Riparia, Dora Baltea and Po basins. The event is comparable in scale to the 1994 alluvione del Piemonte. No fatalities directly attributed to this specific collapse. Rapporto d'evento Regione Piemonte - Direzione Servizi Tecnici di Prevenzione (aprile 2001): per Bardonecchia il rapporto documenta un solo ponte gravemente colpito: 'erosioni di sponda e di fondo con asportazione della pila del ponte per Millaures e di parte del rilevato di accesso' (Dora di Rochemolles). Corrispondenza con la scheda (ponte nazionale su Dora di Bardonecchia) da verificare."
"IT00.10.22","bussoleno-2000-1","2000-10-13","Bussoleno","Torino","201","torino","Torino","validated","Piemonte","45.1382","7.1432","waterway","Dora Riparia river","National","TC","0","0","true","Natural","Hydraulic","Flood","","","Needs review","{""trigger"":""flood"",""failure_process"":null,""component_involved"":null,""evidence_level"":""needs_review"",""taxonomy_version"":""hydraulic-v2""}","High","true","","Beam bridge","Reinforced concrete","","","","Standard","Total collapse of a national bridge over the Dora Riparia near Bussoleno (Torino) on 13-16 October 2000, as part of the catastrophic alluvione. Documented in the ARPA Piemonte official report (SS25 Val Susa area). Total collapse during the catastrophic alluvione of 13-16 October 2000 that struck over 50% of Piemonte, causing more than 1,800 documented damage events. The ARPA Piemonte report (2003) explicitly documents multiple bridge collapses across the Stura di Lanzo, Orco, Chisone, Dora Riparia, Dora Baltea and Po basins. The event is comparable in scale to the 1994 alluvione del Piemonte. No fatalities directly attributed to this specific collapse. Ne' il rapporto d'evento 2001 ne' la monografia 2003 documentano crolli di ponti a Bussoleno (vi si descrivono esondazioni della Dora a monte del ponte ferroviario Torino-Modane, allagamenti e colate sui versanti): riscontro mancante per questa scheda."
"IT00.10.23","bussoleno-2000-2","2000-10-13","Bussoleno","Torino","201","torino","Torino","validated","Piemonte","45.1281","7.1635","waterway","Dora Riparia river","Municipal","TC","0","0","true","Natural","Hydraulic","Flood","","","Needs review","{""trigger"":""flood"",""failure_process"":null,""component_involved"":null,""evidence_level"":""needs_review"",""taxonomy_version"":""hydraulic-v2""}","High","true","","Beam bridge","Reinforced concrete","","","","Standard","Total collapse of a municipal bridge over the Dora Riparia near Bussoleno (Torino) on 13-16 October 2000, as part of the catastrophic alluvione. Documented in the ARPA Piemonte official report (Val Susa area). Total collapse during the catastrophic alluvione of 13-16 October 2000 that struck over 50% of Piemonte, causing more than 1,800 documented damage events. The ARPA Piemonte report (2003) explicitly documents multiple bridge collapses across the Stura di Lanzo, Orco, Chisone, Dora Riparia, Dora Baltea and Po basins. The event is comparable in scale to the 1994 alluvione del Piemonte. No fatalities directly attributed to this specific collapse. Vedi B00.10.22: nessun crollo di ponte documentato a Bussoleno nelle fonti tecniche regionali (rapporto 2001 e monografia 2003)."
"IT00.10.24","chialamberto-2000-3","2000-10-13","Chialamberto","Torino","201","torino","Torino","validated","Piemonte","45.3624","7.3422","waterway","Stura di Lanzo stream","Municipal","TC","0","0","true","Natural","Hydraulic","Flood","Bank erosion / embankment failure","Entire structure","Probable","{""trigger"":""flood"",""failure_process"":""bank_erosion_or_embankment_failure"",""component_involved"":""entire_structure"",""evidence_level"":""probable"",""taxonomy_version"":""hydraulic-v2""}","High","true","","Beam bridge","Reinforced concrete","","","","Standard","Total collapse of a municipal bridge over the Stura di Lanzo near Chialamberto (Torino) on 13-16 October 2000, as part of the catastrophic alluvione. Documented in the ARPA Piemonte official report (Val Grande di Lanzo area). Total collapse during the catastrophic alluvione of 13-16 October 2000 that struck over 50% of Piemonte, causing more than 1,800 documented damage events. The ARPA Piemonte report (2003) explicitly documents multiple bridge collapses across the Stura di Lanzo, Orco, Chisone, Dora Riparia, Dora Baltea and Po basins. The event is comparable in scale to the 1994 alluvione del Piemonte. No fatalities directly attributed to this specific collapse. Monografia 'Eventi alluvionali in Piemonte 2000-2002' (Regione Piemonte/ARPA, 2003): a Chialamberto, loc. Inverso, lo Stura ampliando la propria sezione in destra idrografica asporto' totalmente le difese spondali, distrusse cinque edifici e 'il ponte di accesso alla localita'' con la condotta principale dell'acquedotto della valle. L'associazione a questa scheda (tra le tre di Chialamberto) e' probabile ma non certa."
"IT00.10.25","san-colombano-2000","2000-10-13","San Colombano","Torino","201","torino","Torino","validated","Piemonte","45.1023290659492","6.91276980813103","waterway","Rio Galambra","National","TC","0","0","true","Natural","Hydraulic","Flood","Overtopping / hydrodynamic action","Entire structure","Documented","{""trigger"":""flood"",""failure_process"":""overtopping_or_hydrodynamic_action"",""component_involved"":""entire_structure"",""evidence_level"":""documented"",""taxonomy_version"":""hydraulic-v2""}","High","true","","Beam bridge","Reinforced concrete","","","","Standard","Total collapse of a national bridge over the Rio Galambra near San Colombano (Torino) on 13-16 October 2000, as part of the catastrophic alluvione. Documented in the ARPA Piemonte official report (Canavese area). Total collapse during the catastrophic alluvione of 13-16 October 2000 that struck over 50% of Piemonte, causing more than 1,800 documented damage events. The ARPA Piemonte report (2003) explicitly documents multiple bridge collapses across the Stura di Lanzo, Orco, Chisone, Dora Riparia, Dora Baltea and Po basins. The event is comparable in scale to the 1994 alluvione del Piemonte. No fatalities directly attributed to this specific collapse. Rapporto d'evento Regione Piemonte - Direzione Servizi Tecnici di Prevenzione (aprile 2001): il ponte comunale sul rio Galambro per la frazione Colombano e' stato completamente asportato dalla piena, comprese le spalle; evidenti erosioni di fondo e materiale fluitato. (Il rapporto lo indica su strada comunale; il DB lo registra come nazionale: verificare.)"
"IT00.10.26","fenestrelle-2000","2000-10-13","Fenestrelle","Torino","201","torino","Torino","validated","Piemonte","45.0375","7.0441","waterway","Chisone stream","National","PC","0","0","true","Natural","Hydraulic","Flood","Bank erosion / embankment failure","Abutment","Probable","{""trigger"":""flood"",""failure_process"":""bank_erosion_or_embankment_failure"",""component_involved"":""abutment"",""evidence_level"":""probable"",""taxonomy_version"":""hydraulic-v2""}","High","true","","Beam bridge","Reinforced concrete","","","","Standard","Partial collapse of a national bridge over the Chisone stream near Fenestrelle (Torino) on 13-16 October 2000, as part of the catastrophic alluvione. Documented in the ARPA Piemonte official report (SS23 area). Total collapse during the catastrophic alluvione of 13-16 October 2000 that struck over 50% of Piemonte, causing more than 1,800 documented damage events. The ARPA Piemonte report (2003) explicitly documents multiple bridge collapses across the Stura di Lanzo, Orco, Chisone, Dora Riparia, Dora Baltea and Po basins. The event is comparable in scale to the 1994 alluvione del Piemonte. No fatalities directly attributed to this specific collapse. Database ponti fluviali danneggiati di D'Angelo, Ballio & Ravazzani (2025), IJDRR, suppl. S3, record P021 (dec=0.5; abbinato per anno 2000 + coordinate, dist. 0.00 km): processo = erosione laterale di sponda; componenti danneggiate = spalle; evidenza di sormonto = ?. [Nota QA precedente: il rapporto 2001 documenta a Fenestrelle danni al ponte del campeggio e lievi al ponte sul rio Gran Puy; la monografia 2003 il parziale scalzamento delle spalle del ponte per il Laux (Usseaux): corrispondenza puntuale con questa scheda da verificare.]"
"IT00.10.27","bonzo-2000","2000-10-13","Bonzo","Torino","201","torino","Torino","validated","Piemonte","45.3674","7.3014","waterway","Stura di Lanzo stream","Municipal","TC","0","0","true","Natural","Hydraulic","Flood","Bank erosion / embankment failure","Multiple components","Documented","{""trigger"":""flood"",""failure_process"":""bank_erosion_or_embankment_failure"",""component_involved"":""multiple_components"",""evidence_level"":""documented"",""taxonomy_version"":""hydraulic-v2""}","High","true","","Beam bridge","Reinforced concrete","","","","Standard","Total collapse of a municipal bridge over the Stura di Lanzo near Bonzo (Torino) on 13-16 October 2000, as part of the catastrophic alluvione. Documented in the ARPA Piemonte official report (Val Grande di Lanzo area). Total collapse during the catastrophic alluvione of 13-16 October 2000 that struck over 50% of Piemonte, causing more than 1,800 documented damage events. The ARPA Piemonte report (2003) explicitly documents multiple bridge collapses across the Stura di Lanzo, Orco, Chisone, Dora Riparia, Dora Baltea and Po basins. The event is comparable in scale to the 1994 alluvione del Piemonte. No fatalities directly attributed to this specific collapse. Rapporto d'evento Regione Piemonte - Direzione Servizi Tecnici di Prevenzione (aprile 2001): l'erosione in sinistra dello Stura ha asportato strada di accesso e rampa del ponte di Bonzo; eroso il risvolto della spalla sinistra. Il ponte era gia' parzialmente crollato nell'evento del 1993."
"IT00.10.28","locana-2000","2000-10-13","Locana","Torino","201","torino","Torino","validated","Piemonte","45.4065","7.5034","waterway","Orco stream","Cycle-pedestrian","PC","0","0","true","Natural","Hydraulic","Flood","Scour","","Probable","{""trigger"":""flood"",""failure_process"":""scour"",""component_involved"":null,""evidence_level"":""probable"",""taxonomy_version"":""hydraulic-v2""}","High","true","","Beam bridge","Reinforced concrete","","","","Standard","Partial collapse of a cycle-pedestrian bridge over the Orco near Locana during the October 2000 flood. D'Angelo, Ballio & Ravazzani (2025), record P024, provides a high-confidence coordinate/year match and classifies the process as scour. The regional event report separately documents a state-road bridge at Locana-Devion destroyed by bed erosion, indicating that more than one crossing was affected."
"IT00.10.29","noasca-2000-2","2000-10-13","Noasca","Torino","201","torino","Torino","validated","Piemonte","45.4317","7.3668","waterway","Orco stream","Provincial/Regional","PC","0","0","true","Natural","Hydraulic","Flood","Bank erosion / embankment failure","Multiple components","Documented","{""trigger"":""flood"",""failure_process"":""bank_erosion_or_embankment_failure"",""component_involved"":""multiple_components"",""evidence_level"":""documented"",""taxonomy_version"":""hydraulic-v2""}","High","true","","Beam bridge","Reinforced concrete","","","","Standard","Partial collapse of a provincial bridge over the Orco stream near Noasca (Torino) on 13-16 October 2000, as part of the catastrophic alluvione. Documented in the ARPA Piemonte official report (Valle Orco area). Total collapse during the catastrophic alluvione of 13-16 October 2000 that struck over 50% of Piemonte, causing more than 1,800 documented damage events. The ARPA Piemonte report (2003) explicitly documents multiple bridge collapses across the Stura di Lanzo, Orco, Chisone, Dora Riparia, Dora Baltea and Po basins. The event is comparable in scale to the 1994 alluvione del Piemonte. No fatalities directly attributed to this specific collapse. Database ponti fluviali danneggiati di D'Angelo, Ballio & Ravazzani (2025), IJDRR, suppl. S3, record P027 (dec=1; abbinato per anno 2000 + coordinate, dist. 0.00 km): processo = erosione laterale di sponda; componenti danneggiate = spalle, rilevato di accesso; evidenza di sormonto = no."
"IT00.10.30","inverso-pinasca-2000","2000-10-13","Inverso Pinasca","Torino","201","torino","Torino","validated","Piemonte","44.9429","7.2215","waterway","Chisone stream","Provincial/Regional","TC","0","0","true","Natural","Hydraulic","Flood","Scour","Entire structure","Documented","{""trigger"":""flood"",""failure_process"":""scour"",""component_involved"":""entire_structure"",""evidence_level"":""documented"",""taxonomy_version"":""hydraulic-v2""}","High","true","","Beam bridge","Reinforced concrete","","","","Standard","Total collapse of a provincial bridge over the Chisone stream near Inverso Pinasca (Torino) on 13-16 October 2000, as part of the catastrophic alluvione. Documented in the ARPA Piemonte official report (Val Chisone area). Total collapse during the catastrophic alluvione of 13-16 October 2000 that struck over 50% of Piemonte, causing more than 1,800 documented damage events. The ARPA Piemonte report (2003) explicitly documents multiple bridge collapses across the Stura di Lanzo, Orco, Chisone, Dora Riparia, Dora Baltea and Po basins. The event is comparable in scale to the 1994 alluvione del Piemonte. No fatalities directly attributed to this specific collapse. Rapporto d'evento Regione Piemonte - Direzione Servizi Tecnici di Prevenzione (aprile 2001): distruzione completa del ponte di collegamento con Inverso Pinasca per erosioni di fondo del Chisone (loc. Ponte Inverso)."
"IT00.10.31","san-germano-chisone-2000-1","2000-10-13","San Germano Chisone","Torino","201","torino","Torino","validated","Piemonte","44.8674","7.3348","waterway","Chisone stream","Railway","TC","0","0","true","Natural","Hydraulic","Flood","Scour","Multiple components","Documented","{""trigger"":""flood"",""failure_process"":""scour"",""component_involved"":""multiple_components"",""evidence_level"":""documented"",""taxonomy_version"":""hydraulic-v2""}","High","true","","Truss","Steel","","","","Standard","Total collapse of a railway bridge over the Chisone stream near San Germano Chisone (Torino) on 13-16 October 2000, as part of the catastrophic alluvione. Documented in the ARPA Piemonte official report (Val Chisone railway area). Total collapse during the catastrophic alluvione of 13-16 October 2000 that struck over 50% of Piemonte, causing more than 1,800 documented damage events. The ARPA Piemonte report (2003) explicitly documents multiple bridge collapses across the Stura di Lanzo, Orco, Chisone, Dora Riparia, Dora Baltea and Po basins. The event is comparable in scale to the 1994 alluvione del Piemonte. No fatalities directly attributed to this specific collapse. Database ponti fluviali danneggiati di D'Angelo, Ballio & Ravazzani (2025), IJDRR, suppl. S3, record P030 (dec=1; abbinato per anno 2000 + coordinate, dist. 0.00 km): processo = erosione verticale (scour) + erosione laterale di sponda; componenti danneggiate = pile, rilevato di accesso, impalcato; evidenza di sormonto = no."
"IT00.10.32","pont-canavese-2000-1","2000-10-13","Pont Canavese","Torino","201","torino","Torino","validated","Piemonte","45.4149","7.6132","waterway","Orco stream","Railway","PC","0","0","true","Natural","Hydraulic","Flood","Bank erosion / embankment failure","Approach embankment","Documented","{""trigger"":""flood"",""failure_process"":""bank_erosion_or_embankment_failure"",""component_involved"":""approach_embankment"",""evidence_level"":""documented"",""taxonomy_version"":""hydraulic-v2""}","High","true","","Truss","Steel","","","","Standard","Partial collapse of a railway bridge over the Orco stream near Pont Canavese (Torino) on 13-16 October 2000, as part of the catastrophic alluvione. Documented in the ARPA Piemonte official report (Pont Canavese railway area). Total collapse during the catastrophic alluvione of 13-16 October 2000 that struck over 50% of Piemonte, causing more than 1,800 documented damage events. The ARPA Piemonte report (2003) explicitly documents multiple bridge collapses across the Stura di Lanzo, Orco, Chisone, Dora Riparia, Dora Baltea and Po basins. The event is comparable in scale to the 1994 alluvione del Piemonte. No fatalities directly attributed to this specific collapse. Monografia 'Eventi alluvionali in Piemonte 2000-2002' (Regione Piemonte/ARPA, 2003): a valle della confluenza con il Soana la piena dell'Orco danneggio' la linea ferroviaria (Canavesana) asportando sia in destra sia in sinistra i rilevati di accesso al ponte ferroviario di Pont Canavese."
"IT00.10.33","pont-canavese-2000-2","2000-10-13","Pont Canavese","Torino","201","torino","Torino","validated","Piemonte","45.4178","7.5639","waterway","Orco stream","Municipal","TC","0","0","true","Natural","Hydraulic","Flood","Bank erosion / embankment failure","Multiple components","Documented","{""trigger"":""flood"",""failure_process"":""bank_erosion_or_embankment_failure"",""component_involved"":""multiple_components"",""evidence_level"":""documented"",""taxonomy_version"":""hydraulic-v2""}","High","true","","Beam bridge","Reinforced concrete","","","","Standard","Total collapse of a municipal bridge over the Orco stream near Pont Canavese (Torino) on 13-16 October 2000, as part of the catastrophic alluvione. Documented in the ARPA Piemonte official report (Pont Canavese area). Total collapse during the catastrophic alluvione of 13-16 October 2000 that struck over 50% of Piemonte, causing more than 1,800 documented damage events. The ARPA Piemonte report (2003) explicitly documents multiple bridge collapses across the Stura di Lanzo, Orco, Chisone, Dora Riparia, Dora Baltea and Po basins. The event is comparable in scale to the 1994 alluvione del Piemonte. No fatalities directly attributed to this specific collapse. Database ponti fluviali danneggiati di D'Angelo, Ballio & Ravazzani (2025), IJDRR, suppl. S3, record P034 (dec=1; abbinato per anno 2000 + coordinate, dist. 0.00 km): processo = erosione laterale di sponda; componenti danneggiate = spalle, rilevato di accesso; evidenza di sormonto = no."
"IT00.10.34","porte-2000","2000-10-13","Porte","Torino","201","torino","Torino","validated","Piemonte","44.8897","7.26","waterway","Chisone stream","Provincial/Regional","PC","0","0","true","Natural","Hydraulic","Flood","Bank erosion / embankment failure","Abutment","Documented","{""trigger"":""flood"",""failure_process"":""bank_erosion_or_embankment_failure"",""component_involved"":""abutment"",""evidence_level"":""documented"",""taxonomy_version"":""hydraulic-v2""}","High","true","","Beam bridge","Reinforced concrete","","","","Standard","Partial collapse of a provincial bridge over the Chisone stream near Porte (Torino) on 13-16 October 2000, as part of the catastrophic alluvione. Documented in the ARPA Piemonte official report (Val Chisone area). Total collapse during the catastrophic alluvione of 13-16 October 2000 that struck over 50% of Piemonte, causing more than 1,800 documented damage events. The ARPA Piemonte report (2003) explicitly documents multiple bridge collapses across the Stura di Lanzo, Orco, Chisone, Dora Riparia, Dora Baltea and Po basins. The event is comparable in scale to the 1994 alluvione del Piemonte. No fatalities directly attributed to this specific collapse. Rapporto d'evento Regione Piemonte - Direzione Servizi Tecnici di Prevenzione (aprile 2001): asportata la spalla destra del ponte Palestro sul Chisone; la sezione inadeguata e l'accumulo di resti vegetali trattenuti dalla ringhiera hanno deviato i deflussi in destra, erodendo spalla e strada di accesso per ~40 m."
"IT00.10.35","san-benigno-canavese-2000","2000-10-13","San Benigno Canavese","Torino","201","torino","Torino","validated","Piemonte","45.2412","7.8103","waterway","Orco stream","Motorway","TC","0","0","true","Natural","Hydraulic","Flood","Scour","Multiple components","Documented","{""trigger"":""flood"",""failure_process"":""scour"",""component_involved"":""multiple_components"",""evidence_level"":""documented"",""taxonomy_version"":""hydraulic-v2""}","High","true","","Beam bridge","Reinforced concrete","","","","Standard","Total collapse of a motorway bridge over the Orco stream near San Benigno Canavese (Torino) on 13-16 October 2000, as part of the catastrophic alluvione. Documented in the ARPA Piemonte official report (A4 Torino-Milano area). Total collapse during the catastrophic alluvione of 13-16 October 2000 that struck over 50% of Piemonte, causing more than 1,800 documented damage events. The ARPA Piemonte report (2003) explicitly documents multiple bridge collapses across the Stura di Lanzo, Orco, Chisone, Dora Riparia, Dora Baltea and Po basins. The event is comparable in scale to the 1994 alluvione del Piemonte. No fatalities directly attributed to this specific collapse. Database ponti fluviali danneggiati di D'Angelo, Ballio & Ravazzani (2025), IJDRR, suppl. S3, record P036 (dec=1; abbinato per anno 2000 + coordinate, dist. 0.00 km): processo = erosione verticale (scour); componenti danneggiate = pile, impalcato; evidenza di sormonto = no. [Nota QA precedente: i rapporti regionali 2001/2003 non documentavano crolli autostradali a San Benigno (solo erosioni di scogliere presso il ponte SP40); il record Polimi P036 (dec=1) documenta invece il crollo totale per scour con danno a impalcato e pile: la verifica incrociata resta opportuna.]"
"IT00.10.36","pragelato-2000","2000-10-13","Pragelato","Torino","201","torino","Torino","validated","Piemonte","45.0302","6.9602","waterway","Chisone stream","Provincial/Regional","TC","0","0","true","Natural","Hydraulic","Flood","Bank erosion / embankment failure","Abutment","Documented","{""trigger"":""flood"",""failure_process"":""bank_erosion_or_embankment_failure"",""component_involved"":""abutment"",""evidence_level"":""documented"",""taxonomy_version"":""hydraulic-v2""}","High","true","","Beam bridge","Reinforced concrete","","","","Standard","Total collapse of a provincial bridge over the Chisone stream near Pragelato (Torino) on 13-16 October 2000, as part of the catastrophic alluvione. Documented in the ARPA Piemonte official report (Val Chisone area). Total collapse during the catastrophic alluvione of 13-16 October 2000 that struck over 50% of Piemonte, causing more than 1,800 documented damage events. The ARPA Piemonte report (2003) explicitly documents multiple bridge collapses across the Stura di Lanzo, Orco, Chisone, Dora Riparia, Dora Baltea and Po basins. The event is comparable in scale to the 1994 alluvione del Piemonte. No fatalities directly attributed to this specific collapse. Monografia 'Eventi alluvionali in Piemonte 2000-2002' (Regione Piemonte/ARPA, 2003): il ponte di accesso alla frazione Soucheres Basses e' stato distrutto per erosione della spalla destra, a valle del restringimento d'alveo del Chisone (conferma documentale dell'attribuzione gia' indicata come probabile dal rapporto 2001)."
"IT00.10.37","quincinetto-2000","2000-10-13","Quincinetto","Torino","201","torino","Torino","validated","Piemonte","45.5703","7.8055","waterway","Dora Baltea river","Railway","PC","0","0","true","Natural","Hydraulic","Flood","Overtopping / hydrodynamic action","Entire structure","Documented","{""trigger"":""flood"",""failure_process"":""overtopping_or_hydrodynamic_action"",""component_involved"":""entire_structure"",""evidence_level"":""documented"",""taxonomy_version"":""hydraulic-v2""}","High","true","","Truss","Steel","","","","Standard","Partial collapse of a railway bridge over the Dora Baltea river near Quincinetto (Torino) on 13-16 October 2000, as part of the catastrophic alluvione. Documented in the ARPA Piemonte official report (Torino-Aosta railway area). Total collapse during the catastrophic alluvione of 13-16 October 2000 that struck over 50% of Piemonte, causing more than 1,800 documented damage events. The ARPA Piemonte report (2003) explicitly documents multiple bridge collapses across the Stura di Lanzo, Orco, Chisone, Dora Riparia, Dora Baltea and Po basins. The event is comparable in scale to the 1994 alluvione del Piemonte. No fatalities directly attributed to this specific collapse. Monografia 'Eventi alluvionali in Piemonte 2000-2002' (Regione Piemonte/ARPA, 2003): i processi piu' intensi a Quincinetto si verificarono in corrispondenza del ponte della ferrovia Torino-Aosta, 'abbattuto dalla piena' della Dora Baltea; a Balmablengo furono inoltre asportati ~350 m di rilevato ferroviario e il rilevato autostradale A5, sormontato per >380 m, fu eroso al piede dalle acque tracimanti."
"IT00.10.38","san-germano-chisone-2000-2","2000-10-13","San Germano Chisone","Torino","201","torino","Torino","validated","Piemonte","44.9147","7.2435","waterway","Chisone stream","Provincial/Regional","PC","0","0","true","Natural","Hydraulic","Flood","Bank erosion / embankment failure","Multiple components","Documented","{""trigger"":""flood"",""failure_process"":""bank_erosion_or_embankment_failure"",""component_involved"":""multiple_components"",""evidence_level"":""documented"",""taxonomy_version"":""hydraulic-v2""}","High","true","","Beam bridge","Reinforced concrete","","","","Standard","Partial collapse of a provincial bridge over the Chisone stream near San Germano Chisone (Torino) on 13-16 October 2000, as part of the catastrophic alluvione. Documented in the ARPA Piemonte official report (Val Chisone area). Total collapse during the catastrophic alluvione of 13-16 October 2000 that struck over 50% of Piemonte, causing more than 1,800 documented damage events. The ARPA Piemonte report (2003) explicitly documents multiple bridge collapses across the Stura di Lanzo, Orco, Chisone, Dora Riparia, Dora Baltea and Po basins. The event is comparable in scale to the 1994 alluvione del Piemonte. No fatalities directly attributed to this specific collapse. Database ponti fluviali danneggiati di D'Angelo, Ballio & Ravazzani (2025), IJDRR, suppl. S3, record P039 (dec=1; abbinato per anno 2000 + coordinate, dist. 0.00 km): processo = erosione laterale di sponda; componenti danneggiate = spalle, rilevato di accesso; evidenza di sormonto = no."
"IT00.10.39","pianetto-2000","2000-10-13","Pianetto","Torino","201","torino","Torino","validated","Piemonte","45.5388","7.5752","waterway","Soana stream","Provincial/Regional","PC","0","0","true","Natural","Hydraulic","Flood","Bank erosion / embankment failure","Abutment","Documented","{""trigger"":""flood"",""failure_process"":""bank_erosion_or_embankment_failure"",""component_involved"":""abutment"",""evidence_level"":""documented"",""taxonomy_version"":""hydraulic-v2""}","High","true","","Beam bridge","Reinforced concrete","","","","Standard","Partial collapse of a provincial bridge over the Soana stream near Pianetto (Torino) on 13-16 October 2000, as part of the catastrophic alluvione. Documented in the ARPA Piemonte official report (Valle Soana area). Total collapse during the catastrophic alluvione of 13-16 October 2000 that struck over 50% of Piemonte, causing more than 1,800 documented damage events. The ARPA Piemonte report (2003) explicitly documents multiple bridge collapses across the Stura di Lanzo, Orco, Chisone, Dora Riparia, Dora Baltea and Po basins. The event is comparable in scale to the 1994 alluvione del Piemonte. No fatalities directly attributed to this specific collapse. Rapporto d'evento Regione Piemonte - Direzione Servizi Tecnici di Prevenzione (aprile 2001): piena del Soana a Pianetto: erosione della sponda destra con danneggiamento della spalla del ponte."
"IT00.10.40","alagna-2000","2000-10-13","Alagna","Vercelli","2","vercelli","Vercelli","validated","Piemonte","45.8477","7.9395","waterway","Otro stream","Municipal","PC","0","0","true","Natural","Hydraulic","Flood","Bank erosion / embankment failure","Abutment","Documented","{""trigger"":""flood"",""failure_process"":""bank_erosion_or_embankment_failure"",""component_involved"":""abutment"",""evidence_level"":""documented"",""taxonomy_version"":""hydraulic-v2""}","High","true","","Beam bridge","Reinforced concrete","","","","Standard","Partial collapse of a municipal bridge over the Otro stream near Alagna Valsesia (Vercelli) on 13-16 October 2000, as part of the catastrophic alluvione. Documented in the ARPA Piemonte official report (Valle Otro area). Total collapse during the catastrophic alluvione of 13-16 October 2000 that struck over 50% of Piemonte, causing more than 1,800 documented damage events. The ARPA Piemonte report (2003) explicitly documents multiple bridge collapses across the Stura di Lanzo, Orco, Chisone, Dora Riparia, Dora Baltea and Po basins. The event is comparable in scale to the 1994 alluvione del Piemonte. No fatalities directly attributed to this specific collapse. Rapporto d'evento Regione Piemonte - Direzione Servizi Tecnici di Prevenzione (aprile 2001): piena del torrente Otro in loc. Resiga-Otro (Alagna): erosione in sinistra con asportazione pressoche' totale della spalla del ponte. (Il rapporto lo definisce 'ponte statale'; il DB lo registra come municipale: verificare.)"
"IT00.10.41","vercelli-2000","2000-10-13","Rondissone","Torino","201","torino","Torino","coordinate_mismatch","Piemonte","45.249","7.99","waterway","Dora Baltea river","Motorway","PC","0","0","true","Natural","Hydraulic","Flood","Bank erosion / embankment failure","Approach embankment","Documented","{""trigger"":""flood"",""failure_process"":""bank_erosion_or_embankment_failure"",""component_involved"":""approach_embankment"",""evidence_level"":""documented"",""taxonomy_version"":""hydraulic-v2""}","High","true","A4 Milano–Torino bridge over Dora Baltea","Beam bridge","Reinforced concrete","","","","Standard","Partial collapse / severe damage of the A4 Milano–Torino crossing over the Dora Baltea near Rondissone during the October 2000 flood. The ANPA post-event report documents failure of the bridge-side/approach area and states that the partial collapse was caused by a derivation channel formed by the floodwaters rather than by direct action of the main river. D'Angelo, Ballio & Ravazzani (2025), record P046, classifies the governing process as approach-embankment/lateral erosion."
"IT00.10.42","issime-2000","2000-10-13","Issime","Aosta","7","aosta","Aosta","validated","Valle d'Aosta (Valle d'Aoste)","45.6771","7.8571","waterway","Lys stream","Municipal","TC","0","0","true","Natural","Hydraulic","Flood","Bank erosion / embankment failure","","Documented","{""trigger"":""flood"",""failure_process"":""bank_erosion_or_embankment_failure"",""component_involved"":null,""evidence_level"":""documented"",""taxonomy_version"":""hydraulic-v2""}","High","true","","Beam bridge","Reinforced concrete","","","","Standard","Total collapse of a municipal bridge over the Lys stream in Issime (Aosta, Valle d'Aosta) on 13-16 October 2000. The Regione VdA Casa e Pericoli register for Issime explicitly documents the collapse of the Ponte del Giubileo during the October 2000 alluvione, which devastated the Val del Lys with 320mm of rainfall. Total collapse during the catastrophic alluvione of 13-16 October 2000 in Valle d'Aosta, which caused 20 deaths and €1.5 billion of damage. The Regione VdA documentation explicitly records bridge collapses across the Lys valley (Issime) during the event, which produced 320mm rainfall in the Lys basin and 456mm in Cogne — both well above the 220mm regional average. No fatalities directly attributed to this specific collapse. Database ponti fluviali danneggiati di D'Angelo, Ballio & Ravazzani (2025), IJDRR, suppl. S3, record P187 (dec=1; abbinato per anno 2000 + coordinate, dist. 0.00 km): processo = erosione laterale di sponda; componenti danneggiate = non specificate; evidenza di sormonto = no."
"IT00.10.43","comune-di-strambino-2000","2000-10-13","Comune di Strambino","Torino","201","torino","Torino","validated","Piemonte","45.4133","7.8924","waterway","Chiusella stream","Railway","TC","0","0","true","Natural","Hydraulic","Flood","Overtopping / hydrodynamic action","Entire structure","Documented","{""trigger"":""flood"",""failure_process"":""overtopping_or_hydrodynamic_action"",""component_involved"":""entire_structure"",""evidence_level"":""documented"",""taxonomy_version"":""hydraulic-v2""}","High","true","","Beam bridge","Steel","","","","Standard","Total collapse of a railway bridge over the Chiusella stream near Strambino (Torino) on 13-16 October 2000, as part of the catastrophic alluvione. Documented in the ARPA Piemonte official report (Canavese railway area). Total collapse during the catastrophic alluvione of 13-16 October 2000 that struck over 50% of Piemonte, causing more than 1,800 documented damage events. The ARPA Piemonte report (2003) explicitly documents multiple bridge collapses across the Stura di Lanzo, Orco, Chisone, Dora Riparia, Dora Baltea and Po basins. The event is comparable in scale to the 1994 alluvione del Piemonte. No fatalities directly attributed to this specific collapse. Rapporto d'evento Regione Piemonte - Direzione Servizi Tecnici di Prevenzione (aprile 2001): il ponte sul Chiusella della ferrovia Torino-Aosta e' stato sormontato e successivamente asportato dalle acque, alimentate anche dalla Dora riversatasi nel rio Ribes e nel Chiusella."
"IT00.11.01","filattiera-2000","2000-11-13","Filattiera","Massa Carrara","45","massa-carrara","Massa-Carrara","validated","Toscana","44.349968","9.909742","waterway","Orzanella stream","Provincial/Regional","TC","1","0","true","Natural","Hydraulic","Flood","","","Unspecified","{""trigger"":""flood"",""failure_process"":null,""component_involved"":null,""evidence_level"":""unspecified"",""taxonomy_version"":""hydraulic-v2""}","High","false","","Beam bridge","Reinforced concrete","","","","Standard","Total collapse of a provincial/regional bridge over the Orzanella stream near Filattiera (Massa-Carrara, Tuscany) on 13 November 2000, triggered by hydraulic forces during intense autumn rainfall. One person was killed in the collapse. Filattiera is a municipality in the Lunigiana area of the Apennines, where the Orzanella flows into the Magra river system. Piena documentata; meccanismo di dettaglio non ricostruibile dalle fonti disponibili."
"IT00.12.01","occhiobello-2000","2000-12-15","Occhiobello","Rovigo","29","rovigo","Rovigo","validated","Veneto","44.9225383726766","11.5899362532973","road","A13","Provincial/Regional","TC","1","1","true","Human-induced","Impact","Vehicle impact","Knocked down by external action","Deck / superstructure","Documented","","High","true","","","Reinforced concrete","","","","Standard","Total collapse of a provincial/regional bridge over the A13 motorway near Occhiobello (Rovigo, Veneto) on 15 December 2000, caused by the impact of a heavy goods vehicle (Human-induced/Impact). One person was killed in the collapse. Occhiobello is a municipality in the Po delta area where the A13 motorway crosses the Po river and connects Padova to Bologna."
"IT01.03.01","bologna-2001","2001-03-17","Bologna","Bologna","237","bologna","Bologna","validated","Emilia-Romagna","44.5040572644014","11.3536555374575","railway","Bologna railway node","Municipal","TC","0","0","true","Human-induced","Design and Construction","Excavation / construction works","Other documented mode","Abutment","Probable","","Medium","true","Ponte di via Stalingrado","Beam bridge","Reinforced concrete","","","","Standard","Collapse of the Ponte di via Stalingrado in Bologna in 2001. A retrospective report quoting contemporary coverage states that the 1930s bridge subsided/collapsed next to a construction site where excavation was underway at the base of the retaining wall. The exact structural mechanism is not available; excavation/construction works and the abutment/retaining-wall area are therefore classified as probable."
"IT02.05.01","germignaga-2002","2002-05-03","Germignaga","Varese","12","varese","Varese","validated","Lombardia","45.9894","8.7365","waterway","Margorabbia stream","Cycle-pedestrian","TC","0","0","true","Natural","Hydraulic","Flood","Scour","Multiple components","Documented","{""trigger"":""flood"",""failure_process"":""scour"",""component_involved"":""multiple_components"",""evidence_level"":""documented"",""taxonomy_version"":""hydraulic-v2""}","Medium","true","","Beam bridge","Reinforced concrete","","","","Standard","Total collapse of a cycle-pedestrian bridge over the Margorabbia stream near Germignaga (Varese, Lombardy) on 3 May 2002, triggered by hydraulic forces during spring rainfall. The Margorabbia is a stream flowing from Lake Maggiore's hinterland. No fatalities or injuries were reported. Database ponti fluviali danneggiati di D'Angelo, Ballio & Ravazzani (2025), IJDRR 'Geomorphologic risk factors for river bridges', suppl. S3, record P100 (accuratezza diagnosi dec=1): processo = erosione verticale (scour); componenti danneggiate = pile, impalcato; evidenza di sormonto = no."
"IT02.06.01","netro-2002","2002-06-05","Netro","Biella","96","biella","Biella","validated","Piemonte","45.5415","7.9595","waterway","Rio Ara","Municipal","TC","0","0","true","Natural","Hydraulic","Flood","Overtopping / hydrodynamic action","Entire structure","Probable","{""trigger"":""flood"",""failure_process"":""overtopping_or_hydrodynamic_action"",""component_involved"":""entire_structure"",""evidence_level"":""probable"",""taxonomy_version"":""hydraulic-v2""}","High","true","","Beam bridge","Reinforced concrete","","","","Standard","Total collapse of a municipal bridge over the Rio Ara near Netro (Biella, Piemonte) on 5 June 2002, part of the major Valle Cervo flood event. Total collapse during the major flood event that struck the Valle Cervo and Biellese on 5 June 2002. The Cervo river and its tributaries (Rio Ara, Rio Borghesi, Rio Piaro) overflowed catastrophically, destroying multiple bridges on 5 June 2002. The 2002 alluvione is documented as one of the two major flood events in the Cervo valley's modern history alongside the devastating 1968 flood (58 deaths). No fatalities or injuries were reported from this specific collapse. ARPA Piemonte, Quaderno n.19 'Evento alluvionale del 4-6 giugno 2002 nel territorio biellese' (2004): la frazione Colla di Netro resto' a lungo isolata per la distruzione del ponte sul rio Ara ad opera della piena (foto nel rapporto); i danni in valle Elvo sono attribuiti a intensi processi di erosione e trasporto negli alvei, senza ulteriore dettaglio sul meccanismo del singolo manufatto. [Il database Polimi (D'Angelo et al. 2025, S3, record P101, dec=0.5) classifica invece il processo come: altro processo (es. colata detritica/frana).]"
"IT02.06.02","campiglia-cervo-2002-1","2002-06-05","Campiglia Cervo","Biella","96","biella","Biella","validated","Piemonte","45.662","8.002","waterway","Rio Borghesi","Provincial/Regional","TC","0","0","true","Natural","Hydraulic","Flood","Debris flow / solid transport","Entire structure","Documented","{""trigger"":""flood"",""failure_process"":""debris_flow_or_solid_transport"",""component_involved"":""entire_structure"",""evidence_level"":""documented"",""taxonomy_version"":""hydraulic-v2""}","High","true","","Arch bridge","Reinforced concrete","","","","Standard","Total collapse of a provincial/regional bridge over the Rio Borghesi near Campiglia Cervo (Biella, Piemonte) on 5 June 2002, part of the major Valle Cervo flood event. Total collapse during the major flood event that struck the Valle Cervo and Biellese on 5 June 2002. The Cervo river and its tributaries (Rio Ara, Rio Borghesi, Rio Piaro) overflowed catastrophically, destroying multiple bridges on 5 June 2002. The 2002 alluvione is documented as one of the two major flood events in the Cervo valley's modern history alongside the devastating 1968 flood (58 deaths). No fatalities or injuries were reported from this specific collapse. ARPA Piemonte, Quaderno n.19 'Evento alluvionale del 4-6 giugno 2002 nel territorio biellese' (2004): lungo il rio Borghesi si genero' un fenomeno di trasporto in massa a carattere impulsivo che asporto' completamente il ponte ad arco sulla SP100, semidistrusse una casa e danneggio' le fondamenta di una seconda, tagliando in due il centro abitato e isolando l'alta valle."
"IT02.06.03","biella-2002","2002-06-05","Biella","Biella","96","biella","Biella","validated","Piemonte","45.5753","8.0526","waterway","Cervo stream","Cycle-pedestrian","TC","0","0","true","Natural","Hydraulic","Flood","Overtopping / hydrodynamic action","Entire structure","Documented","{""trigger"":""flood"",""failure_process"":""overtopping_or_hydrodynamic_action"",""component_involved"":""entire_structure"",""evidence_level"":""documented"",""taxonomy_version"":""hydraulic-v2""}","High","true","","Beam bridge","Reinforced concrete","","","","Standard","Total collapse of a cycle-pedestrian bridge over the Cervo stream in Biella (Piemonte) on 5 June 2002, part of the major Valle Cervo flood event. Total collapse during the major flood event that struck the Valle Cervo and Biellese on 5 June 2002. The Cervo river and its tributaries (Rio Ara, Rio Borghesi, Rio Piaro) overflowed catastrophically, destroying multiple bridges on 5 June 2002. The 2002 alluvione is documented as one of the two major flood events in the Cervo valley's modern history alongside the devastating 1968 flood (58 deaths). No fatalities or injuries were reported from this specific collapse. ARPA Piemonte, Quaderno n.19 'Evento alluvionale del 4-6 giugno 2002 nel territorio biellese' (2004): a Biella, poco a valle della confluenza con il T. Oropa, la passerella in pietra di inizio '800 ('Ponte delle Signore', collegamento tra le fabbriche dell'ex Lanificio Pria) fu completamente asportata dalle acque del Cervo, con profonde erosioni laterali e mobilizzazione del materiale in alveo."
"IT02.06.04","campiglia-cervo-2002-2","2002-06-05","Campiglia Cervo","Biella","96","biella","Biella","validated","Piemonte","45.6641","7.9984","waterway","Rio Piaro","Cycle-pedestrian","TC","0","0","true","Natural","Hydraulic","Flood","Debris flow / solid transport","Entire structure","Probable","{""trigger"":""flood"",""failure_process"":""debris_flow_or_solid_transport"",""component_involved"":""entire_structure"",""evidence_level"":""probable"",""taxonomy_version"":""hydraulic-v2""}","High","true","","Beam bridge","Reinforced concrete","","","","Standard","Total collapse of a cycle-pedestrian bridge over the Rio Piaro near Campiglia Cervo (Biella, Piemonte) on 5 June 2002, part of the major Valle Cervo flood event. Total collapse during the major flood event that struck the Valle Cervo and Biellese on 5 June 2002. The Cervo river and its tributaries (Rio Ara, Rio Borghesi, Rio Piaro) overflowed catastrophically, destroying multiple bridges on 5 June 2002. The 2002 alluvione is documented as one of the two major flood events in the Cervo valley's modern history alongside the devastating 1968 flood (58 deaths). No fatalities or injuries were reported from this specific collapse. ARPA Piemonte, Quaderno n.19 'Evento alluvionale del 4-6 giugno 2002 nel territorio biellese' (2004): la carta dei processi del rio Piaro (colata di detrito con violento trasporto in massa che ostrui' la SP100 e invase il concentrico) mappa un 'ponte asportato' in corrispondenza dell'asta; nello stesso comune il rapporto documenta anche la demolizione di un ponte pedonale sul rio degli Ondini in loc. Migliacco: la corrispondenza puntuale della scheda va verificata tra i due."
"IT02.06.05","valsavarenche-2002-1","2002-06-23","Valsavarenche","Aosta","7","aosta","Aosta","validated","Valle d'Aosta (Valle d'Aoste)","45.6025","7.2036","waterway","Maisoncle stream","Provincial/Regional","TC","0","0","true","Natural","Hydraulic","Flood","Overtopping / hydrodynamic action","Deck / superstructure","Documented","{""trigger"":""flood"",""failure_process"":""overtopping_or_hydrodynamic_action"",""component_involved"":""deck_or_superstructure"",""evidence_level"":""documented"",""taxonomy_version"":""hydraulic-v2""}","Medium","true","","Beam bridge","Reinforced concrete","","","","Standard","Total collapse of a provincial/regional bridge over the Maisoncle stream in Valsavarenche (Aosta, Valle d'Aosta) on 23 June 2002, part of the intense summer rainfall event that struck the Gran Paradiso area. A second bridge on the same stream collapsed on the same day (B02.06.06). No fatalities or injuries were reported. Database ponti fluviali danneggiati di D'Angelo, Ballio & Ravazzani (2025), IJDRR 'Geomorphologic risk factors for river bridges', suppl. S3, record P109 (accuratezza diagnosi dec=1): processo = carico idraulico sulla struttura; componenti danneggiate = impalcato; evidenza di sormonto = yes."
"IT02.06.06","valsavarenche-2002-2","2002-06-23","Valsavarenche","Aosta","7","aosta","Aosta","validated","Valle d'Aosta (Valle d'Aoste)","45.6162","7.2007","waterway","Maisoncle stream","Provincial/Regional","TC","0","0","true","Natural","Hydraulic","Flood","Overtopping / hydrodynamic action","Multiple components","Probable","{""trigger"":""flood"",""failure_process"":""overtopping_or_hydrodynamic_action"",""component_involved"":""multiple_components"",""evidence_level"":""probable"",""taxonomy_version"":""hydraulic-v2""}","Medium","true","","Beam bridge","Reinforced concrete","","","","Standard","Total collapse of a second provincial/regional bridge over the Maisoncle stream in Valsavarenche (Aosta, Valle d'Aosta) on 23 June 2002, part of the same intense summer rainfall event that caused B02.06.05. No fatalities or injuries were reported. Database ponti fluviali danneggiati di D'Angelo, Ballio & Ravazzani (2025), IJDRR 'Geomorphologic risk factors for river bridges', suppl. S3, record P110 (accuratezza diagnosi dec=0.5): processo = carico idraulico sulla struttura; componenti danneggiate = rilevato di accesso, impalcato; evidenza di sormonto = yes."
"IT02.07.01","entracque-2002","2002-07-15","Entracque","Cuneo","4","cuneo","Cuneo","validated","Piemonte","44.2338709247872","7.3977410888111","waterway","Gesso stream","Municipal","PC","0","0","true","Natural","Hydraulic","Flood","","","Unspecified","{""trigger"":""flood"",""failure_process"":null,""component_involved"":null,""evidence_level"":""unspecified"",""taxonomy_version"":""hydraulic-v2""}","High","true","","Beam bridge","Reinforced concrete","","","","Standard","Partial collapse of a municipal bridge over the Gesso stream near Entracque (Cuneo, Piemonte) on 15 July 2002. Total collapse during the major summer flood that struck the Valle Gesso on 15 July 2002. The Gesso torrent overflowed destroying multiple bridges in a single day. The Valle Gesso is chronically flood-prone: major alluvioni struck in 2002 and again in October 2020 (which destroyed kilometres of roads and multiple bridges near Entracque, Valdieri and Roccavione). No fatalities or injuries were reported from this specific collapse. Piena documentata; meccanismo di dettaglio non ricostruibile dalle fonti disponibili."
"IT02.07.02","roccavione-2002","2002-07-15","Roccavione","Cuneo","4","cuneo","Cuneo","validated","Piemonte","44.3627","7.5406","waterway","Gesso stream","Cycle-pedestrian","TC","0","0","true","Natural","Hydraulic","Flood","Bank erosion / embankment failure","Multiple components","Documented","{""trigger"":""flood"",""failure_process"":""bank_erosion_or_embankment_failure"",""component_involved"":""multiple_components"",""evidence_level"":""documented"",""taxonomy_version"":""hydraulic-v2""}","High","true","","Beam bridge","Reinforced concrete","","","","Standard","Total collapse of a cycle-pedestrian bridge over the Gesso stream near Roccavione (Cuneo, Piemonte) on 15 July 2002. Total collapse during the major summer flood that struck the Valle Gesso on 15 July 2002. The Gesso torrent overflowed destroying multiple bridges in a single day. The Valle Gesso is chronically flood-prone: major alluvioni struck in 2002 and again in October 2020 (which destroyed kilometres of roads and multiple bridges near Entracque, Valdieri and Roccavione). No fatalities or injuries were reported from this specific collapse. Database ponti fluviali danneggiati di D'Angelo, Ballio & Ravazzani (2025), IJDRR 'Geomorphologic risk factors for river bridges', suppl. S3, record P111 (accuratezza diagnosi dec=1): processo = erosione laterale di sponda; componenti danneggiate = spalle, rilevato di accesso; evidenza di sormonto = no."
"IT02.07.03","boves-2002","2002-07-15","Boves","Cuneo","4","cuneo","Cuneo","validated","Piemonte","44.355413820189","7.53252380688468","waterway","Gesso stream","Cycle-pedestrian","TC","0","0","true","Natural","Hydraulic","Flood","","","Unspecified","{""trigger"":""flood"",""failure_process"":null,""component_involved"":null,""evidence_level"":""unspecified"",""taxonomy_version"":""hydraulic-v2""}","High","false","","Beam bridge","Reinforced concrete","","","","Standard","Total collapse of a cycle-pedestrian bridge over the Gesso stream near Boves (Cuneo, Piemonte) on 15 July 2002. Total collapse during the major summer flood that struck the Valle Gesso on 15 July 2002. The Gesso torrent overflowed destroying multiple bridges in a single day. The Valle Gesso is chronically flood-prone: major alluvioni struck in 2002 and again in October 2020 (which destroyed kilometres of roads and multiple bridges near Entracque, Valdieri and Roccavione). No fatalities or injuries were reported from this specific collapse. Piena documentata; meccanismo di dettaglio non ricostruibile dalle fonti disponibili."
"IT02.11.01","arquata-scrivia-2002","2002-11-26","Arquata Scrivia","Alessandria","6","alessandria","Alessandria","validated","Piemonte","44.6886","8.8998","waterway","Scrivia stream","Provincial/Regional","TC","0","0","true","Natural","Hydraulic","Flood","Scour","Multiple components","Documented","{""trigger"":""flood"",""failure_process"":""scour"",""component_involved"":""multiple_components"",""evidence_level"":""documented"",""taxonomy_version"":""hydraulic-v2""}","High","true","","Beam bridge","Reinforced concrete","","","","Standard","Total collapse of a provincial/regional bridge over the Scrivia stream near Arquata Scrivia (Alessandria, Piemonte) on 26 November 2002, triggered by autumn flooding. The Scrivia is a major Apennine tributary of the Po flowing through the Alessandria province; Arquata Scrivia lies at the foot of the Appennines where the Scrivia enters the plain. No fatalities or injuries were reported. Database ponti fluviali danneggiati di D'Angelo, Ballio & Ravazzani (2025), IJDRR 'Geomorphologic risk factors for river bridges', suppl. S3, record P112 (accuratezza diagnosi dec=1): processo = erosione verticale (scour); componenti danneggiate = pile, impalcato; evidenza di sormonto = no."
"IT03.01.01","montenero-2003","2003-01-25","Montenero","Campobasso","70","campobasso","Campobasso","validated","Molise","42.06","14.8","waterway","Trigno river","Provincial/Regional","TC","0","0","true","Natural","Hydraulic","Flood","Scour","Multiple components","Probable","{""trigger"":""flood"",""failure_process"":""scour"",""component_involved"":""multiple_components"",""evidence_level"":""probable"",""taxonomy_version"":""hydraulic-v2""}","High","true","Ponte sul Trigno","Arch bridge","Masonry","","","","Standard","Total collapse of the provincial road bridge over the Trigno river connecting Montenero di Bisaccia (Campobasso, Molise) with San Salvo (Chieti, Abruzzo) on 25 January 2003 at 12:58, triggered by the catastrophic flooding of the Trigno during a violent three-day alluvione. The fifth pier gave way in front of a crowd of onlookers, cutting the main road connection between Molise and Abruzzo for months. A temporary bailey bridge was opened in June 2003 as an emergency measure but suffered repeated flooding closures. Reconstruction began in December 2005 following prolonged bureaucratic delays between the provinces of Campobasso and Chieti. The new permanent bridge was inaugurated in December 2006. No fatalities or injuries were reported from this collapse. The same bridge structure collapsed again during the April 2026 Molise flood event. Database ponti fluviali danneggiati di D'Angelo, Ballio & Ravazzani (2025), IJDRR, suppl. S3, record P189 (dec=1): processo = erosione verticale (scour) + erosione del rilevato; componenti danneggiate = impalcato e pile; sormonto = no. Il rapporto locale documenta il crollo alle 12:58 del 25/01/2003 per piena eccezionale dopo tre giorni di pioggia, con marcata incisione dell'alveo del Trigno come fattore predisponente. ATTENZIONE: le coordinate della scheda distano ~250 km dalla posizione reale del ponte (41.778, 14.571 nel DB Polimi): correggere latitudine/longitudine."
"IT03.08.01","pontebba-2003","2003-08-29","Pontebba","Udine","30","udine","Udine","validated","Friuli-Venezia Giulia","46.4823","13.3001","waterway","Fella river","National","TC","0","0","true","Natural","Hydraulic","Flood","Overtopping / hydrodynamic action","Deck / superstructure","Documented","{""trigger"":""flood"",""failure_process"":""overtopping_or_hydrodynamic_action"",""component_involved"":""deck_or_superstructure"",""evidence_level"":""documented"",""taxonomy_version"":""hydraulic-v2""}","High","true","Ponte di Pietratagliata","Beam bridge","Reinforced concrete","","","","Standard","Total collapse of the bridge over the Fella river connecting the fraction of Pietratagliata to the SS13 Pontebbana national road near Pontebba (Udine, Friuli-Venezia Giulia) on 29 August 2003, caused by the catastrophic flash flood that struck the Val Canale and Canal del Ferro area, with 400mm falling in a few hours — one of the most intense precipitation events ever recorded in the eastern Italian Alps. The collapse isolated the fraction of Pietratagliata for days. The broader event caused 2 deaths (Gerti Schnabl in Ugovizza, Bruno Urli in Malborghetto) and mobilised 2,687 civil protection volunteers. Reconstruction of the bridge and the SS13 access road required 6 years and €13.4 million. No fatalities directly attributed to this specific collapse. Database ponti fluviali danneggiati di D'Angelo, Ballio & Ravazzani (2025), IJDRR 'Geomorphologic risk factors for river bridges', suppl. S3, record P047 (accuratezza diagnosi dec=1): processo = carico idraulico sulla struttura; componenti danneggiate = impalcato; evidenza di sormonto = sì."
"IT03.09.01","massafra-2003","2003-09-08","Massafra","Taranto","73","taranto","Taranto","validated","Puglia","40.6013116311144","17.0716591058672","urban area","Contrada Piano di Cernera","Provincial/Regional","TC","0","0","true","Natural","Hydraulic","Flood","","","Unspecified","{""trigger"":""flood"",""failure_process"":null,""component_involved"":null,""evidence_level"":""unspecified"",""taxonomy_version"":""hydraulic-v2""}","High","false","Ponte di Cernera","Beam bridge","Reinforced concrete","","","","Standard","Total collapse of the Ponte di Cernera on the SP (ex-SP41) in the Contrada Piano di Cernera, territory of Massafra (Taranto, Apulia) on 8 September 2003, caused by the catastrophic flash flood that struck the western Taranto province with 212mm of rain in less than 24 hours at Massafra, 225mm at Castellaneta. The broader event killed two people (Cosimo Filiberto Fanelli and Domenico Quarato) and caused €28 million of damage in Palagiano alone. No fatalities directly attributed to this specific bridge collapse. The bridge was subsequently rebuilt but collapsed again during the October 2005 flood (B05.10.01), requiring a second reconstruction project managed by PPV Consulting. Piena documentata; meccanismo di dettaglio non ricostruibile dalle fonti disponibili."
"IT04.10.01","torino-di-sangro-marina-2004","2004-10-24","Torino di Sangro Marina","Chieti","69","chieti","Chieti","validated","Abruzzo","42.2343","14.5409","waterway","Sangro river","National","TC","0","0","true","Natural","Hydraulic","Flood","Scour","Pier / foundation","Probable","{""trigger"":""flood"",""failure_process"":""scour"",""component_involved"":""pier_foundation"",""evidence_level"":""probable"",""taxonomy_version"":""hydraulic-v2""}","Medium","true","","Beam bridge","Reinforced concrete","","","","Standard","Total collapse of a national road bridge on the SS16 Adriatica over the Sangro river near Torino di Sangro Marina (Chieti, Abruzzo) on 24 October 2004, triggered by hydraulic forces during intense autumn rainfall causing the Sangro to flood. The Sangro is a major Abruzzese river flowing into the Adriatic Sea; its lower valley is prone to flooding during autumn and winter storms. No fatalities or injuries were reported. Citato nella letteratura tecnica (Convegno FABRE 2022) tra i crolli per scalzamento di pile in alveo."
"IT04.12.01","nuoro-2004","2004-12-08","Nuoro","Nuoro","91","nuoro","Nuoro","validated","Sardegna","40.3718","9.591","waterway","Taloro river","National","TC","0","0","true","Natural","Hydraulic","Flood","","","Unspecified","{""trigger"":""flood"",""failure_process"":null,""component_involved"":null,""evidence_level"":""unspecified"",""taxonomy_version"":""hydraulic-v2""}","Medium","true","","Beam bridge","Reinforced concrete","","","","Standard","Total collapse of a national road bridge over the Taloro river near Nuoro (Sardinia) on 8 December 2004, triggered by hydraulic forces during the severe autumn flooding that struck central Sardinia. The Taloro is a major tributary of the Tirso in the Nuoro province, known for powerful floods. No fatalities or injuries were reported. Piena documentata; meccanismo di dettaglio non ricostruibile dalle fonti disponibili."
"IT04.12.02","tramonti-di-sopra-2004","2004-12-15","Tramonti di Sopra","Pordenone","93","pordenone","Pordenone","validated","Friuli-Venezia Giulia","46.3068","12.7961","waterway","Vielia stream","National","TC","0","1","true","Human-induced","Design and Construction","Static load test","Bending","Deck / superstructure","Documented","","High","true","Ponte Chiavalir","Beam bridge","Steel","2004","2004","2004","Standard","Total collapse of the Ponte Chiavalir on the SR552 (Strada Regionale 552 del Passo Rest) over the torrente Vielia at Tramonti di Sopra (Pordenone, Friuli-Venezia Giulia) on 15 December 2004 at approximately 10:00, during a static load test (collaudo statico) one hour before the official commissioning ceremony. Three trucks loaded with gravel were placed on the 30-metre span to verify its structural capacity; the bridge bent into a V-shape and all three trucks fell into the Vielia stream. Driver Angelo Picotto (75, Mortegliano) was trapped in his cab and sustained non-serious injuries; the other two drivers escaped. Expert investigation attributed the collapse to missing bolts and irregularities in construction execution. In December 2011, the Cassazione confirmed convictions for 4 of 6 defendants: designer Michele Artusato (1 year), site manager Franco Fusciello (8 months), builders Walter Ortolan and Domenico Bruno (1 year 4 months), and surveyor Vigilio Ciriani (1 year). The DB lists municipality as Tramonti di Sotto — corrected to Tramonti di Sopra based on all sources."
"IT05.06.01","capo-di-ponte-2005","2005-06-27","Capo di Ponte","Brescia","17","brescia","Brescia","validated","Lombardia","46.0365","10.3479","waterway","Oglio river","National","TC","1","4","true","Human-induced","Design and Construction","Static load test","Other documented mode","Deck / superstructure","Documented","","High","true","","Beam bridge","Prestressed concrete","","","","Flagship","Total collapse of a national road bridge over the Oglio river on the SS42 del Tonale e della Mendola near Capo di Ponte (Brescia, Lombardy) on 27 June 2005. One person was killed and four were injured when the bridge structure failed. The collapse was attributed to design and construction defects. Capo di Ponte is a municipality in Val Camonica whose name derives from its historical position at the head of a bridge over the Oglio river; the SS42 is the main valley artery connecting the Brescia plain with the Alpine passes. The Procura di Brescia opened an investigation."
"IT05.10.01","massafra-2005","2005-10-08","Massafra","Taranto","73","taranto","Taranto","validated","Puglia","40.6171442428624","17.1290465724702","valley","Municipality of Massafra","Provincial/Regional","TC","0","0","true","Natural","Hydraulic","Flood","","","Unspecified","{""trigger"":""flood"",""failure_process"":null,""component_involved"":null,""evidence_level"":""unspecified"",""taxonomy_version"":""hydraulic-v2""}","Medium","true","","Beam bridge","Reinforced concrete","","","","Standard","Total collapse of a provincial/regional bridge over a valley (gravina) in the municipality of Massafra (Taranto, Apulia) on 8 October 2005, triggered by hydraulic forces during the intense autumn rainfall that struck the Taranto area. Massafra is known for its deep gravina ravine system. No fatalities or injuries were reported. Piena documentata; meccanismo di dettaglio non ricostruibile dalle fonti disponibili."
"IT05.10.02","cassano-delle-murge-2005","2005-10-23","Cassano delle Murge","Bari","272","bari","Bari","validated","Puglia","40.9103","16.7601","road","SP184","Provincial/Regional","TC","5","2","true","Natural","Hydraulic","Flood","Overtopping / hydrodynamic action","Multiple components","Documented","{""trigger"":""flood"",""failure_process"":""overtopping_or_hydrodynamic_action"",""component_involved"":""multiple_components"",""evidence_level"":""documented"",""taxonomy_version"":""hydraulic-v2""}","High","true","","Beam bridge","Reinforced concrete","","","","Flagship","Total collapse of the bridge on the SP184 provincial road over a dry riverbed near Cassano delle Murge (Bari, Apulia) on the night of 23 October 2005, triggered by the catastrophic rainfall event (equivalent to Apulia's entire annual average falling in three hours) that struck the Bari province. Five people were killed when their vehicles crossed or were near the bridge as it gave way. Two additional people were injured. The collapse occurred the night before the Eurostar 9410 train derailment (24 October 2005, 35 injured), both caused by the same exceptional meteorological event described by Protezione Civile president Guido Bertolaso as an 'exceptional climate event.' A car was also swept into the sea in Bari city during the same event, killing one more person. The broader event caused at least 7 deaths across Apulia. Database ponti fluviali danneggiati di D'Angelo, Ballio & Ravazzani (2025), IJDRR 'Geomorphologic risk factors for river bridges', suppl. S3, record P122 (accuratezza diagnosi dec=1): processo = carico idraulico sulla struttura; componenti danneggiate = spalle, impalcato; evidenza di sormonto = no."
"IT05.10.03","comune-di-adelfia-2005","2005-10-23","Comune di Adelfia","Bari","272","bari","Bari","validated","Puglia","41.0297","16.8336","road","SP21","Provincial/Regional","TC","0","0","true","Natural","Hydraulic","Flood","Bank erosion / embankment failure","Approach embankment","Probable","{""trigger"":""flood"",""failure_process"":""bank_erosion_or_embankment_failure"",""component_involved"":""approach_embankment"",""evidence_level"":""probable"",""taxonomy_version"":""hydraulic-v2""}","High","true","","Beam bridge","Reinforced concrete","","","","Standard","Total collapse of the bridge on the SP21 provincial road near Adelfia (Bari, Apulia) on 23 October 2005, triggered by the same catastrophic rainfall event that destroyed the Cassano delle Murge bridge and caused the Eurostar 9410 derailment. The collapse flooded many roads and contributed to the isolation of parts of the Bari hinterland. No fatalities directly attributed to this specific collapse. Database ponti fluviali danneggiati di D'Angelo, Ballio & Ravazzani (2025), IJDRR 'Geomorphologic risk factors for river bridges', suppl. S3, record P123 (accuratezza diagnosi dec=0.5): processo = erosione del rilevato in alveo/golena; componenti danneggiate = rilevato di accesso; evidenza di sormonto = yes."
"IT05.11.01","villanova-d-asti-2005","2005-11-15","Villanova d'Asti","Asti","5","asti","Asti","validated","Piemonte","44.963093","7.948959","railway","Torino-Genova","Cycle-pedestrian","TC","0","2","false","Human-induced","Design and Construction","No identifiable external trigger","","Deck / superstructure","Probable","","High","true","","","Steel","","","","Standard","Total collapse of a cycle-pedestrian overpass over the Turin-Genoa railway line near Villanova d'Asti (Asti, Piemonte) on 15 November 2005. The collapse was spontaneous (triggered=FALSE), caused by design and construction defects rather than an external trigger, and two people were injured. The overpass carried a cycle-pedestrian path over the active railway line. The event prompted RFI and local authorities to inspect similar structures in the Asti province."
"IT06.06.01","augusta-2006","2006-06-24","Augusta","Siracusa","89","siracusa","Siracusa","validated","Sicilia","37.282008","15.119461","valley","Municipality of Augusta","Motorway","TC","1","14","true","Human-induced","Impact","Vehicle impact","Knocked down by external action","Deck / superstructure","Documented","","High","true","","Beam bridge","Reinforced concrete","","","","Flagship","Total collapse of a motorway/national road viaduct near Augusta (Siracusa, Sicily) on 24 June 2006, caused by the impact of a heavy goods vehicle that struck the structure. One person was killed and 14 were injured in the collapse. The event occurred on a valley-crossing viaduct in the Augusta industrial port area. Augusta is a major industrial hub with significant heavy vehicle traffic, and the area has historically been served by the SS114 and the developing A18 corridor. The collapse prompted investigations by the Procura di Siracusa."
"IT06.09.01","vallecrosia-2006","2006-09-15","Vallecrosia","Imperia","8","imperia","Imperia","validated","Liguria","43.786557","7.640638","urban area","Crosia stream","Municipal","TC","0","0","true","Natural","Hydraulic","Flood","","","Unspecified","{""trigger"":""flood"",""failure_process"":null,""component_involved"":null,""evidence_level"":""unspecified"",""taxonomy_version"":""hydraulic-v2""}","Medium","true","","Beam bridge","Reinforced concrete","","","","Standard","Total collapse of a municipal bridge in the urban area over the Crosia stream in Vallecrosia (Imperia, Liguria) on 15 September 2006, triggered by hydraulic forces during intense autumn rainfall. Vallecrosia is a small coastal municipality in the Ponente Ligure where the Crosia is one of several minor streams that periodically flood during autumn storms. No fatalities or injuries were reported. Piena documentata; meccanismo di dettaglio non ricostruibile dalle fonti disponibili."
"IT08.05.01","frassino-2008","2008-05-28","Frassino","Cuneo","4","cuneo","Cuneo","validated","Piemonte","44.5709","7.2632","waterway","Varaita stream","Municipal","PC","0","0","true","Natural","Hydraulic","Flood","Bank erosion / embankment failure","Abutment","Documented","{""trigger"":""flood"",""failure_process"":""bank_erosion_or_embankment_failure"",""component_involved"":""abutment"",""evidence_level"":""documented"",""taxonomy_version"":""hydraulic-v2""}","Medium","true","","Beam bridge","Reinforced concrete","","","","Standard","Partial collapse of a municipal bridge over the Varaita stream near Frassino (Cuneo, Piemonte) on 28 May 2008, triggered by intense rainfall causing the Varaita to flood. Frassino is a small municipality in the Valle Varaita in the Cuneo Alps. The Varaita is prone to sudden summer floods following intense convective storms. No fatalities or injuries were reported. Rapporto preliminare sull'evento alluvionale del 28-30 maggio 2008 (ARPA Piemonte), schede di rilevamento: al Ponte del Cros (Frassino) l'attivita' torrentizia del Varaita erose la sponda destra a partire dal ponte: 'l'erosione di sponda ha prodotto la distruzione della spalla destra del ponte ed il conseguente crollo dell'impalcato per un tratto di circa 2 metri', nonostante durante la piena un mezzo meccanico liberasse la struttura dalla vegetazione fluitata."
"IT08.05.02","usseglio-2008","2008-05-29","Usseglio","Torino","201","torino","Torino","validated","Piemonte","45.2305","7.2173","waterway","Stura di Viù stream","Municipal","TC","0","0","true","Natural","Hydraulic","Flood","Scour","Pier / foundation","Documented","{""trigger"":""flood"",""failure_process"":""scour"",""component_involved"":""pier_foundation"",""evidence_level"":""documented"",""taxonomy_version"":""hydraulic-v2""}","Medium","true","","Beam bridge","Reinforced concrete","","","","Standard","Total collapse of a municipal bridge over the Stura di Viù stream near Usseglio (Torino, Piemonte) on 29 May 2008, triggered by intense rainfall causing the mountain stream to overflow. Usseglio is a high-altitude municipality in the Valli di Lanzo in the Turin Alps. No fatalities or injuries were reported. Rapporto preliminare sull'evento alluvionale del 28-30 maggio 2008 (ARPA Piemonte), schede di rilevamento: Ponte Ramassere sulla Stura di Viu' (Usseglio), ore 18:00 del 29/5/2008: 'scalzamento della pila centrale del ponte, con conseguente crollo parziale'. Nota: il rapporto registra un crollo parziale mentre il DB indica crollo totale: verificare la severita'."
"IT08.10.01","capoterra-2008","2008-10-22","Capoterra","Cagliari","292","cagliari","Cagliari","validated","Sardegna","39.1529","8.9655","waterway","Rio San Girolamo","National","PC","0","0","true","Natural","Hydraulic","Flood","Other documented hydraulic process","Approach embankment","Documented","{""trigger"":""flood"",""failure_process"":""other_documented_hydraulic_process"",""component_involved"":""approach_embankment"",""evidence_level"":""documented"",""taxonomy_version"":""hydraulic-v2""}","High","true","Ponte sul Rio San Girolamo","Beam bridge","Reinforced concrete","","","","Standard","Partial collapse of a bridge on the SS195 (or adjacent national road infrastructure) over the Rio San Girolamo at Capoterra (Cagliari, Sardinia) on 22 October 2008, as part of the catastrophic flash flood that struck the coastal area. The event caused 4 deaths: Speranza Sollai (drowned in her home), Licia Zucca and Antonello Porcu (swept away while driving near Poggio dei Pini), and Annarita Lepori (overwhelmed by the Rio San Girolamo in spate). The expert appointed by the court stated that 106 mm fell in 30 minutes — possibly the largest flash flood in Italian history. The judicial investigation charged 8 people including the ex-mayor of Capoterra, ex-ANAS directors (accused specifically of failing to demolish an obstructing bridge on the Rio San Girolamo which contributed to the overflow), and Genio Civile/Protezione Civile officials. All were acquitted in first degree (2017) and on appeal (2020). Reconstruction of the collapsed bridge infrastructure began in January 2021. Database ponti fluviali danneggiati di D'Angelo, Ballio & Ravazzani (2025), IJDRR 'Geomorphologic risk factors for river bridges', suppl. S3, record P053 (accuratezza diagnosi dec=1): processo = altro processo (es. colata detritica/frana); componenti danneggiate = rilevato di accesso; evidenza di sormonto = yes."
"IT08.10.02","triei-2008","2008-11-27","Triei","Nuoro","91","nuoro","Nuoro","validated","Sardegna","40.020997","9.639428","waterway","Rio Cadula e Ardali","Municipal","TC","0","0","true","Natural","Hydraulic","Flood","","","Unspecified","{""trigger"":""flood"",""failure_process"":null,""component_involved"":null,""evidence_level"":""unspecified"",""taxonomy_version"":""hydraulic-v2""}","Medium","true","","Beam bridge","Reinforced concrete","","","","Standard","Total collapse of a municipal bridge over the Rio Cadula e Ardali near Triei (Ogliastra, Sardinia) on 27 November 2008, triggered by severe autumn rainfall that struck eastern Sardinia. Triei is a small municipality in the Barbagia di Seulo area of Ogliastra. No fatalities or injuries were reported. Piena documentata; meccanismo di dettaglio non ricostruibile dalle fonti disponibili."
"IT08.10.03","tertenia-2008","2008-10-22","Tertenia","Nuoro","91","nuoro","Nuoro","validated","Sardegna","39.686956","9.576253","waterway","Rio Corongiu","Provincial/Regional","TC","0","0","true","Natural","Hydraulic","Flood","","","Unspecified","{""trigger"":""flood"",""failure_process"":null,""component_involved"":null,""evidence_level"":""unspecified"",""taxonomy_version"":""hydraulic-v2""}","High","true","","Beam bridge","Reinforced concrete","","","","Standard","Total collapse of a provincial/regional bridge over the Rio Corongiu near Tertenia (Ogliastra, Sardinia) on 22 October 2008, triggered by the same extreme rainfall event that struck the Cagliari and Ogliastra areas on that date (part of the catastrophic Capoterra flood system). No fatalities directly attributed to this specific collapse. Piena documentata; meccanismo di dettaglio non ricostruibile dalle fonti disponibili."
"IT08.11.01","orosei-2008","2008-11-30","Orosei","Nuoro","91","nuoro","Nuoro","validated","Sardegna","40.4213","9.7496","waterway","Rio sa Minda","Provincial/Regional","TC","0","0","true","Natural","Hydraulic","Flood","Scour","Multiple components","Documented","{""trigger"":""flood"",""failure_process"":""scour"",""component_involved"":""multiple_components"",""evidence_level"":""documented"",""taxonomy_version"":""hydraulic-v2""}","Medium","true","","Beam bridge","Reinforced concrete","","","","Standard","Total collapse of a provincial/regional bridge over the Rio sa Minda near Orosei (Nuoro, Sardinia) on 30 November 2008, triggered by severe autumn rainfall. Orosei is a coastal municipality in the Nuoro province facing the Gulf of Orosei. No fatalities or injuries were reported. Database ponti fluviali danneggiati di D'Angelo, Ballio & Ravazzani (2025), IJDRR 'Geomorphologic risk factors for river bridges', suppl. S3, record P055 (accuratezza diagnosi dec=1): processo = erosione verticale (scour); componenti danneggiate = spalle, impalcato; evidenza di sormonto = no."
"IT08.12.01","nocera-terinese-2008","2008-12-12","Nocera Terinese","Catanzaro","79","catanzaro","Catanzaro","validated","Calabria","39.0415","16.1242","waterway","Savuto river","Provincial/Regional","TC","0","0","true","Natural","Hydraulic","Flood","Scour","Multiple components","Documented","{""trigger"":""flood"",""failure_process"":""scour"",""component_involved"":""multiple_components"",""evidence_level"":""documented"",""taxonomy_version"":""hydraulic-v2""}","Medium","true","","Beam bridge","Reinforced concrete","","","","Standard","Total collapse of a provincial/regional bridge over the Savuto river near Nocera Terinese (Catanzaro, Calabria) on 12 December 2008, triggered by intense winter rainfall causing the Savuto to flood. The Savuto valley in the Catanzaro-Cosenza border area is prone to hydraulic damage during winter storms. No fatalities or injuries were reported. Database ponti fluviali danneggiati di D'Angelo, Ballio & Ravazzani (2025), IJDRR 'Geomorphologic risk factors for river bridges', suppl. S3, record P115 (accuratezza diagnosi dec=1): processo = erosione verticale (scour); componenti danneggiate = pile, impalcato; evidenza di sormonto = no."
"IT09.01.01","taurianova-2009","2009-01-13","Taurianova","Reggio Calabria","280","reggio-di-calabria","Reggio Calabria","name_mismatch_coordinates_resolved","Calabria","38.3593","15.9514","waterway","Marro stream","Provincial/Regional","TC","0","0","true","Natural","Hydraulic","Flood","Scour","Multiple components","Documented","{""trigger"":""flood"",""failure_process"":""scour"",""component_involved"":""multiple_components"",""evidence_level"":""documented"",""taxonomy_version"":""hydraulic-v2""}","Medium","true","","Beam bridge","Reinforced concrete","","","","Standard","Total collapse of a provincial/regional bridge over the Marro stream near Taurianova (Reggio Calabria, Calabria) on 13 January 2009, triggered by intense winter rainfall causing the stream to overflow. The Marro valley is chronically flood-prone. No fatalities or injuries were reported. Database ponti fluviali danneggiati di D'Angelo, Ballio & Ravazzani (2025), IJDRR 'Geomorphologic risk factors for river bridges', suppl. S3, record P193 (accuratezza diagnosi dec=1): processo = erosione verticale (scour); componenti danneggiate = pile, impalcato; evidenza di sormonto = no."
"IT09.02.01","enna-2009","2009-02-01","Enna","Enna","86","enna","Enna","validated","Sicilia","37.569478","14.286408","valley","Enna's panoramic road","Provincial/Regional","TC","0","0","true","Natural","Hydraulic","Flood","","","Unspecified","{""trigger"":""flood"",""failure_process"":null,""component_involved"":null,""evidence_level"":""unspecified"",""taxonomy_version"":""hydraulic-v2""}","Medium","true","","Arch bridge","Masonry","","","","Standard","Total collapse of a viaduct on the panoramic provincial road of Enna (Sicily) on 1 February 2009, triggered by hydraulic phenomena during intense winter rainfall. This is a distinct event from a similar collapse on the same road in March 2015. No fatalities or injuries were reported. Piena documentata; meccanismo di dettaglio non ricostruibile dalle fonti disponibili."
"IT09.04.01","fossa-2009","2009-04-06","Fossa","L'Aquila","66","l-aquila","L'Aquila","validated","Abruzzo","42.304022","13.503194","waterway","Aterno river","Provincial/Regional","TC","0","0","true","Natural","Earthquake","Earthquake","Other documented mode","Pier / foundation","Probable","","High","true","Ponte di Fossa","Beam bridge","Reinforced concrete","","","","Standard","Total collapse of the Ponte di Fossa, a 35-metre three-span continuous reinforced concrete bridge on the SR261 over the Aterno river providing access to the village of Fossa (L'Aquila, Abruzzo) during the M6.3 earthquake of 6 April 2009 at 03:32. Post-earthquake structural surveys revealed the bridge columns had been severely weakened by prior corrosion: steel bars were extensively exposed through thin covering concrete well before the earthquake. The seismic shaking caused failure of the already compromised columns. Fossa itself was among the most severely damaged municipalities, with most residential buildings destroyed. No fatalities directly attributed to this specific collapse (the broader earthquake caused 309 deaths)."
"IT09.04.02","l-aquila-2009","2009-04-06","L'Aquila","L'Aquila","66","l-aquila","L'Aquila","validated","Abruzzo","42.324169","13.478028","waterway","Aterno river","Municipal","PC","0","0","true","Natural","Earthquake","Earthquake","","","Unspecified","","High","true","","Beam bridge","Reinforced concrete","","","","Standard","Partial collapse of a municipal bridge over the Aterno river in L'Aquila (Abruzzo) on 6 April 2009 during the M6.3 earthquake. Infrastructure damage to bridges and roads across the L'Aquila valley was a significant element of the overall disaster, which caused 309 deaths. No fatalities directly attributed to this specific collapse."
"IT09.04.03","scoppito-2009","2009-04-06","Scoppito","L'Aquila","66","l-aquila","L'Aquila","validated","Abruzzo","42.351958","13.281139","waterway","Raio river","Provincial/Regional","PC","0","0","true","Natural","Earthquake","Earthquake","","","Unspecified","","High","true","","Beam bridge","Reinforced concrete","","","","Standard","Partial collapse of a provincial/regional bridge over the Raio river near Scoppito (L'Aquila, Abruzzo) on 6 April 2009 during the M6.3 earthquake. Scoppito, located northwest of L'Aquila near the epicentral zone, suffered significant structural damage to buildings and infrastructure. No fatalities directly attributed to this specific collapse."
"IT09.04.04","piacenza-2009","2009-04-30","Piacenza","Piacenza","33","piacenza","Piacenza","coordinate_mismatch","Emilia-Romagna","45.0625","9.7045","waterway","Po river","National","TC","0","3","true","Natural","Hydraulic","Flood","Overtopping / hydrodynamic action","Multiple components","Probable","{""trigger"":""flood"",""failure_process"":""overtopping_or_hydrodynamic_action"",""component_involved"":""multiple_components"",""evidence_level"":""probable"",""taxonomy_version"":""hydraulic-v2""}","High","true","Ponte sul Po SS9 Piacenza","Truss","Steel","1949","1949","1949","Standard","Total collapse of a northern span of the Ponte della Via Emilia (SS9) over the Po river between San Rocco al Porto (Lodi) and Piacenza on 30 April 2009, triggered by the exceptional flooding of the Po during a major rainfall event that raised river levels by over 6 metres. A bridge pillar failed, causing the northern carriageway deck — carrying four vehicles at the moment of collapse — to sink into the river. By a miracle no one was killed; three automobilists were injured. The 1949 reinforced concrete bridge, approximately 1 kilometre long, had been carrying Via Emilia traffic for 60 years and was a key link between Emilia-Romagna and Lombardy. A judicial investigation into culpable collapse charged five ANAS directors; all were acquitted in January 2015 for insufficient evidence. Tesi accolta dal Tribunale di Lodi (2015, imputati assolti): la piena straordinaria del Po provoco' lo spostamento di una pila, con impatto sulle pile di materiale terroso, piccole barche fluviali e pontoni; perse l'appoggio la sella Gerber dell'impalcato metallico. Respinta la tesi della sola carenza manutentiva."
"IT09.05.01","gela-2009","2009-05-21","Gela","Caltanisetta","85","caltanissetta","Caltanisetta","name_mismatch_coordinates_resolved","Sicilia","37.1856","14.1474","valley","SS626","National","TC","0","3","false","Human-induced","Design and Construction","No identifiable external trigger","Other documented mode","Pier / foundation","Documented","","High","true","","Beam bridge","Prestressed concrete","","","","Standard","Total collapse of a viaduct span on the SS626 national road near Gela (Caltanissetta, Sicily) on 21 May 2009. With collapse=TC and triggered=FALSE, the failure was spontaneous, attributed to design and construction defects rather than an external trigger. Three people sustained injuries in the incident. The SS626 corridor in Sicily has been repeatedly affected by viaduct failures (cf. Viadotto Verdura 2013, Viadotto Petrulla 2014) attributable to the poor quality of 1970s–80s construction on geologically unstable terrain."
"IT09.12.01","palagano-2009","2009-12-31","Palagano","Modena","36","modena","Modena","validated","Emilia-Romagna","44.381","10.6223","waterway","Dragone stream","Municipal","TC","0","0","true","Natural","Hydraulic","Flood","Scour","Pier / foundation","Documented","{""trigger"":""flood"",""failure_process"":""scour"",""component_involved"":""pier_foundation"",""evidence_level"":""documented"",""taxonomy_version"":""hydraulic-v2""}","Medium","true","","Beam bridge","Reinforced concrete","","","","Standard","Total collapse of a municipal bridge over the Dragone stream near Palagano (Modena, Emilia-Romagna) on 31 December 2009, triggered by hydraulic forces during intense end-of-year rainfall. Palagano is a mountain municipality in the northern Apennines where the Dragone stream flows. No fatalities or injuries were reported. Database ponti fluviali danneggiati di D'Angelo, Ballio & Ravazzani (2025), IJDRR, suppl. S3, record P166 (dec=1; abbinato per anno 2009 + coordinate, dist. 0.00 km): processo = erosione verticale (scour); componenti danneggiate = pile; evidenza di sormonto = no."
"IT10.01.01","cicala-2010","2010-01-28","Cicala","Catanzaro","79","catanzaro","Catanzaro","validated","Calabria","39.0098","16.4812","waterway","Corace river","Railway","TC","1","0","true","Natural","Hydraulic","Flood","Scour","Multiple components","Documented","{""trigger"":""flood"",""failure_process"":""scour"",""component_involved"":""multiple_components"",""evidence_level"":""documented"",""taxonomy_version"":""hydraulic-v2""}","High","true","Ponte ferroviario sul Corace (FCL)","Arch bridge","Masonry","","","","Standard","Total collapse of the railway bridge over the Corace river on the Ferrovia Cosenza-Catanzaro Lido (FCL, ex Calabro-Lucane) between the stations of Cicala and San Pietro Apostolo (Catanzaro, Calabria) on 28 January 2010, triggered by the flooding of the Corace during exceptional winter rainfall. One fatality was recorded: a maintenance worker of the Ventura company was swept away by the floodwaters at the bridge site. Only the prompt intervention of the train driver, who braked before reaching the collapsed section, prevented a catastrophic rail accident. The FCL line was suspended and remained closed until 4 August 2011 — a closure of 18 months. The structure replaced a previous masonry bridge that had already collapsed in the 1970s and was known to be vulnerable to the notoriously powerful flash floods of the Corace. Database ponti fluviali danneggiati di D'Angelo, Ballio & Ravazzani (2025), IJDRR 'Geomorphologic risk factors for river bridges', suppl. S3, record P149 (accuratezza diagnosi dec=1): processo = erosione verticale (scour); componenti danneggiate = pile, impalcato; evidenza di sormonto = no. Historic masonry/stone arch bridge; collapse caused by scour of the pier foundation due to intense fluvial erosion during the flood."
"IT10.03.01","simeri-crichi-2010","2010-03-10","Simeri Crichi","Catanzaro","79","catanzaro","Catanzaro","validated","Calabria","38.9198","16.6731","waterway","Simeri river","Provincial/Regional","TC","0","0","true","Natural","Hydraulic","Flood","Scour","Multiple components","Documented","{""trigger"":""flood"",""failure_process"":""scour"",""component_involved"":""multiple_components"",""evidence_level"":""documented"",""taxonomy_version"":""hydraulic-v2""}","Medium","true","","Beam bridge","Reinforced concrete","","","","Standard","Total collapse of a provincial/regional bridge over the Simeri river near Simeri Crichi (Catanzaro, Calabria) on 10 March 2010, triggered by hydraulic forces during the intense winter rainfall that caused widespread flooding across the Catanzaro province. The Simeri river, flowing through the Catanzaro hinterland towards the Ionian coast, frequently floods during intense rainfall events. No fatalities or injuries were reported. Database ponti fluviali danneggiati di D'Angelo, Ballio & Ravazzani (2025), IJDRR 'Geomorphologic risk factors for river bridges', suppl. S3, record P197 (accuratezza diagnosi dec=1): processo = erosione verticale (scour); componenti danneggiate = pile, impalcato; evidenza di sormonto = no."
"IT10.06.01","monchiero-2010","2010-06-27","Monchiero","Cuneo","4","cuneo","Cuneo","validated","Piemonte","44.5658","7.9024","waterway","Tanaro river","Provincial/Regional","TC","0","0","true","Natural","Hydraulic","Flood","Scour","Multiple components","Documented","{""trigger"":""flood"",""failure_process"":""scour"",""component_involved"":""multiple_components"",""evidence_level"":""documented"",""taxonomy_version"":""hydraulic-v2""}","Medium","true","","Beam bridge","Reinforced concrete","","","","Standard","Total collapse of a provincial/regional bridge over the Tanaro river near Monchiero (Cuneo, Piemonte) on 27 June 2010, triggered by the flooding of the Tanaro during intense summer rainfall. The Tanaro, flowing through the Langhe wine region, is prone to sudden summer floods. No fatalities or injuries were reported. Database ponti fluviali danneggiati di D'Angelo, Ballio & Ravazzani (2025), IJDRR 'Geomorphologic risk factors for river bridges', suppl. S3, record P132 (accuratezza diagnosi dec=1): processo = erosione verticale (scour); componenti danneggiate = pile, impalcato; evidenza di sormonto = no."
"IT10.10.01","frassinoro-2010","2010-10-31","Frassinoro","Modena","36","modena","Modena","validated","Emilia-Romagna","44.2975","10.5109","waterway","Dolo stream","Municipal","TC","0","0","true","Natural","Hydraulic","Flood","Scour","Multiple components","Documented","{""trigger"":""flood"",""failure_process"":""scour"",""component_involved"":""multiple_components"",""evidence_level"":""documented"",""taxonomy_version"":""hydraulic-v2""}","High","true","","Beam bridge","Reinforced concrete","","","","Standard","Total collapse of the municipal bridge over the Dolo stream near Frassinoro (Modena, Emilia-Romagna) on 31 October 2010, triggered by the flooding of the Dolo during intense autumn rainfall. The collapse cut the road link between Frassinoro and the neighbouring commune of Villa Minozzo (Reggio Emilia), isolating communities on both banks. Local authorities demonstrated exceptional efficiency: the replacement bridge was designed and built in just four months, with one month for design and three for construction, and was inaugurated on 20 November 2011. No fatalities or injuries were reported. Database ponti fluviali danneggiati di D'Angelo, Ballio & Ravazzani (2025), IJDRR 'Geomorphologic risk factors for river bridges', suppl. S3, record P138 (accuratezza diagnosi dec=1): processo = erosione verticale (scour); componenti danneggiate = pile, impalcato; evidenza di sormonto = no."
"IT11.01.01","corinaldo-2011","2011-01-31","Corinaldo","Ancona","42","ancona","Ancona","validated","Marche","43.6649","13.0145","waterway","Cesano river","Provincial/Regional","TC","0","0","true","Natural","Hydraulic","Flood","Scour","Multiple components","Documented","{""trigger"":""flood"",""failure_process"":""scour"",""component_involved"":""multiple_components"",""evidence_level"":""documented"",""taxonomy_version"":""hydraulic-v2""}","High","true","","Beam bridge","Reinforced concrete","","","","Standard","Total collapse of a provincial bridge near Corinaldo (Marche) on 31 January 2011 following severe hydraulic phenomena associated with flooding of the Cesano river. No fatalities or injuries were reported. Database ponti fluviali danneggiati di D'Angelo, Ballio & Ravazzani (2025), IJDRR 'Geomorphologic risk factors for river bridges', suppl. S3, record P133 (accuratezza diagnosi dec=1): processo = erosione verticale (scour) + altro processo (es. colata detritica/frana); componenti danneggiate = pile, impalcato; evidenza di sormonto = no."
"IT11.03.01","calciano-2011","2011-03-01","Calciano","Matera","77","matera","Matera","validated","Basilicata","40.5977","16.1845","waterway","Basento river","National","PC","0","0","true","Natural","Hydraulic","Flood","Scour","Multiple components","Documented","{""trigger"":""flood"",""failure_process"":""scour"",""component_involved"":""multiple_components"",""evidence_level"":""documented"",""taxonomy_version"":""hydraulic-v2""}","Medium","true","Ponte di Calciano","Beam bridge","Reinforced concrete","","","","Standard","Partial collapse of a national bridge near Calciano (Matera) on 1st March 2011 triggered by hydraulic phenomena. No fatalities or injuries were reported Database ponti fluviali danneggiati di D'Angelo, Ballio & Ravazzani (2025), IJDRR 'Geomorphologic risk factors for river bridges', suppl. S3, record P146 (accuratezza diagnosi dec=1): processo = erosione verticale (scour); componenti danneggiate = pile, impalcato; evidenza di sormonto = no."
"IT11.03.02","corropoli-2011","2011-03-01","Corropoli","Teramo","67","teramo","Teramo","validated","Abruzzo","42.8057","13.8402","waterway","Vibrata stream","Municipal","TC","0","0","true","Natural","Hydraulic","Flood","Bank erosion / embankment failure","Multiple components","Documented","{""trigger"":""flood"",""failure_process"":""bank_erosion_or_embankment_failure"",""component_involved"":""multiple_components"",""evidence_level"":""documented"",""taxonomy_version"":""hydraulic-v2""}","Medium","true","","Beam bridge","Reinforced concrete","","","","Standard","Total collapse of a municipal bridge near Corropoli (Abruzzo) on 1 March 2011 following severe hydraulic phenomena associated with flooding of the Vibrata river. No fatalities or injuries were reported. Database ponti fluviali danneggiati di D'Angelo, Ballio & Ravazzani (2025), IJDRR 'Geomorphologic risk factors for river bridges', suppl. S3, record P179 (accuratezza diagnosi dec=1): processo = erosione laterale di sponda; componenti danneggiate = spalle, rilevato di accesso, impalcato; evidenza di sormonto = yes."
"IT11.03.03","campli-2011","2011-03-01","Campli","Teramo","67","teramo","Teramo","validated","Abruzzo","42.7795","13.7693","waterway","Salinello river","Provincial/Regional","PC","0","0","true","Natural","Hydraulic","Flood","Scour","Pier / foundation","Documented","{""trigger"":""flood"",""failure_process"":""scour"",""component_involved"":""pier_foundation"",""evidence_level"":""documented"",""taxonomy_version"":""hydraulic-v2""}","Medium","true","","Beam bridge","Reinforced concrete","","","","Standard","Partial collapse of a provincial bridge near Campli (Abruzzo) on 1 March 2011 following severe hydraulic phenomena associated with flooding of the Salinello river. No fatalities or injuries were reported. Database ponti fluviali danneggiati di D'Angelo, Ballio & Ravazzani (2025), IJDRR 'Geomorphologic risk factors for river bridges', suppl. S3, record P180 (accuratezza diagnosi dec=1): processo = erosione verticale (scour); componenti danneggiate = pile; evidenza di sormonto = no."
"IT11.03.04","colbuccaro-2011","2011-03-03","Colbuccaro","Macerata","43","macerata","Macerata","validated","Marche","43.2564","13.4809","waterway","Fiastra river","Provincial/Regional","TC","0","0","true","Natural","Hydraulic","Flood","Scour","Multiple components","Documented","{""trigger"":""flood"",""failure_process"":""scour"",""component_involved"":""multiple_components"",""evidence_level"":""documented"",""taxonomy_version"":""hydraulic-v2""}","Medium","true","","Beam bridge","Reinforced concrete","","","","Standard","Total collapse of a provincial bridge near Colbuccaro (Marche) on 3 March 2011 following severe hydraulic phenomena associated with flooding of the Fiastra river. No fatalities or injuries were reported. Database ponti fluviali danneggiati di D'Angelo, Ballio & Ravazzani (2025), IJDRR 'Geomorphologic risk factors for river bridges', suppl. S3, record P057 (accuratezza diagnosi dec=1): processo = erosione verticale (scour); componenti danneggiate = pile, impalcato; evidenza di sormonto = no."
"IT11.03.05","ponte-della-becca-2011","2011-03-17","Mezzanino","Pavia","18","pavia","Pavia","validated","Lombardia","45.1405539","9.2267611","waterway","Po river (confluenza Ticino)","Provincial/Regional","PC","0","0","true","Natural","Hydraulic","Flood","Scour","Pier / foundation","Documented","{""trigger"":""flood"",""failure_process"":""scour"",""component_involved"":""pier_foundation"",""evidence_level"":""documented"",""taxonomy_version"":""hydraulic-v2""}","High","true","Ponte della Becca (SS617)","Truss","Steel","1912","1912","1912","Standard","Partial collapse of the historic Ponte della Becca (1912 steel truss bridge, SS617, ~1,080 m) on 17 March 2011: pier 9 suddenly collapsed during a Po river flood due to riverbed scour undermining its foundation, documented since November 2010 as anomalous pier rotation. The bridge was saved by two temporary pile-supported bents built in 45 days; surveys in June 2011 showed the scour hole expanding towards pier 8 (founded only 2 m deep). Il 17/03/2011, durante la piena del Po, crollo' improvvisamente la pila 9 del ponte della Becca (acciaio a traliccio, 1912, ~1.080 m, SS617 Broni-Pavia), 'spazzata via senza lasciarne le macerie'. Analisi tecniche (Ingenio/Studio Calvi): gia' da nov. 2010 anomala rotazione-traslazione della pila per erosione del fondo alveo da turbolenza idraulica, con scalzamento della fondazione; i rilievi del giugno 2011 mostrarono la fossa in ampliamento fino a minacciare la pila 8, fondata a soli 2 m (contro gli 11 m delle altre). Struttura salvata con due appoggi provvisori su pali da 45 m realizzati in 45 giorni. D'Angelo, Ballio & Ravazzani (2025), 'Geomorphologic risk factors for river bridges', IJDRR, database supplementare S3, record P116 (dec=1, PC, danno alle pile) concorda."
"IT11.05.01","caltagirone-2011","2011-05-08","Caltagirone","Catania","287","catania","Catania","validated","Sicilia","37.1732","14.4712","valley","Piano Carbone","Railway","TC","0","0","false","Human-induced","Material","No identifiable external trigger","","Multiple components","Unspecified","","Medium","true","","Arch bridge","Plain concrete","","","","Standard","Total collapse of a national road bridge near Caltagirone (Sicily) on 5 September 2011 associated with severe structural deficiencies and instability phenomena affecting the structure over the Margi stream. No fatalities or injuries were reported."
"IT11.10.01","ameglia-2011","2011-10-25","Ameglia","La Spezia","11","la-spezia","La Spezia","validated","Liguria","44.0635","9.973","waterway","Magra river","Provincial/Regional","TC","0","0","true","Natural","Hydraulic","Flood","Debris accumulation / obstruction","","Documented","{""trigger"":""flood"",""failure_process"":""debris_accumulation_or_obstruction"",""component_involved"":null,""evidence_level"":""documented"",""taxonomy_version"":""hydraulic-v2""}","High","true","Ponte della Colombiera","Beam bridge","Reinforced concrete","","","","Standard","Total collapse of the Ponte della Colombiera, a provincial reinforced concrete bridge over the Magra river near the river mouth at Ameglia (La Spezia, Liguria) at 22:05 on 25 October 2011, during the catastrophic alluvione dello Spezzino e della Lunigiana. The collapse occurred when a yacht and a river barge, dismoored by the surging Magra flood, were swept by the current against the bridge piers, destroying the central span under their combined weight. The event was the fourth flood to hit Ameglia in three years. The broader alluvione, caused by 542mm of rain Accumulo e impatto di materiale flottante: yacht e chiatte disormeggiati dal cantiere Intermarine formarono una 'diga' di natanti, alberi e detriti contro le pile, distruggendo la campata centrale (fonti locali e Primocanale). [Il database Polimi (D'Angelo et al. 2025, S3, record P059, dec=0.5) classifica invece il processo come: erosione verticale (scour).]"
"IT11.10.02","aulla-2011-1","2011-10-25","Aulla","Massa Carrara","45","massa-carrara","Massa-Carrara","validated","Toscana","44.187","9.9244","waterway","Magra river","Municipal","TC","0","0","true","Natural","Hydraulic","Flood","Overtopping / hydrodynamic action","Multiple components","Documented","{""trigger"":""flood"",""failure_process"":""overtopping_or_hydrodynamic_action"",""component_involved"":""multiple_components"",""evidence_level"":""documented"",""taxonomy_version"":""hydraulic-v2""}","High","true","Ponte di Stradano","Beam bridge","Reinforced concrete","","","","Standard","Total collapse of the Ponte di Stradano, a municipal reinforced concrete bridge with piers in the river bed over the Magra river at Aulla (Massa-Carrara, Tuscany) on 25 October 2011, caused by the catastrophic Magra flood during the alluvione dello Spezzino e della Lunigiana. Aulla was the most severely damaged municipality: the Magra broke its banks, inundating the city centre to a depth of four metres. The collapse was subsequently described as 'annunciato' (foreseeable) given the piers' exposure in the river bed. The Regione Toscana approved a €9.75 million project to replace it with a 195-metre cable-stayed bridge (campata centrale 139m) — the first of the three bridges destroyed that day for which reconstruction tender proceedings were launched (July 2014). The broader event caused 13 deaths and €1.5 billion damage. No fatalities directly attributed to this specific collapse. Database ponti fluviali danneggiati di D'Angelo, Ballio & Ravazzani (2025), IJDRR 'Geomorphologic risk factors for river bridges', suppl. S3, record P060 (accuratezza diagnosi dec=1): processo = carico idraulico sulla struttura; componenti danneggiate = pile, spalle, impalcato; evidenza di sormonto = yes."
"IT11.10.03","aulla-2011-2","2011-10-25","Aulla","Massa Carrara","45","massa-carrara","Massa-Carrara","validated","Toscana","44.3189","9.8942","waterway","Mangiola stream","Provincial/Regional","TC","0","0","true","Natural","Hydraulic","Flood","Bank erosion / embankment failure","Multiple components","Documented","{""trigger"":""flood"",""failure_process"":""bank_erosion_or_embankment_failure"",""component_involved"":""multiple_components"",""evidence_level"":""documented"",""taxonomy_version"":""hydraulic-v2""}","Medium","true","","Beam bridge","Reinforced concrete","","","","Standard","Total collapse of a provincial reinforced concrete bridge over the Mangiola stream near Aulla (Massa-Carrara, Tuscany) on 25 October 2011, caused by the catastrophic flooding of the Mangiola — a minor left-bank tributary of the Magra — during the alluvione dello Spezzino e della Lunigiana. The Mangiola, which flows from the Apennine hills north of Aulla, overflowed violently during the 542mm/6h rainfall event. The broader event caused 13 deaths and €1.5 billion of damage across the Spezzino and Lunigiana. The Regione Toscana reconstruction programme included this bridge alongside the Ponte di Stradano and the Castagnetoli bridge. No fatalities directly attributed to this specific collapse. Database ponti fluviali danneggiati di D'Angelo, Ballio & Ravazzani (2025), IJDRR 'Geomorphologic risk factors for river bridges', suppl. S3, record P061 (accuratezza diagnosi dec=1): processo = erosione laterale di sponda; componenti danneggiate = pile, spalle, rilevato di accesso, impalcato; evidenza di sormonto = no."
"IT11.10.04","castagnetoli-2011","2011-10-25","Castagnetoli","Massa Carrara","45","massa-carrara","Massa-Carrara","validated","Toscana","44.3388","9.8809","waterway","Teglia river","Provincial/Regional","TC","0","0","true","Natural","Hydraulic","Flood","Bank erosion / embankment failure","Multiple components","Probable","{""trigger"":""flood"",""failure_process"":""bank_erosion_or_embankment_failure"",""component_involved"":""multiple_components"",""evidence_level"":""probable"",""taxonomy_version"":""hydraulic-v2""}","Medium","true","","Arch bridge","Masonry","","","","Standard","Total collapse of a municipal bridge near Castagnetoli (Tuscany) on 25 October 2011 during the Liguria-Tuscany flood event. No fatalities or injuries were reported. Database ponti fluviali danneggiati di D'Angelo, Ballio & Ravazzani (2025), IJDRR 'Geomorphologic risk factors for river bridges', suppl. S3, record P062 (accuratezza diagnosi dec=0.5): processo = erosione laterale di sponda; componenti danneggiate = spalle, rilevato di accesso, impalcato; evidenza di sormonto = yes."
"IT11.10.05","pignone-2011","2011-10-25","Pignone","La Spezia","11","la-spezia","La Spezia","validated","Liguria","44.1777","9.7233","waterway","Pignone stream","Municipal","TC","0","0","true","Natural","Hydraulic","Flood","Overtopping / hydrodynamic action","Multiple components","Documented","{""trigger"":""flood"",""failure_process"":""overtopping_or_hydrodynamic_action"",""component_involved"":""multiple_components"",""evidence_level"":""documented"",""taxonomy_version"":""hydraulic-v2""}","Medium","true","","Beam bridge","Reinforced concrete","","","","Standard","Total collapse of a municipal bridge near Pignone (Liguria) on 25 October 2011 following severe hydraulic phenomena associated with extreme flooding during the Liguria-Tuscany storm event. No fatalities or injuries were reported. Database ponti fluviali danneggiati di D'Angelo, Ballio & Ravazzani (2025), IJDRR 'Geomorphologic risk factors for river bridges', suppl. S3, record P065 (accuratezza diagnosi dec=1): processo = carico idraulico sulla struttura; componenti danneggiate = spalle, impalcato; evidenza di sormonto = no."
"IT11.10.06","rocchetta-di-vara-2011","2011-10-25","Rocchetta di Vara","La Spezia","11","la-spezia","La Spezia","validated","Liguria","44.2479","9.7547","waterway","Gravegnola stream","Provincial/Regional","TC","0","0","true","Natural","Hydraulic","Flood","Debris flow / solid transport","Entire structure","Documented","{""trigger"":""flood"",""failure_process"":""debris_flow_or_solid_transport"",""component_involved"":""entire_structure"",""evidence_level"":""documented"",""taxonomy_version"":""hydraulic-v2""}","Medium","true","","Beam bridge","Reinforced concrete","","","","Standard","Total collapse of a provincial bridge near Rocchetta di Vara (Liguria) on 25 October 2011 following severe hydraulic phenomena associated with extreme flooding during the Liguria-Tuscany flood disaster. No fatalities or injuries were reported. Autorita' di Bacino Appennino Settentrionale: imponenti colate di detriti invasero il fondovalle a monte di Brugnato, interessando Rocchetta di Vara e provocando il crollo del ponte sulla provinciale di accesso al paese. [Il database Polimi (D'Angelo et al. 2025, S3, record P141, dec=0.5) classifica invece il processo come: erosione verticale (scour).]"
"IT11.10.07","brugnato-2011","2011-10-25","Brugnato","La Spezia","11","la-spezia","La Spezia","validated","Liguria","44.2296","9.7311","waterway","Gravegnola stream","Municipal","PC","0","0","true","Natural","Hydraulic","Flood","Bank erosion / embankment failure","Approach embankment","Documented","{""trigger"":""flood"",""failure_process"":""bank_erosion_or_embankment_failure"",""component_involved"":""approach_embankment"",""evidence_level"":""documented"",""taxonomy_version"":""hydraulic-v2""}","Medium","true","","Beam bridge","Reinforced concrete","","","","Standard","Partial collapse of a municipal bridge near Brugnato (Liguria) on 25 October 2011 following severe hydraulic phenomena associated with extreme flooding during the Liguria-Tuscany storm event. No fatalities or injuries were reported. Database ponti fluviali danneggiati di D'Angelo, Ballio & Ravazzani (2025), IJDRR 'Geomorphologic risk factors for river bridges', suppl. S3, record P142 (accuratezza diagnosi dec=1): processo = erosione laterale di sponda; componenti danneggiate = rilevato di accesso; evidenza di sormonto = no."
"IT11.10.08","pontremoli-2011","2011-10-25","Pontremoli","Massa Carrara","45","massa-carrara","Massa-Carrara","validated","Toscana","44.3581","9.8972","waterway","Magra river","Municipal","PC","0","0","true","Natural","Hydraulic","Flood","Scour","Pier / foundation","Documented","{""trigger"":""flood"",""failure_process"":""scour"",""component_involved"":""pier_foundation"",""evidence_level"":""documented"",""taxonomy_version"":""hydraulic-v2""}","Medium","true","","Arch bridge","Masonry","","","","Standard","Partial collapse and severe hydraulic damage of a municipal bridge near Pontremoli (Tuscany) on 25 October 2011 during the Liguria-Tuscany flood event. No fatalities or injuries were reported. Database ponti fluviali danneggiati di D'Angelo, Ballio & Ravazzani (2025), IJDRR 'Geomorphologic risk factors for river bridges', suppl. S3, record P168 (accuratezza diagnosi dec=1): processo = erosione verticale (scour); componenti danneggiate = pile; evidenza di sormonto = no."
"IT11.11.01","torre-pellice-2011","2011-11-06","Torre Pellice","Torino","201","torino","Torino","validated","Piemonte","44.817","7.2062","waterway","Pellice river","National","TC","0","0","true","Natural","Hydraulic","Flood","Scour","Multiple components","Documented","{""trigger"":""flood"",""failure_process"":""scour"",""component_involved"":""multiple_components"",""evidence_level"":""documented"",""taxonomy_version"":""hydraulic-v2""}","High","true","Ponte Bertenga","Beam bridge","Reinforced concrete","","","","Standard","Total collapse of a national bridge near Torre Pellice (Piemonte) on 6 November 2011 following severe hydraulic phenomena associated with flooding of the Pellice river. No fatalities or injuries were reported. Database ponti fluviali danneggiati di D'Angelo, Ballio & Ravazzani (2025), IJDRR 'Geomorphologic risk factors for river bridges', suppl. S3, record P067 (accuratezza diagnosi dec=1): processo = erosione verticale (scour); componenti danneggiate = pile, spalle, impalcato; evidenza di sormonto = no."
"IT11.11.02","amato-2011","2011-11-22","Amato","Catanzaro","79","catanzaro","Catanzaro","validated","Calabria","38.9147","16.4154","waterway","Cancello stream","Railway","TC","0","0","true","Natural","Hydraulic","Flood","Scour","Multiple components","Documented","{""trigger"":""flood"",""failure_process"":""scour"",""component_involved"":""multiple_components"",""evidence_level"":""documented"",""taxonomy_version"":""hydraulic-v2""}","Medium","true","Ponte Cancello","Arch bridge","Masonry","","","","Standard","Total collapse of a provincial bridge near Amato (Calabria) on 22 November 2011 following severe hydraulic phenomena associated with flooding of the Cancello stream. No fatalities or injuries were reported. Database ponti fluviali danneggiati di D'Angelo, Ballio & Ravazzani (2025), IJDRR 'Geomorphologic risk factors for river bridges', suppl. S3, record P151 (accuratezza diagnosi dec=1): processo = erosione verticale (scour) + erosione laterale di sponda; componenti danneggiate = pile, spalle, rilevato di accesso, impalcato; evidenza di sormonto = no. [Il database Polimi (record P150, dec=1, erosione laterale, crollo totale) registra lo stesso ponte con anno 2010 anziche' 22/11/2011: verificare la data corretta dell'evento.]"
"IT11.11.03","barcellona-pozzo-di-gotto-2011","2011-11-22","Barcellona Pozzo di Gotto","Messina","283","messina","Messina","validated","Sicilia","38.1691","15.1949","waterway","Longano stream","Provincial/Regional","TC","3","0","true","Natural","Hydraulic","Flood","Overtopping / hydrodynamic action","Entire structure","Probable","{""trigger"":""flood"",""failure_process"":""overtopping_or_hydrodynamic_action"",""component_involved"":""entire_structure"",""evidence_level"":""probable"",""taxonomy_version"":""hydraulic-v2""}","High","true","Ponte di Calderà","Beam bridge","Reinforced concrete","","","","Flagship","Total collapse of a provincial bridge near Barcellona Pozzo di Gotto (Sicily) on 22 November 2011 following severe hydraulic phenomena associated with flooding of the Longano stream during an extreme rainfall event. The event caused three fatalities. Piena iperconcentrata del Longano: la forza dell'acqua e l'ammassarsi dei detriti crearono un 'muro' che travolse il ponte di Caldera', caratterizzato da limitata altezza sull'alveo; il nuovo ponte e' a campata unica ad arco per superare tale criticita' (Citta' Metropolitana di Messina). [Il database Polimi (D'Angelo et al. 2025, S3, record P068, dec=1) classifica invece il processo come: erosione verticale (scour).]"
"IT12.11.01","sericciolo-2012","2012-11-11","Aulla","Massa Carrara","45","massa-carrara","Massa-Carrara","validated","Toscana","44.2024","10.0286","waterway","Aulella stream","National","TC","0","0","true","Natural","Hydraulic","Flood","Scour","Pier / foundation","Probable","{""trigger"":""flood"",""failure_process"":""scour"",""component_involved"":""pier_foundation"",""evidence_level"":""probable"",""taxonomy_version"":""hydraulic-v2""}","High","true","","Beam bridge","Reinforced concrete","","","","Flagship","Total collapse of a national road bridge near Sericciolo (Tuscany) on 11 November 2012 following severe hydraulic phenomena associated with extreme flooding and scour processes affecting the Aulella stream during an intense rainfall event. No fatalities or injuries were reported. Processi di scour sull'Aulella indicati dalle fonti dell'evento."
"IT12.11.02","mel-2012","2012-11-11","Mel","Belluno","25","belluno","Belluno","validated","Veneto","46.0645","12.0967","waterway","Terche stream","Municipal","TC","0","0","true","Natural","Hydraulic","Flood","Scour","Multiple components","Documented","{""trigger"":""flood"",""failure_process"":""scour"",""component_involved"":""multiple_components"",""evidence_level"":""documented"",""taxonomy_version"":""hydraulic-v2""}","Medium","true","","Arch bridge","Masonry","","","","Standard","Total collapse of a municipal bridge near Mel (Veneto) on 11 November 2012 following severe hydraulic phenomena associated with flooding of the Terche stream during an extreme rainfall event. No fatalities or injuries were reported. Database ponti fluviali danneggiati di D'Angelo, Ballio & Ravazzani (2025), IJDRR 'Geomorphologic risk factors for river bridges', suppl. S3, record P140 (accuratezza diagnosi dec=1): processo = erosione verticale (scour); componenti danneggiate = pile, spalle, impalcato; evidenza di sormonto = no."
"IT12.11.03","marsiliana-2012","2012-11-12","Manciano","Grosseto","53","grosseto","Grosseto","validated","Toscana","42.5441","11.3363","waterway","Albegna river","Provincial/Regional","PC","0","0","true","Natural","Hydraulic","Flood","Bank erosion / embankment failure","","Documented","{""trigger"":""flood"",""failure_process"":""bank_erosion_or_embankment_failure"",""component_involved"":null,""evidence_level"":""documented"",""taxonomy_version"":""hydraulic-v2""}","High","true","","Beam bridge","Reinforced concrete","","","","Standard","Partial collapse of a municipal bridge near Marsciano (Umbria) on 12 November 2012 following severe hydraulic phenomena associated with extreme flooding of the Alliana river. The event caused three fatalities after vehicles were swept away during the collapse. Database ponti fluviali danneggiati di D'Angelo, Ballio & Ravazzani (2025), IJDRR 'Geomorphologic risk factors for river bridges', suppl. S3, record P070 (accuratezza diagnosi dec=1): processo = erosione del rilevato in alveo/golena; componenti danneggiate = non specificate; evidenza di sormonto = no."
"IT12.11.04","gallina-2012","2012-11-28","Gallina","Siena","52","siena","Siena","validated","Toscana","43.0207","11.6898","waterway","Orcia river","Provincial/Regional","TC","0","0","true","Natural","Hydraulic","Flood","Scour","Multiple components","Documented","{""trigger"":""flood"",""failure_process"":""scour"",""component_involved"":""multiple_components"",""evidence_level"":""documented"",""taxonomy_version"":""hydraulic-v2""}","Medium","true","Ponte delle Nove Luci","Beam bridge","Reinforced concrete","","","","Standard","Total collapse of a provincial bridge near Gallina (Tuscany) on 12 November 2012 following severe hydraulic phenomena associated with flooding of the Orcia river during an extreme rainfall event. No fatalities or injuries were reported. Database ponti fluviali danneggiati di D'Angelo, Ballio & Ravazzani (2025), IJDRR 'Geomorphologic risk factors for river bridges', suppl. S3, record P131 (accuratezza diagnosi dec=1): processo = erosione verticale (scour); componenti danneggiate = pile, impalcato; evidenza di sormonto = no."
"IT13.02.01","ribera-2013","2013-02-02","Ribera","Agrigento","84","agrigento","Agrigento","validated","Sicilia","37.4892","13.2275","waterway","Verdura river","National","TC","0","0","true","Natural","Hydraulic","Rainfall-induced landslide","Other documented hydraulic process","Multiple components","Documented","{""trigger"":""rainfall_induced_landslide"",""failure_process"":""other_documented_hydraulic_process"",""component_involved"":""multiple_components"",""evidence_level"":""documented"",""taxonomy_version"":""hydraulic-v2""}","High","true","Viadotto Verdura","Arch bridge","Masonry","","","","Standard","Total collapse of a portion of the Viadotto Verdura on the SS115 Sud Occidentale Sicula national road near Ribera (Agrigento, Sicily) on 2 February 2013, triggered by a landslide caused by exceptional rainfall that had saturated the slope adjacent to a bridge pillar. The structure, built in the 1960s and found to be compliant with regulations of the time, had no prior recorded structural deficiencies. The expert investigation concluded in 2020 that the collapse was solely attributable to the extraordinary meteorological event and that no human error or maintenance deficiency was responsible. A new viaduct was built and inaugurated in 2020. No fatalities or injuries were reported. Crollo innescato da frana per piogge eccezionali che hanno saturato il versante: meccanismo di versante, non fluviale in senso stretto. [Il database Polimi (D'Angelo et al. 2025, S3, record P169, dec=1) classifica invece il processo come: erosione verticale (scour).] News sources (Feb 2013) specify that the collapsed span was the masonry arch section, while the adjacent reinforced-concrete walkway remained standing; ANAS surveys (16 March 2013) confirmed the RC structure was undamaged."
"IT13.03.01","zocca-2013","2013-03-23","Zocca","Modena","36","modena","Modena","validated","Emilia-Romagna","44.3222","10.9746","waterway","Rosola stream","Municipal","TC","0","0","true","Natural","Hydraulic","Flood","Scour","Multiple components","Documented","{""trigger"":""flood"",""failure_process"":""scour"",""component_involved"":""multiple_components"",""evidence_level"":""documented"",""taxonomy_version"":""hydraulic-v2""}","High","true","","Beam bridge","Reinforced concrete","","","","Standard","Total collapse of a municipal bridge over the Rosola stream near Zocca (Modena, Emilia-Romagna) on 23 March 2013, triggered by hydraulic forces during spring rainfall. Zocca is a mountain municipality in the northern Apennines where streams flood rapidly during rainfall events. No fatalities or injuries were reported. Database ponti fluviali danneggiati di D'Angelo, Ballio & Ravazzani (2025), IJDRR 'Geomorphologic risk factors for river bridges', suppl. S3, record P185 (accuratezza diagnosi dec=1): processo = erosione verticale (scour); componenti danneggiate = pile, impalcato; evidenza di sormonto = no."
"IT13.09.01","roma-2013","2013-09-26","Roma","Roma","258","roma","Roma","validated","Lazio","41.933981","12.605197","road","SS5","Cycle-pedestrian","TC","0","0","true","Human-induced","Impact","Vehicle impact","Knocked down by external action","Deck / superstructure","Documented","","Medium","true","","","Reinforced concrete","","","","Standard","Total collapse of a cycle-pedestrian overpass over the SS5 Via Tiburtina near Rome (Lazio) on 26 September 2013, caused by the impact of a heavy goods vehicle with an oversized load that struck the underside of the bridge while travelling on the road below. No fatalities or injuries were reported as the bridge was unoccupied at the time. The event prompted closure of the Via Tiburtina and structural assessment of adjacent structures."
"IT13.10.01","carasco-2013","2013-10-22","Carasco","Genova","210","genova","Genova","validated","Liguria","44.3533","9.3434","waterway","Sturla stream","National","TC","2","1","true","Natural","Hydraulic","Flood","Scour","Pier / foundation","Documented","{""trigger"":""flood"",""failure_process"":""scour"",""component_involved"":""pier_foundation"",""evidence_level"":""documented"",""taxonomy_version"":""hydraulic-v2""}","High","true","Ponte San Pietro","Beam bridge","Reinforced concrete","","","","Flagship","Total collapse of the Ponte di Carasco over the torrente Sturla (Valfontanabuona, Genova, Liguria) on 22 October 2013 during a violent flash flood (nubifragio) that struck the Fontanabuona valley. Two people died — Gino Gattorna (68) and Claudio Rosasco (45), both from Moconesi — whose car was swept into the flooded Sturla as the bridge collapsed while they were crossing. The bridge was a 55-metre national road crossing on the SP 225 Fontanabuona. One further person was injured. Subsequent judicial proceedings saw 4 employees of the former Provincia di Genova charged with culpable homicide and culpable collapse (allegedly prolonged failure to carry out scheduled inspections); they were acquitted in May 2017. The bridge was rebuilt in exceptional time — completed in 6 months — and reopened in April 2014. Consulenza idrologico-idraulica (Studio Majone): scalzamento al piede della pila sinistra durante la piena dello Sturla (T~50 anni), aggravato da difformita' degli interventi 1978 sulle due pile."
"IT13.10.02","firenzuola-2013","2013-10-24","Firenzuola","Firenze","248","firenze","Firenze","validated","Toscana","44.1425","11.3566","waterway","Diaterna stream","Municipal","TC","0","0","true","Natural","Hydraulic","Flood","Scour","Multiple components","Documented","{""trigger"":""flood"",""failure_process"":""scour"",""component_involved"":""multiple_components"",""evidence_level"":""documented"",""taxonomy_version"":""hydraulic-v2""}","High","true","","Beam bridge","Reinforced concrete","","","","Standard","Total collapse of a municipal bridge over the Diaterna stream near Firenzuola (Firenze, Tuscany) on 24 October 2013, triggered by hydraulic forces during the same autumn rainfall event that caused the Carasco collapse. The Diaterna is a minor mountain stream in the Apennines north of Florence. No fatalities or injuries were reported. Database ponti fluviali danneggiati di D'Angelo, Ballio & Ravazzani (2025), IJDRR 'Geomorphologic risk factors for river bridges', suppl. S3, record P139 (accuratezza diagnosi dec=1): processo = erosione verticale (scour) + altro processo (es. colata detritica/frana); componenti danneggiate = pile, impalcato; evidenza di sormonto = no."
"IT13.11.01","olbia-2013-1","2013-11-18","Olbia","Sassari","90","sassari","Sassari","validated","Sardegna","40.8877","9.5052","waterway","Padrongianus river","Provincial/Regional","TC","0","0","true","Natural","Hydraulic","Flood","Scour","Multiple components","Documented","{""trigger"":""flood"",""failure_process"":""scour"",""component_involved"":""multiple_components"",""evidence_level"":""documented"",""taxonomy_version"":""hydraulic-v2""}","High","true","","Beam bridge","Reinforced concrete","","","","Standard","Total collapse of a provincial/regional bridge over the Padrongianus river near Olbia (Sassari, Sardinia) on 18 November 2013, triggered by the catastrophic flooding caused by Ciclone Cleopatra — which dropped 440 mm in a few hours, killing 19 people across Sardinia and causing €660 million of damage. Olbia suffered 9 deaths. No fatalities directly attributed to this specific collapse. Database ponti fluviali danneggiati di D'Angelo, Ballio & Ravazzani (2025), IJDRR 'Geomorphologic risk factors for river bridges', suppl. S3, record P152 (accuratezza diagnosi dec=1): processo = erosione verticale (scour); componenti danneggiate = pile, impalcato; evidenza di sormonto = yes."
"IT13.11.02","oliena-2013-1","2013-11-18","Oliena","Nuoro","91","nuoro","Nuoro","validated","Sardegna","40.2956","9.4764","waterway","Cedrino river","Provincial/Regional","TC","1","0","true","Natural","Hydraulic","Flood","Bank erosion / embankment failure","Approach embankment","Probable","{""trigger"":""flood"",""failure_process"":""bank_erosion_or_embankment_failure"",""component_involved"":""approach_embankment"",""evidence_level"":""probable"",""taxonomy_version"":""hydraulic-v2""}","High","true","Ponte di Oloè","Beam bridge","Reinforced concrete","","","","Flagship","Total collapse of the Ponte di Oloè on the SP46 provincial road between Oliena and Dorgali (Nuoro, Sardinia) on 18 November 2013, caused by the catastrophic flooding of the Cedrino river during Ciclone Cleopatra. Inspector Luca Tanzi (40), a police officer responding to the emergency with three colleagues escorting an ambulance, was killed when the bridge spalletta collapsed suddenly at approximately 18:30, plunging his Land Rover into the void. His three colleagues survived. The bridge was placed under judicial sequestration; subsequent works were found to use substandard materials. A 30-person trial for culpable homicide and disastro colposo was opened; a second trial addressed the fraudulent reconstruction. The bridge was not reopened for over 10 years. Cedimento del terrapieno/rilevato in corrispondenza del ponte durante la piena del Cedrino (ciclone Cleopatra); il vecchio rilevato ostruiva il deflusso (fonte ANSA/Regione Sardegna)."
"IT13.11.03","olbia-2013-2","2013-11-18","Olbia","Sassari","90","sassari","Sassari","validated","Sardegna","40.9653","9.278","waterway","Rio Badu Pinasu","Provincial/Regional","TC","3","0","true","Natural","Hydraulic","Flood","Bank erosion / embankment failure","Approach embankment","Documented","{""trigger"":""flood"",""failure_process"":""bank_erosion_or_embankment_failure"",""component_involved"":""approach_embankment"",""evidence_level"":""documented"",""taxonomy_version"":""hydraulic-v2""}","High","true","","","Reinforced concrete","","","","Flagship","Total collapse of a section of the SP38 provincial road at Monte Pino near Olbia (Sassari, Sardinia) on 18 November 2013, caused by a voragine (sinkhole/collapse) triggered by the catastrophic flooding of the Rio Badu Pinasu stream during Ciclone Cleopatra. Three people died: Bruno Fiore, his wife Sebastiana Brundu, and his consuocera Maria Loriga, who were travelling on the road when a large section gave way. The collapse created a monument to 'inefficiency' — the road remained unrepaired for years. Three people were convicted by the Tribunale di Tempio Pausania in March 2022 for culpable collapse and culpable homicide. Piano degli interventi ex OCDPC 122/2013, Commissario delegato emergenza alluvione Sardegna (All. A Ordinanza commissariale n. 23 del 23/01/2014), Allegato 2, scheda ID 26 (Provincia Olbia-Tempio, SP 38 - Monte Pino): ""Crollo di un tratto di rilevato lungo circa 20 m in corrispondenza dell'opera idraulica, per probabile erosione del materiale di riporto ai fianchi del tubolare di cemento armato dovuto all'eccezionalita' della piena"". Meccanismo: cedimento del rilevato stradale sovrastante il tombino/tubolare in c.a., per erosione del riporto (la scheda tecnica qualifica essa stessa l'erosione come ""probabile""). Nota: la scheda attribuisce il sito al comune di Telti (Monte Pino ricade al confine Telti/Olbia), mentre il DB riporta Olbia; localita' e strada coincidono. [Il database Polimi (D'Angelo et al. 2025, S3, record P073, dec=0.5) classifica invece il processo come: altro processo (es. colata detritica/frana).]"
"IT13.11.04","oliena-2013-2","2013-11-18","Oliena","Nuoro","91","nuoro","Nuoro","validated","Sardegna","40.2963","9.3932","waterway","Cedrino river","Provincial/Regional","TC","0","0","true","Natural","Hydraulic","Flood","Overtopping / hydrodynamic action","Multiple components","Documented","{""trigger"":""flood"",""failure_process"":""overtopping_or_hydrodynamic_action"",""component_involved"":""multiple_components"",""evidence_level"":""documented"",""taxonomy_version"":""hydraulic-v2""}","High","true","","Beam bridge","Reinforced concrete","","","","Standard","Total collapse of a second provincial/regional bridge over the Cedrino river near Oliena (Nuoro, Sardinia) on 18 November 2013, caused by Ciclone Cleopatra. This was a separate crossing from the Ponte di Oloè on the SP46; its collapse contributed to the complete isolation of the Oliena-Dorgali area. No fatalities directly attributed to this specific collapse. Database ponti fluviali danneggiati di D'Angelo, Ballio & Ravazzani (2025), IJDRR 'Geomorphologic risk factors for river bridges', suppl. S3, record P074 (accuratezza diagnosi dec=1): processo = carico idraulico sulla struttura; componenti danneggiate = pile, spalle, impalcato; evidenza di sormonto = no."
"IT13.11.05","galatelli-2013","2013-11-18","Galatelli","Nuoro","91","nuoro","Nuoro","validated","Sardegna","40.3935","9.5845","waterway","Rio Sologo","Provincial/Regional","TC","0","0","true","Natural","Hydraulic","Flood","Scour","Multiple components","Documented","{""trigger"":""flood"",""failure_process"":""scour"",""component_involved"":""multiple_components"",""evidence_level"":""documented"",""taxonomy_version"":""hydraulic-v2""}","Medium","true","","Beam bridge","Reinforced concrete","","","","Standard","Total collapse of a provincial/regional bridge over the Rio Sologo near Galatelli (Nuoro, Sardinia) on 18 November 2013, triggered by the extreme flooding caused by Ciclone Cleopatra. No fatalities directly attributed to this specific collapse. Database ponti fluviali danneggiati di D'Angelo, Ballio & Ravazzani (2025), IJDRR 'Geomorphologic risk factors for river bridges', suppl. S3, record P075 (accuratezza diagnosi dec=1): processo = erosione verticale (scour); componenti danneggiate = pile, impalcato; evidenza di sormonto = yes."
"IT13.11.06","olbia-2013-3","2013-11-18","Olbia","Olbia","90","sassari","Olbia","name_mismatch_coordinates_resolved","Sardegna","40.88165","9.470236","waterway","Rio Enas","Municipal","TC","0","0","true","Natural","Hydraulic","Flood","","","Unspecified","{""trigger"":""flood"",""failure_process"":null,""component_involved"":null,""evidence_level"":""unspecified"",""taxonomy_version"":""hydraulic-v2""}","High","true","","Beam bridge","Reinforced concrete","","","","Standard","Total collapse of a municipal bridge over the Rio Enas near Olbia (Sassari, Sardinia) on 18 November 2013, caused by the catastrophic flooding during Ciclone Cleopatra. Olbia, as the epicentre of the disaster with 9 deaths, suffered the destruction of multiple bridges and road infrastructure. No fatalities directly attributed to this specific collapse. Piena documentata; meccanismo di dettaglio non ricostruibile dalle fonti disponibili. Verifica su Piano degli interventi ex OCDPC 122/2013, Commissario delegato emergenza alluvione Sardegna (All. A Ordinanza commissariale n. 23 del 23/01/2014): nessuna scheda relativa a un crollo di ponte sul Rio Enas a Olbia (Piano non esaustivo: 221 schede considerate su 919 pervenute)."
"IT13.11.07","foligno-2013","2013-11-19","Foligno","Perugia","54","perugia","Perugia","validated","Umbria","42.9842557783153","12.7351555203804","waterway","Topino river","Municipal","PC","0","0","true","Natural","Hydraulic","Flood","Scour","Pier / foundation","Documented","{""trigger"":""flood"",""failure_process"":""scour"",""component_involved"":""pier_foundation"",""evidence_level"":""documented"",""taxonomy_version"":""hydraulic-v2""}","High","true","Ponte di Scanzano","Beam bridge","Reinforced concrete","","","","Standard","Partial collapse of a municipal bridge over the Topino river near Foligno (Perugia, Umbria) on 19 November 2013, triggered by hydraulic forces during autumn flooding. No fatalities or injuries were reported. Database ponti fluviali danneggiati di D'Angelo, Ballio & Ravazzani (2025), IJDRR 'Geomorphologic risk factors for river bridges', suppl. S3, record P163 (accuratezza diagnosi dec=1): processo = erosione verticale (scour); componenti danneggiate = pile; evidenza di sormonto = no."
"IT13.12.01","rubbianello-2013","2013-12-02","Rubbianello","Ascoli","44","ascoli-piceno","Ascoli","name_mismatch_coordinates_resolved","Marche","43.0584","13.7184","waterway","Aso river","Provincial/Regional","TC","0","0","true","Natural","Hydraulic","Flood","Scour","Pier / foundation","Probable","{""trigger"":""flood"",""failure_process"":""scour"",""component_involved"":""pier_foundation"",""evidence_level"":""probable"",""taxonomy_version"":""hydraulic-v2""}","High","true","","Beam bridge","Reinforced concrete","","","","Standard","Total collapse of a provincial/regional bridge over the Aso river near Rubbianello (Fermo, Marche) on 2 December 2013, triggered by hydraulic forces during autumn rainfall. No fatalities or injuries were reported. Citato nella letteratura tecnica (Convegno FABRE 2022) tra i crolli per scalzamento (ponte Rubbianello sull'Aso). [Il database Polimi (D'Angelo et al. 2025, S3, record P128, dec=1) classifica invece il processo come: erosione laterale di sponda.]"
"IT13.12.02","apice-2013","2013-12-02","Apice","Benevento","62","benevento","Benevento","validated","Campania","41.1381","14.9263","waterway","Miscano river","Provincial/Regional","PC","0","0","true","Natural","Hydraulic","Flood","Scour","Pier / foundation","Documented","{""trigger"":""flood"",""failure_process"":""scour"",""component_involved"":""pier_foundation"",""evidence_level"":""documented"",""taxonomy_version"":""hydraulic-v2""}","Medium","true","","Beam bridge","Reinforced concrete","","","","Standard","Partial collapse of a provincial/regional bridge over the Miscano river near Apice (Benevento, Campania) on 2 December 2013, triggered by hydraulic forces. No fatalities or injuries were reported. Database ponti fluviali danneggiati di D'Angelo, Ballio & Ravazzani (2025), IJDRR 'Geomorphologic risk factors for river bridges', suppl. S3, record P148 (accuratezza diagnosi dec=1): processo = erosione verticale (scour) + altro processo (es. colata detritica/frana); componenti danneggiate = pile; evidenza di sormonto = no."
"IT13.12.03","costa-di-serina-2013","2013-12-02","Costa di Serina","Bergamo","16","bergamo","Bergamo","validated","Lombardia","45.841449","9.730167","waterway","Serina stream","Provincial/Regional","TC","0","0","true","Natural","Landslide","Landslide / slope failure","Knocked down by external action","","Probable","","High","true","","Beam bridge","Reinforced concrete","","","","Standard","Total collapse of a provincial/regional bridge over the Serina stream near Costa di Serina (Bergamo, Lombardy) on 2 December 2013, triggered by a landslide during intense rainfall. No fatalities or injuries were reported."
"IT14.04.01","pisa-2014","2014-04-23","Pisa","Livorno","49","livorno","Livorno","validated","Toscana","43.5838","10.3058","waterway","Darsena","National","PC","0","0","false","Human-induced","Material","Movable bridge operation","Fracture","Connection / joint","Documented","","High","true","Viadotto Navicelli","Beam bridge","Steel","1990","1990","1990","Standard","Partial collapse of the Viadotto Navicelli, a moveable road bridge on the FiPiLi superstrada at Calambrone (Pisa, Tuscany) crossing the Canale dei Navicelli, on 23 April 2014 at approximately 11:00. During a closing manoeuvre after allowing a sailing vessel to pass, a series of bridge components fell onto the roadway below, causing panic among motorists. The collapse was caused by the failure of bolts holding the moveable span. No fatalities or injuries were reported. The bridge, managed by Società Navicelli, is a vital link between the Pisa and Livorno nautical industrial districts; its closure severely disrupted operations for dozens of nautical firms. Repairs required at least one month and two cranes. Confindustria noted that an analogous collapse had occurred at the same bridge in 2014 when a further event occurred in 2026. Progetto del 1990 (ramo livornese FI-PI-LI, piano 'Italia '90'), ANAS stazione appaltante, collaudato nel 2004; ponte mobile levatoio sul canale dei Navicelli. NB: un secondo, distinto collasso ha interessato lo stesso ponte il 06/03/2026 per rottura di una delle due cerniere in acciaio del meccanismo di sollevamento (non idraulico): valutare se aggiungere come scheda separata."
"IT14.05.01","sant-elpidio-a-mare-2014","2014-05-03","Sant'Elpidio a Mare","Fermo","109","fermo","Fermo","validated","Marche","43.2294","13.6656","waterway","Eto Morto river","Municipal","TC","0","0","true","Natural","Hydraulic","Flood","Scour","Multiple components","Documented","{""trigger"":""flood"",""failure_process"":""scour"",""component_involved"":""multiple_components"",""evidence_level"":""documented"",""taxonomy_version"":""hydraulic-v2""}","Medium","true","","Beam bridge","Reinforced concrete","","","","Standard","Total collapse of a municipal bridge over the Ete Morto river near Sant'Elpidio a Mare (Fermo, Marche) on 3 May 2014, triggered by hydraulic forces during a flood event. No fatalities or injuries were reported. Database ponti fluviali danneggiati di D'Angelo, Ballio & Ravazzani (2025), IJDRR 'Geomorphologic risk factors for river bridges', suppl. S3, record P077 (accuratezza diagnosi dec=1): processo = erosione verticale (scour) + erosione laterale di sponda; componenti danneggiate = pile, spalle, rilevato di accesso, impalcato; evidenza di sormonto = no."
"IT14.07.01","licata-2014","2014-07-07","Licata","Agrigento","84","agrigento","Agrigento","validated","Sicilia","37.1685","13.9476","urban area","Municipality of Licata","National","TC","0","4","false","Human-induced","Material","No identifiable external trigger","Fracture","Deck / superstructure","Documented","","High","true","Viadotto Petrulla","Beam bridge","Prestressed concrete","1970s","","1970s","Standard","Total collapse of a span of the Viadotto Petrulla on the SS626 national road in the contrada Petrulla, territory of Licata (Agrigento, Sicily) on 7 July 2014. The bridge deck collapsed downward from a height of approximately 4 metres due to sudden failure of the prestressed concrete carrying beams, splintering at mid-span. Two vehicles were involved in the incident: four people sustained minor injuries, including a pregnant woman who was airlifted to hospital in Caltanissetta as a precaution. ANAS immediately established an internal investigation commission. The Procura di Agrigento opened a criminal investigation. The event was subsequently cited by CNR-ITC as a significant example of prestressed concrete failure in Italian bridge infrastructure, comparable to the later Fossano (2017) collapse."
"IT14.07.02","roma-2014","2014-07-24","Roma","Roma","258","roma","Roma","validated","Lazio","41.963936","12.489246","road","SS3","Cycle-pedestrian","TC","0","0","true","Human-induced","Impact","Vehicle impact","Knocked down by external action","Deck / superstructure","Documented","","High","true","","Beam bridge","Reinforced concrete","","","","Standard","Total collapse of a cycle-pedestrian bridge over the SS3 Via Flaminia national road near Rome (Lazio) on 24 July 2014, caused by the impact of a heavy goods vehicle with an oversized load that struck the underside of the bridge while travelling on the road below. No fatalities or injuries were reported as the bridge was unoccupied at the time. The collapse interrupted the SS3 Via Flaminia and prompted closure for structural assessment of similar structures in the area."
"IT14.08.01","moggio-udinese-2014","2014-08-13","Moggio Udinese","Udine","30","udine","Udine","validated","Friuli-Venezia Giulia","46.4069","13.1994","waterway","Aupa stream","Municipal","PC","0","0","true","Natural","Hydraulic","Flood","Scour","Pier / foundation","Documented","{""trigger"":""flood"",""failure_process"":""scour"",""component_involved"":""pier_foundation"",""evidence_level"":""documented"",""taxonomy_version"":""hydraulic-v2""}","Medium","true","","Beam bridge","Reinforced concrete","","","","Standard","Partial collapse of a municipal bridge over the Aupa stream near Moggio Udinese (Udine, Friuli-Venezia Giulia) on 13 August 2014, caused by hydraulic forces during a summer flood event. The Aupa is a mountain stream in the Carnia Alps known for flash flooding following intense summer storms. No fatalities or injuries were reported. Database ponti fluviali danneggiati di D'Angelo, Ballio & Ravazzani (2025), IJDRR 'Geomorphologic risk factors for river bridges', suppl. S3, record P171 (accuratezza diagnosi dec=1): processo = erosione verticale (scour) + altro processo (es. colata detritica/frana); componenti danneggiate = pile; evidenza di sormonto = no."
"IT14.09.01","casalfiumanese-2014","2014-09-20","Casalfiumanese","Bologna","237","bologna","Bologna","validated","Emilia-Romagna","44.2374","11.5179","waterway","Santerno river","Municipal","TC","0","0","true","Natural","Hydraulic","Flood","Scour","Multiple components","Documented","{""trigger"":""flood"",""failure_process"":""scour"",""component_involved"":""multiple_components"",""evidence_level"":""documented"",""taxonomy_version"":""hydraulic-v2""}","Medium","true","","Beam bridge","Reinforced concrete","1985","1985","1985","Standard","Total collapse of a municipal bridge over the Santerno river near Casalfiumanese (Bologna, Emilia-Romagna) on 20 September 2014, triggered by hydraulic forces during autumn flooding. The Santerno, flowing from the Apennines through the Imola area, is prone to flash flooding in autumn. No fatalities or injuries were reported. Database ponti fluviali danneggiati di D'Angelo, Ballio & Ravazzani (2025), IJDRR 'Geomorphologic risk factors for river bridges', suppl. S3, record P183 (accuratezza diagnosi dec=1): processo = erosione verticale (scour); componenti danneggiate = pile, impalcato; evidenza di sormonto = yes."
"IT14.10.01","parma-2014","2014-10-13","Parma","Parma","34","parma","Parma","validated","Emilia-Romagna","44.7868","10.3171","waterway","Baganza stream","Cycle-pedestrian","TC","0","0","true","Natural","Hydraulic","Flood","Overtopping / hydrodynamic action","Multiple components","Documented","{""trigger"":""flood"",""failure_process"":""overtopping_or_hydrodynamic_action"",""component_involved"":""multiple_components"",""evidence_level"":""documented"",""taxonomy_version"":""hydraulic-v2""}","High","true","","Beam bridge","Reinforced concrete","","","","Standard","Total collapse of a cycle-pedestrian bridge over the Baganza stream in Parma (Emilia-Romagna) on 13 October 2014, triggered by the flooding of the Baganza during the major rainfall event that struck the Parma area. The Baganza, a tributary of the Parma torrent, overflowed its banks causing significant infrastructure damage. No fatalities or injuries were reported. Database ponti fluviali danneggiati di D'Angelo, Ballio & Ravazzani (2025), IJDRR 'Geomorphologic risk factors for river bridges', suppl. S3, record P126 (accuratezza diagnosi dec=1): processo = carico idraulico sulla struttura + altro processo (es. colata detritica/frana); componenti danneggiate = pile, impalcato; evidenza di sormonto = si."
"IT14.11.01","trasta-2014","2014-11-10","Trasta","Genova","210","genova","Genova","validated","Liguria","44.4594","8.8852","waterway","Rio Ciliegio","Cycle-pedestrian","TC","0","0","true","Natural","Hydraulic","Flood","Overtopping / hydrodynamic action","Multiple components","Probable","{""trigger"":""flood"",""failure_process"":""overtopping_or_hydrodynamic_action"",""component_involved"":""multiple_components"",""evidence_level"":""probable"",""taxonomy_version"":""hydraulic-v2""}","High","true","","Beam bridge","Reinforced concrete","","","","Standard","Total collapse of a cycle-pedestrian bridge over the Rio Ciliegio near Trasta, a fraction of Genova (Liguria) on 10 November 2014, triggered by the major flash flood that struck the Genova area — the second catastrophic alluvione in three years after the deadly 2011 event. The Rio Ciliegio is a minor stream in the Genova hinterland that overflowed during the event, which caused 1 death and widespread infrastructure damage across the city. No fatalities directly attributed to this specific collapse. Database ponti fluviali danneggiati di D'Angelo, Ballio & Ravazzani (2025), IJDRR 'Geomorphologic risk factors for river bridges', suppl. S3, record P079 (accuratezza diagnosi dec=0.5): processo = carico idraulico sulla struttura; componenti danneggiate = pile, spalle, impalcato; evidenza di sormonto = ?."
"IT14.11.02","ventimiglia-2014","2014-11-15","Ventimiglia","Imperia","8","imperia","Imperia","validated","Liguria","43.8224","7.5775","waterway","Bevera stream","Municipal","PC","0","0","true","Natural","Hydraulic","Flood","Scour","Pier / foundation","Documented","{""trigger"":""flood"",""failure_process"":""scour"",""component_involved"":""pier_foundation"",""evidence_level"":""documented"",""taxonomy_version"":""hydraulic-v2""}","High","true","","Beam bridge","Reinforced concrete","","","","Standard","Partial collapse of a municipal bridge over the Bevera stream near Ventimiglia (Imperia, Liguria) on 15 November 2014, caused by the extreme hydraulic event that struck the Liguria di Ponente. Ventimiglia and the Bevera valley were severely affected by flooding during the November 2014 Liguria rainfall events. No fatalities or injuries were reported. Database ponti fluviali danneggiati di D'Angelo, Ballio & Ravazzani (2025), IJDRR 'Geomorphologic risk factors for river bridges', suppl. S3, record P165 (accuratezza diagnosi dec=1): processo = erosione verticale (scour); componenti danneggiate = pile; evidenza di sormonto = no."
"IT14.11.03","salice-terme-2014","2014-11-16","Salice Terme","Pavia","18","pavia","Pavia","validated","Lombardia","44.9187","9.0295","waterway","Staffora stream","Municipal","PC","0","0","true","Natural","Hydraulic","Flood","Scour","Pier / foundation","Documented","{""trigger"":""flood"",""failure_process"":""scour"",""component_involved"":""pier_foundation"",""evidence_level"":""documented"",""taxonomy_version"":""hydraulic-v2""}","High","true","","Beam bridge","Reinforced concrete","","","","Standard","Partial collapse of a municipal bridge over the Staffora stream at Salice Terme, fraction of Godiasco Salice Terme (Pavia, Lombardy) on 16 November 2014, caused by flooding of the Staffora during the November 2014 northern Italy rainfall event. The Staffora, flowing through the Oltrepò Pavese, overflowed causing infrastructure damage in the Pavia area. No fatalities or injuries were reported. Database ponti fluviali danneggiati di D'Angelo, Ballio & Ravazzani (2025), IJDRR 'Geomorphologic risk factors for river bridges', suppl. S3, record P147 (accuratezza diagnosi dec=1): processo = erosione verticale (scour); componenti danneggiate = pile; evidenza di sormonto = no."
"IT14.12.01","mezzojuso-2014","2014-12-30","Mezzojuso","Palermo","282","palermo","Palermo","validated","Sicilia","37.892697","13.461","valley","Municipality of Mezzojuso","National","TC","0","0","false","Human-induced","Design and Construction","No identifiable external trigger","Other documented mode","Approach embankment","Documented","","High","true","Viadotto Scorciavacche","","Steel-concrete composite","2014","2014","2014","Flagship","Total collapse of the Viadotto Scorciavacche on the SS189 Palermo-Agrigento expressway near Mezzojuso (Palermo, Sicily) on 30 December 2014, exactly seven days after its inauguration. The viaduct had been opened without the required structural testing and certification (collaudo), with ANAS having moved the inauguration forward by three months. The structure, built on unstable terrain, failed within a week of opening to traffic. The collapse was a major national scandal: Prime Minister Matteo Renzi expressed public outrage; the Procura di Termini Imerese opened an investigation for attentato alla sicurezza dei trasporti and falso, indicting the ex-ANAS president Pietro Ciucci and several ANAS directors. After years of procedural battles, most charges were declared prescribed in 2023; in January 2025 the remaining defendants were acquitted. No fatalities or injuries were reported as the viaduct failed without vehicles in transit."
"IT15.03.01","laino-borgo-2015","2015-03-03","Laino Borgo","Cosenza","78","cosenza","Cosenza","validated","Calabria","39.943442","15.960189","valley","Municipality of Laino Borgo","Motorway","TC","1","0","true","Human-induced","Impact","Demolition operation","Other documented mode","Deck / superstructure","Documented","","High","true","Viadotto Italia","Beam bridge","Steel","1969","1969","1969","Flagship","Total collapse of approach span no. 13 (Reggio Calabria side) of the Viadotto Italia on the A3/A2 del Mediterraneo motorway between Laino Borgo and Mormanno (Cosenza, Calabria) on 2 March 2015 at approximately 17:00, during demolition works as part of the Macrolotto 3.2 motorway widening programme. The steel span, found to lack fixings on both supports, slid off pier 12 and fell approximately 80 metres into the Lao gorge below. One worker — Adrian Ionel Miholca, 25, Romanian national of Nitrex Srl — was carried down with the span and died on impact. The Procura di Castrovillari sequestered the entire viaduct; the A3 between Laino Borgo and Mormanno remained closed for several months, effectively isolating Calabria from the rest of Italy along the main north-south motorway axis. ANAS established an internal inquiry commission. The Viadotto Italia, designed with consultancy of Riccardo Morandi and inaugurated in 1969, was at the time the highest bridge in Italy (240m above the valley floor) and had been Europe's highest until 2004."
"IT15.03.02","cerami-2015","2015-03-14","Cerami","Enna","86","enna","Enna","validated","Sicilia","37.777473","14.494313","waterway","Cerami river","Cycle-pedestrian","PC","0","0","false","Human-induced","Material","No identifiable external trigger","","Deck / superstructure","Unspecified","","Medium","true","Ponte di Cicerone","Arch bridge","Masonry","","","","Standard","Partial collapse of a cycle-pedestrian bridge over the Cerami river near Cerami (Enna, Sicily) on 14 March 2015, caused by structural deterioration in the absence of adequate maintenance. No fatalities or injuries were reported. Cerami has a notable medieval arch bridge of the XII century over the Cerami river, but this event relates to a separate structure in the same area. Limited documentation available for this specific event."
"IT15.03.03","enna-2015","2015-03-28","Enna","Enna","86","enna","Enna","validated","Sicilia","37.571078","14.286953","valley","Enna's panoramic road","Provincial/Regional","TC","0","0","true","Natural","Hydraulic","Flood","","","Unspecified","{""trigger"":""flood"",""failure_process"":null,""component_involved"":null,""evidence_level"":""unspecified"",""taxonomy_version"":""hydraulic-v2""}","Medium","true","","Arch bridge","Masonry","","","","Standard","Total collapse of a provincial/regional bridge on the panoramic road of Enna (Sicily) on 28 March 2015, triggered by hydraulic phenomena during spring rainfall. No fatalities or injuries were reported. Enna's hilly terrain makes the provincial road network particularly vulnerable to hydraulic and landslide events during the rainy season. Piena documentata; meccanismo di dettaglio non ricostruibile dalle fonti disponibili."
"IT15.04.01","himera-scillato-2015","2015-04-10","Scillato","Palermo","282","palermo","Palermo","validated","Sicilia","37.857","13.906","waterway","Grande river","Motorway","TC","0","0","true","Natural","Landslide","Landslide / slope failure","Knocked down by external action","Pier / foundation","Documented","","High","true","Viadotto Himera","Beam bridge","Prestressed concrete","1970","1970","1970","Flagship","Total collapse and severe deformation of the Himera motorway viaduct near Scillato (Sicily) on 10 April 2015 caused by a large landslide affecting the foundation area and surrounding slope. The event interrupted a major motorway connection in Sicily without causing fatalities or injuries."
"IT15.09.01","bobbio-2015","2015-09-14","Bobbio","Piacenza","33","piacenza","Piacenza","validated","Emilia-Romagna","44.7949","9.4141","waterway","Trebbia river","National","TC","0","0","true","Natural","Hydraulic","Flood","Overtopping / hydrodynamic action","Deck / superstructure","Probable","{""trigger"":""flood"",""failure_process"":""overtopping_or_hydrodynamic_action"",""component_involved"":""deck_or_superstructure"",""evidence_level"":""probable"",""taxonomy_version"":""hydraulic-v2""}","High","true","Barberino bridge","Arch bridge","Masonry","1950","1950","1950","Standard","Total collapse of a national road bridge over the Trebbia river near Bobbio (Piacenza, Emilia-Romagna) on 14 September 2015, triggered by the severe flooding of the Trebbia during intense late-summer rainfall. The Trebbia is known for its powerful flash floods in the upper valley. No fatalities or injuries were reported. The medieval Ponte Gobbo (humpback bridge), a symbol of Bobbio, survived the event despite heavy flooding around it; the collapsed structure was a modern RC road bridge. Il ponte di Barberino (arco in muratura anni '50) cedette per la spinta dell'acqua durante la piena 'cinquecentenaria' del Trebbia; fonti locali segnalano anche il degrado manutentivo pregresso del manufatto. Nessuna perizia pubblica reperita. [Il database Polimi (D'Angelo et al. 2025, S3, record P080, dec=1) classifica invece il processo come: erosione verticale (scour).]"
"IT15.10.01","circello-2015","2015-10-15","Circello","Benevento","62","benevento","Benevento","validated","Campania","41.3707","14.7882","waterway","Tammarecchia river","Provincial/Regional","TC","0","0","true","Natural","Hydraulic","Flood","Bank erosion / embankment failure","Multiple components","Documented","{""trigger"":""flood"",""failure_process"":""bank_erosion_or_embankment_failure"",""component_involved"":""multiple_components"",""evidence_level"":""documented"",""taxonomy_version"":""hydraulic-v2""}","High","true","Ponte Tammarecchia","Beam bridge","Reinforced concrete","","","","Standard","Total collapse of the Ponte Tammarecchia on the SP ex-SS 625 between Campolattaro and Circello (Benevento, Campania) on 15 October 2015, triggered by the catastrophic flash flood that struck the Sannio region — one of the most severe hydraulic events ever recorded in the province. The masonry pillar was swept away by the Tammarecchia river in full spate, isolating the Alto Tammaro area and cutting off several communities. One of 5 bridges in Circello alone destroyed in the event. The Esercito Italiano deployed Bailey bridge technology; a provisional crossing was installed within months. A permanent replacement bridge (€950,000) was inaugurated in 2018. No fatalities directly attributed to this specific collapse. Database ponti fluviali danneggiati di D'Angelo, Ballio & Ravazzani (2025), IJDRR 'Geomorphologic risk factors for river bridges', suppl. S3, record P084 (accuratezza diagnosi dec=1): processo = erosione laterale di sponda; componenti danneggiate = pile, spalle, rilevato di accesso, impalcato; evidenza di sormonto = ?. Multi-span reinforced-concrete bridge (RC piers and abutments, RC deck) with piers in the riverbed; collapse triggered by failure of a central pier due to foundation scour during the flood."
"IT15.10.02","morcone-2015","2015-10-15","Morcone","Benevento","62","benevento","Benevento","validated","Campania","41.3289","14.7653","waterway","Tammarecchia river","Provincial/Regional","TC","0","0","true","Natural","Hydraulic","Flood","Scour","Pier / foundation","Documented","{""trigger"":""flood"",""failure_process"":""scour"",""component_involved"":""pier_foundation"",""evidence_level"":""documented"",""taxonomy_version"":""hydraulic-v2""}","High","true","","Beam bridge","Reinforced concrete","","","","Standard","Total collapse of a provincial/regional bridge over the Tammarecchia river near Morcone (Benevento, Campania) on 15 October 2015, during the catastrophic flash flood that struck the Sannio region. The bridge was one of multiple structures destroyed on the same waterway during the event, which caused €1.1 billion of total damage across the province. No fatalities directly attributed to this specific collapse. Database ponti fluviali danneggiati di D'Angelo, Ballio & Ravazzani (2025), IJDRR 'Geomorphologic risk factors for river bridges', suppl. S3, record P085 (accuratezza diagnosi dec=1): processo = erosione verticale (scour); componenti danneggiate = pile; evidenza di sormonto = no."
"IT15.10.03","cautano-2015","2015-10-15","Cautano","Benevento","62","benevento","Benevento","validated","Campania","41.1361","14.6333","waterway","Jenga stream","Provincial/Regional","TC","0","0","true","Natural","Hydraulic","Flood","","","Unspecified","{""trigger"":""flood"",""failure_process"":null,""component_involved"":null,""evidence_level"":""unspecified"",""taxonomy_version"":""hydraulic-v2""}","High","true","Ponte Jenga","Beam bridge","Reinforced concrete","","","","Standard","Total collapse of the Ponte Jenga on SP109 over the Jenga stream between Campoli Monte Taburno and Cautano (Benevento, Campania) on 15 October 2015, triggered by the catastrophic Benevento flood event. The Provincia di Benevento approved a reconstruction project of €950,000 for the new bridge. No fatalities directly attributed to this specific collapse. Piena documentata; meccanismo di dettaglio non ricostruibile dalle fonti disponibili."
"IT15.10.04","casalduni-2015","2015-10-15","Casalduni","Benevento","62","benevento","Benevento","validated","Campania","41.2615","14.7016","waterway","Alente river","Provincial/Regional","TC","0","0","true","Natural","Hydraulic","Flood","Scour","Multiple components","Documented","{""trigger"":""flood"",""failure_process"":""scour"",""component_involved"":""multiple_components"",""evidence_level"":""documented"",""taxonomy_version"":""hydraulic-v2""}","High","true","","Beam bridge","Reinforced concrete","","","","Standard","Total collapse of the bridge on SP95 (Malepara) over the Alente river connecting Casalduni with the SS88 (Benevento, Campania) on 15 October 2015, during the catastrophic Sannio flood event. Casalduni was left completely isolated, without water and electricity, following the collapse. The Esercito Italiano deployed Bailey bridge technology for emergency access. Reconstruction project approved for €570,000. No fatalities directly attributed to this specific collapse. Database ponti fluviali danneggiati di D'Angelo, Ballio & Ravazzani (2025), IJDRR 'Geomorphologic risk factors for river bridges', suppl. S3, record P088 (accuratezza diagnosi dec=1): processo = erosione verticale (scour); componenti danneggiate = spalle, impalcato; evidenza di sormonto = no."
"IT15.10.05","baselice-2015","2015-10-19","Baselice","Benevento","62","benevento","Benevento","validated","Campania","41.4015","14.9459","waterway","Cervaro stream","Municipal","TC","0","0","true","Natural","Hydraulic","Flood","Other documented hydraulic process","Multiple components","Documented","{""trigger"":""flood"",""failure_process"":""other_documented_hydraulic_process"",""component_involved"":""multiple_components"",""evidence_level"":""documented"",""taxonomy_version"":""hydraulic-v2""}","Medium","true","","Beam bridge","Reinforced concrete","","","","Standard","Total collapse of a municipal bridge over the Cervaro stream near Baselice (Benevento, Campania) on 19 October 2015, triggered by hydraulic phenomena associated with the continuing effects of the October 2015 Sannio flood event. Baselice was among the municipalities damaged during the emergency in which the Esercito Italiano intervened. No fatalities or injuries were reported. Database ponti fluviali danneggiati di D'Angelo, Ballio & Ravazzani (2025), IJDRR 'Geomorphologic risk factors for river bridges', suppl. S3, record P153 (accuratezza diagnosi dec=1): processo = altro processo (es. colata detritica/frana); componenti danneggiate = pile, impalcato; evidenza di sormonto = no."
"IT15.11.01","marina-di-caulonia-2015","2015-11-01","Marina di Caulonia","Reggio Calabria","280","reggio-di-calabria","Reggio Calabria","name_mismatch_coordinates_resolved","Calabria","38.348","16.4729","waterway","Allaro river","National","TC","0","0","true","Natural","Hydraulic","Flood","Scour","Pier / foundation","Probable","{""trigger"":""flood"",""failure_process"":""scour"",""component_involved"":""pier_foundation"",""evidence_level"":""probable"",""taxonomy_version"":""hydraulic-v2""}","High","true","Ponte Allaro","Beam bridge","Reinforced concrete","","","","Standard","Total collapse of the northbound carriageway of the Ponte Allaro on the SS106 Jonica national road near Marina di Caulonia (Reggio Calabria, Calabria) on 1 November 2015, during the major flood that struck the Locride area (the 'alluvione della Locride', 31 October–2 November 2015). The Allaro river overwhelmed the bridge, causing the collapse of the 'ponte monarchico' (the older of the two parallel structures). The remaining partial structure was demolished on 6 November 2015 for safety reasons. ANAS appaltò reconstruction works of €2.5 million in December 2016; the new bridge was opened in December 2020. No fatalities directly attributed to this specific bridge collapse (though the broader flood claimed multiple victims in the area). Piena della fiumara Allaro (alluvione Locride, nov. 2015): crollo della corsia 'monarchica' del ponte SS106. Il successivo progressivo abbassamento dell'impalcato della corsia superstite durante le piene seguenti indica cedimenti fondali (scalzamento) come meccanismo probabile; nessuna perizia pubblica reperita."
"IT16.03.01","stigliano-2016","2016-03-18","Stigliano","Matera","77","matera","Matera","validated","Basilicata","40.3342","16.3132","waterway","Sauro stream","Provincial/Regional","PC","0","0","true","Natural","Hydraulic","Flood","Bank erosion / embankment failure","Approach embankment","Documented","{""trigger"":""flood"",""failure_process"":""bank_erosion_or_embankment_failure"",""component_involved"":""approach_embankment"",""evidence_level"":""documented"",""taxonomy_version"":""hydraulic-v2""}","High","true","Viadotto Marrazzita","","Reinforced concrete","","","","Standard","Partial collapse of the Viadotto Marrazzita on the SP2 'Saurina' at km 4+100 near Stigliano (Matera, Basilicata) on 18 March 2016, caused by intense rainfall that saturated the roadway embankment and caused the voiding of material around a bridge abutment, opening a large sinkhole. The Provincia di Matera issued emergency ordinance n.21/2016 closing the SP2. TOTAL E&P S.p.A. funded emergency repair works; the bridge was reopened within approximately two weeks. No fatalities or injuries were reported. Saturazione e svuotamento del materiale del rilevato stradale documentati dalle fonti (viadotto Marrazzita)."
"IT16.09.01","trivento-2016","2016-09-10","Trivento","Campobasso","70","campobasso","Campobasso","validated","Molise","41.7781","14.5707","waterway","Rivo stream","Municipal","PC","0","0","true","Natural","Hydraulic","Flood","Bank erosion / embankment failure","Approach embankment","Documented","{""trigger"":""flood"",""failure_process"":""bank_erosion_or_embankment_failure"",""component_involved"":""approach_embankment"",""evidence_level"":""documented"",""taxonomy_version"":""hydraulic-v2""}","High","true","","Beam bridge","Reinforced concrete","","","","Standard","Partial collapse of a municipal bridge over the torrente Rio in the Macchialaccavone locality of Trivento (Campobasso, Molise) on 10 September 2016, caused by an exceptional flash flood that struck the area following a violent thunderstorm. The collapse isolated several contrade including Casale San Felice, Querciapiana and Montagna, and interrupted the provincial road connecting Trivento to Campobasso for several hours. The Vigili del fuoco and Protezione Civile intervened with pumps. No fatalities or injuries were reported. Database ponti fluviali danneggiati di D'Angelo, Ballio & Ravazzani (2025), IJDRR 'Geomorphologic risk factors for river bridges', suppl. S3, record P136 (accuratezza diagnosi dec=1): processo = erosione del rilevato in alveo/golena; componenti danneggiate = rilevato di accesso; evidenza di sormonto = no."
"IT16.10.01","annone-ss36-2016","2016-10-28","Annone di Brianza","Lecco","97","lecco","Lecco","validated","Lombardia","45.791","9.333","road","SS36","Provincial/Regional","TC","1","5","true","Human-induced","Overload","Exceptional overload","Overstress","Deck / superstructure","Probable","","High","true","Cavalcavia di Annone","Beam bridge","Prestressed concrete","1965","1965","1965","Flagship","Total collapse of the Annone overpass over the SS36 near Lecco on 28 October 2016 triggered by the transit of an overweight heavy transport vehicle. The collapse caused one fatality and multiple injuries, interrupting a major road connection in northern Italy."
"IT16.11.01","bruzzano-zeffirio-2016","2016-11-18","Bruzzano Zeffirio","Reggio Calabria","280","reggio-di-calabria","Reggio Calabria","name_mismatch_coordinates_resolved","Calabria","38.0041","16.084","waterway","Bruzzano stream","Provincial/Regional","TC","0","0","true","Natural","Hydraulic","Flood","Scour","Multiple components","Documented","{""trigger"":""flood"",""failure_process"":""scour"",""component_involved"":""multiple_components"",""evidence_level"":""documented"",""taxonomy_version"":""hydraulic-v2""}","High","true","","Beam bridge","Reinforced concrete","","","","Standard","Total collapse of the bridge over the torrente Bruzzano on the SP65 provincial road at Bruzzano Zeffirio (Reggio Calabria, Calabria) on 18 November 2016, caused by renewed rainfall that brought down the surviving half-span of the bridge already severely damaged by the 31 October–2 November 2015 alluvione della Locride. The structure had been closed to traffic since the 2015 event. No fatalities or injuries were reported as the bridge was already interdicted. The 2016 collapse was total, completing the destruction begun a year earlier. Provincial technicians immediately began precautionary checks on an adjacent bridge. Database ponti fluviali danneggiati di D'Angelo, Ballio & Ravazzani (2025), IJDRR 'Geomorphologic risk factors for river bridges', suppl. S3, record P091 (accuratezza diagnosi dec=1): processo = erosione verticale (scour); componenti danneggiate = pile, impalcato; evidenza di sormonto = no."
"IT16.11.02","murialdo-2016","2016-11-24","Murialdo","Savona","9","savona","Savona","validated","Liguria","44.308","8.1211","waterway","Bormida stream","Municipal","TC","0","0","true","Natural","Hydraulic","Flood","Overtopping / hydrodynamic action","Deck / superstructure","Probable","{""trigger"":""flood"",""failure_process"":""overtopping_or_hydrodynamic_action"",""component_involved"":""deck_or_superstructure"",""evidence_level"":""probable"",""taxonomy_version"":""hydraulic-v2""}","High","true","Ponte delle Fucine","Beam bridge","Reinforced concrete","","","","Standard","Total collapse of the Ponte delle Fucine over the Bormida river at Murialdo (Savona, Liguria) on the afternoon of 24 November 2016, during the major flood event that struck Piemonte and Liguria (21-25 November 2016) with rainfall comparable to the 1994 alluvione del Piemonte. The Bormida flood sheared off the bridge span, isolating approximately 40 families in the borgate Conradi and Pallareto. The mayor declared the situation 'dramatic'; a temporary ford was installed as an emergency measure. The event prompted significant debate on bridge hydraulic design standards, as the old bridge had zero freeboard against the 200-year flood. A new 57-metre single-span steel bridge was inaugurated in October 2021 after €1.76 million of Regione Liguria funding. Documentazione Regione Liguria (ricostruzione): il vecchio ponte aveva franco idraulico nullo rispetto alla piena bicentennale e pile in alveo con rischio di ostruzione al deflusso; la piena del Bormida ha tranciato la campata. Il nuovo ponte elimina tali criticita' (campata unica, franco 1,5 m). [Il database Polimi (D'Angelo et al. 2025, S3, record P127, dec=1) classifica invece il processo come: erosione laterale di sponda + carico idraulico sulla struttura.]"
"IT16.11.03","sanfront-2016","2016-11-24","Sanfront","Cuneo","4","cuneo","Cuneo","validated","Piemonte","44.6544","7.3242","waterway","Po river","Municipal","PC","0","0","true","Natural","Hydraulic","Flood","Bank erosion / embankment failure","Approach embankment","Documented","{""trigger"":""flood"",""failure_process"":""bank_erosion_or_embankment_failure"",""component_involved"":""approach_embankment"",""evidence_level"":""documented"",""taxonomy_version"":""hydraulic-v2""}","Medium","true","","Beam bridge","Reinforced concrete","","","","Standard","Partial collapse of a municipal bridge over the Po river near Sanfront (Cuneo, Piemonte) on 24 November 2016, triggered by the exceptional flooding of the Po during the major November 2016 Piemonte flood event. Rainfall at Piaggia (CN) exceeded 632 mm total during the event, and the Po at its upper valley sections reached extremely high levels. No fatalities or injuries were reported. Database ponti fluviali danneggiati di D'Angelo, Ballio & Ravazzani (2025), IJDRR 'Geomorphologic risk factors for river bridges', suppl. S3, record P143 (accuratezza diagnosi dec=1): processo = erosione laterale di sponda; componenti danneggiate = rilevato di accesso; evidenza di sormonto = no."
"IT16.11.04","monesi-di-triora-2016","2016-11-24","Monesi di Triora","Imperia","8","imperia","Imperia","validated","Liguria","44.0784","7.7457","waterway","Rio Bevera","Provincial/Regional","TC","0","0","true","Natural","Landslide","Landslide / slope failure","Knocked down by external action","","Documented","","Medium","true","","Beam bridge","Reinforced concrete","","","","Standard","Total collapse of a provincial/regional bridge over the Rio Bevera near Monesi di Triora (Imperia, Liguria) on 24 November 2016, triggered by a landslide associated with the extreme rainfall event that struck the Liguria di Ponente — particularly the Valle Arroscia and upper Val Bormida areas, where accumulations reached 349 mm in 24 hours at Pieve di Teco. The Monesi di Triora area is in the upper Tanaro basin and was severely affected by the event. No fatalities or injuries were reported."
"IT16.11.05","priola-2016","2016-11-25","Priola","Cuneo","4","cuneo","Cuneo","validated","Piemonte","44.2577","8.0254","waterway","Tanaro river","Municipal","PC","0","0","true","Natural","Hydraulic","Flood","Bank erosion / embankment failure","Multiple components","Documented","{""trigger"":""flood"",""failure_process"":""bank_erosion_or_embankment_failure"",""component_involved"":""multiple_components"",""evidence_level"":""documented"",""taxonomy_version"":""hydraulic-v2""}","Medium","true","","Beam bridge","Reinforced concrete","","","","Standard","Partial collapse of a municipal bridge over the Tanaro river near Priola (Cuneo, Piemonte) on 25 November 2016, triggered by the extreme flooding of the upper Tanaro during the major November 2016 Piemonte flood event. Tanaro levels at Garessio reached 4.88 metres, described as comparable to the catastrophic 1994 alluvione. No fatalities or injuries were reported. Database ponti fluviali danneggiati di D'Angelo, Ballio & Ravazzani (2025), IJDRR 'Geomorphologic risk factors for river bridges', suppl. S3, record P125 (accuratezza diagnosi dec=1): processo = erosione laterale di sponda; componenti danneggiate = spalle, rilevato di accesso; evidenza di sormonto = yes."
"IT16.11.06","sanfront-po-secondo-ponte-2016","2016-11-24","Sanfront","Cuneo","4","cuneo","Cuneo","validated","Piemonte","44.6593","7.3166","waterway","Po river","Municipal","PC","0","0","true","Natural","Hydraulic","Flood","Bank erosion / embankment failure","Approach embankment","Documented","{""trigger"":""flood"",""failure_process"":""bank_erosion_or_embankment_failure"",""component_involved"":""approach_embankment"",""evidence_level"":""documented"",""taxonomy_version"":""hydraulic-v2""}","Medium","false","","Beam bridge","Reinforced concrete","","","","Standard","Partial collapse of a second road bridge over the Po river at Sanfront (Cuneo) during the 24 November 2016 flood, distinct from event B16.11.03 (~0.8 km apart). Documented in the Polimi river-bridge failure database (record P144, dec=1): lateral bank erosion affecting the approach embankment. D'Angelo, Ballio & Ravazzani (2025), 'Geomorphologic risk factors for river bridges', IJDRR, database supplementare S3, record P144 (dec=1): secondo ponte danneggiato a Sanfront nella piena del Po del 24/11/2016 (a ~800 m dal ponte della scheda B16.11.03); processo = erosione laterale di sponda; componente = rilevato di accesso; sormonto = no."
"IT17.01.01","caulonia-marina-2017","2017-01-23","Caulonia Marina","Reggio Calabria","280","reggio-di-calabria","Reggio Calabria","name_mismatch_coordinates_resolved","Calabria","38.348037","16.472968","waterway","Allaro river","National","PC","0","0","true","Natural","Hydraulic","Flood","Scour","Pier / foundation","Probable","{""trigger"":""flood"",""failure_process"":""scour"",""component_involved"":""pier_foundation"",""evidence_level"":""probable"",""taxonomy_version"":""hydraulic-v2""}","High","true","Ponte Allaro","Beam bridge","Reinforced concrete","","","","Standard","Partial collapse of the Ponte Allaro on the SS106 Jonica national road near Caulonia Marina (Reggio Calabria, Calabria) on 23 January 2017, during a severe rainfall event that caused the Allaro river to flood. Two bridge spans on the carriageway already closed to traffic since the November 2015 flood (which had caused partial collapse of the original 'monarchico' bridge) gave way completely. ANAS had already contracted reconstruction works worth 2.5 million euros in December 2016. The SS106 remained closed in both directions. No fatalities or injuries were reported. The new bridge was finally rebuilt and reopened in December 2020 after five years of closures. Anas e Ministero dell'Interno documentano l'avvallamento del piano viabile e l'abbassamento dell'impalcato della corsia 'repubblicana' del ponte Allaro a seguito delle piene: cedimento fondale progressivo (scalzamento) che porto' a chiusura e successiva demolizione del manufatto."
"IT17.03.01","camerano-2017","2017-03-09","Camerano","Ancona","42","ancona","Ancona","validated","Marche","43.4973","13.5643","road","SP10","Provincial/Regional","TC","2","3","true","Human-induced","Design and Construction","Lifting / construction operation","Falsework / temporary works collapse","Temporary works","Documented","","High","true","Ponte n. 167 A14","Beam bridge","Prestressed concrete","","","","Flagship","Total collapse of bridge no. 167 on the A14 motorway at km 235+800 near Camerano (Ancona, Marche) on 9 March 2017 at approximately 13:30, during lifting operations as part of the construction of a third motorway lane. The temporary support structure failed, causing the bridge span to fall onto the open motorway carriageway below. Two people died — Emidio Diomede (60) and Antonella Viviani (54) from Spinetoli (Ascoli Piceno) — whose car was crushed by the falling deck while travelling towards the hospital; three Romanian construction workers were injured. The judicial investigation involved 22 individuals and four companies (Autostrade per l'Italia, Spea Engineering, Pavimental and Delabech), with charges of culpable homicide, culpable collapse and workplace safety violations. The MIT appointed an independent inspection commission. The engineering expert appointed by the prosecution concluded that risks had been systematically underestimated in both the design and execution phases."
"IT17.04.01","fossano-2017","2017-04-18","Fossano","Cuneo","4","cuneo","Cuneo","validated","Piemonte","44.5661","7.7238","road","SS231","National","TC","0","0","false","Human-induced","Design and Construction","No identifiable external trigger","","Deck / superstructure","Probable","","High","true","Svincolo Marene tangenziale Fossano","Beam bridge","Prestressed concrete","1990","1990","1990","Standard","Total collapse of the Marene ramp of the Fossano ring road (SS231) on 18 April 2017. The span failed suddenly without a significant external load; two Carabinieri escaped immediately before the collapse. Initial ANAS technical assessments pointed to construction defects as the leading cause hypothesis. The governing physical failure process has not been established in publicly available documentation and remains Unspecified."
"IT17.06.01","strambino-2017","2017-06-15","Strambino","Torino","201","torino","Torino","validated","Piemonte","45.4052","7.9041","waterway","Chiusella stream","Municipal","TC","0","0","true","Natural","Hydraulic","Flood","Scour","Multiple components","Documented","{""trigger"":""flood"",""failure_process"":""scour"",""component_involved"":""multiple_components"",""evidence_level"":""documented"",""taxonomy_version"":""hydraulic-v2""}","High","true","Ponte di Cerone","Arch bridge","Masonry","1880","1880","1880","Standard","Total collapse of a municipal bridge over the Chiusella stream near Strambino (Torino, Piemonte) on 15 June 2017, caused by hydraulic forces during a flood event. The Chiusella and its confluence with the Dora Baltea near Strambino is a recurrently flood-prone area with a documented history of bridge and infrastructure damage. No fatalities or injuries were reported. Database ponti fluviali danneggiati di D'Angelo, Ballio & Ravazzani (2025), IJDRR 'Geomorphologic risk factors for river bridges', suppl. S3, record P181 (accuratezza diagnosi dec=1): processo = erosione verticale (scour); componenti danneggiate = pile, impalcato; evidenza di sormonto = no."
"IT17.09.01","quercianella-2017","2017-09-09","Quercianella","Livorno","49","livorno","Livorno","name_valid_coordinates_unresolved","Toscana","43.4489","10.379","waterway","Chioma river","Municipal","TC","0","0","true","Natural","Hydraulic","Flood","Overtopping / hydrodynamic action","Entire structure","Probable","{""trigger"":""flood"",""failure_process"":""overtopping_or_hydrodynamic_action"",""component_involved"":""entire_structure"",""evidence_level"":""probable"",""taxonomy_version"":""hydraulic-v2""}","High","true","Ponte foce del Chioma","Beam bridge","Reinforced concrete","","","","Standard","Total collapse of the municipal bridge at the mouth of the Chioma stream near Quercianella (Livorno, Tuscany) on 10 September 2017, triggered by the catastrophic flash flood that struck the Livorno area — causing 8 deaths and destroying multiple bridges and infrastructure after 250 mm of rain fell in approximately 2 hours. The Chioma stream, normally reduced to a rivulet in summer, overflowed dramatically and destroyed the bridge connecting the road to the Chioma Beach residence and marina, isolating residents. A rescue operation was mounted by the Vigili del fuoco and Protezione Civile. The bridge was rebuilt by the Comune di Rosignano Marittimo within approximately 7 months and reopened in June 2018. Rapporto IRPI-CNR (Polaris): la furia delle acque del Chioma fece letteralmente saltare/sradico' il ponte alla foce durante la flash flood; il ponte ricostruito e' issabile proprio per garantire il deflusso in piena (Regione Toscana)."
"IT17.09.02","limoncino-2017","2017-09-10","Limoncino","Livorno","49","livorno","Livorno","validated","Toscana","43.5273","10.3749","waterway","Rio maggiore","Municipal","TC","0","0","true","Natural","Hydraulic","Flood","Bank erosion / embankment failure","Multiple components","Probable","{""trigger"":""flood"",""failure_process"":""bank_erosion_or_embankment_failure"",""component_involved"":""multiple_components"",""evidence_level"":""probable"",""taxonomy_version"":""hydraulic-v2""}","High","true","Ponte Rio Maggiore Limoncino","Beam bridge","Reinforced concrete","","","","Standard","Total collapse of a municipal bridge over the Rio Maggiore in the Limoncino locality of Livorno (Tuscany) on 10 September 2017, triggered by the catastrophic flash flood that struck the Livorno area. The Rio Maggiore, partially culverted through the city, overflowed catastrophically and destroyed the bridge on the road connecting Limoncino to Valle Benedetta, isolating hillside residential areas. The Regione Toscana, in collaboration with RFI (Rete Ferroviaria Italiana), rebuilt the bridge in approximately two weeks using railway bridge technology, reopening it on 26 September 2017 — one of the fastest bridge reconstructions ever recorded in Italy after a flood. Database ponti fluviali danneggiati di D'Angelo, Ballio & Ravazzani (2025), IJDRR 'Geomorphologic risk factors for river bridges', suppl. S3, record P120 (accuratezza diagnosi dec=0.5): processo = erosione laterale di sponda; componenti danneggiate = spalle, rilevato di accesso, impalcato; evidenza di sormonto = no."
"IT17.12.01","laino-castello-2017","2017-12-07","Laino Castello","Cosenza","78","cosenza","Cosenza","validated","Calabria","39.911542","15.924839","waterway","Lao river","Municipal","TC","0","0","false","Human-induced","Material","No identifiable external trigger","Other documented mode","Deck / superstructure","Probable","","High","true","Ponte Stefano Gioia","Beam bridge","Timber","2000","2000","2000","Standard","Total collapse of the Ponte Stefano Gioia over the Lao river near Laino Castello (Cosenza, Calabria) on 7 December 2017 at approximately 14:45. The bridge, a 70-metre glued laminated timber (glulam) structure built in 2000 by the Consorzio di Bonifica del Pollino and considered innovative at the time of its inauguration, had been closed to traffic since October 2017 due to detected structural deterioration. The collapse was attributed to complete lack of maintenance since construction, with fungal growth and wood rot having weakened the primary structural elements. The bridge connected the Campicello fraction of Laino Castello with the Nuppolara contrada of Papasidero near the Grotta del Romito, and was named after a rafting guide from Laino Borgo who died in Chile in 2010. No fatalities or injuries were reported as the structure was already closed."
"IT18.01.01","montirone-2018","2018-01-02","Montirone","Brescia","17","brescia","Brescia","validated","Lombardia","45.454811","10.214142","road","A21","Provincial/Regional","PC","0","0","true","Human-induced","Fire and Explosion","Fire / explosion","Other documented mode","Deck / superstructure","Documented","","High","true","Cavalcavia SP 24 Montirone-Poncarale","Beam bridge","Reinforced concrete","","","","Standard","Partial collapse (severe structural damage requiring full demolition and rebuilding) of the SP 24 overpass connecting Montirone and Poncarale over the A21 motorway near Brescia (Lombardy) on 2 January 2018, caused by a catastrophic fire ignited when a fuel tanker exploded following a chain-collision on the A21 below the bridge. Temperatures reaching 600°C severely damaged the RC beams of the entire bridge span. Six people died in the road accident itself. Structural surveys revealed concrete cores were irreparably compromised; the overpass was demolished in April 2018 and fully rebuilt by Autovia Padana, reopening in September 2019 after over 20 months of closure."
"IT18.02.01","forli-2018","2018-02-02","Forli","Cesena","40","forli-cesena","Cesena","name_mismatch_coordinates_resolved","Emilia-Romagna","44.2128","12.0276","waterway","Montone river","Cycle-pedestrian","TC","0","0","true","Natural","Hydraulic","Flood","Overtopping / hydrodynamic action","Multiple components","Documented","{""trigger"":""flood"",""failure_process"":""overtopping_or_hydrodynamic_action"",""component_involved"":""multiple_components"",""evidence_level"":""documented"",""taxonomy_version"":""hydraulic-v2""}","Medium","true","","Beam bridge","Reinforced concrete","","","","Standard","Total collapse of a cycle-pedestrian bridge over the Montone river in Forlì (Emilia-Romagna) on 2 February 2018, caused by hydraulic forces during a flood event. The Montone river, which runs through the Forlì urban park area, has a history of flooding events that have caused repeated infrastructure damage. No fatalities or injuries were reported. Database ponti fluviali danneggiati di D'Angelo, Ballio & Ravazzani (2025), IJDRR 'Geomorphologic risk factors for river bridges', suppl. S3, record P117 (accuratezza diagnosi dec=1): processo = carico idraulico sulla struttura; componenti danneggiate = pile, impalcato; evidenza di sormonto = si."
"IT18.02.02","salemi-2018","2018-02-08","Salemi","Trapani","81","trapani","Trapani","validated","Sicilia","37.8067121849219","12.8577849009686","waterway","Mazaro dry riverbed","Municipal","TC","0","0","true","Natural","Hydraulic","Flood","Scour","Deck / superstructure","Probable","{""trigger"":""flood"",""failure_process"":""scour"",""component_involved"":""deck_or_superstructure"",""evidence_level"":""probable"",""taxonomy_version"":""hydraulic-v2""}","High","true","","Arch bridge","Masonry","","","","Standard","Total collapse of a municipal bridge over the Mazaro dry riverbed near Salemi (Trapani, Sicily) on 8 February 2018, triggered by exceptional rainfall that caused the normally dry Mazaro riverbed to fill rapidly. Winter storms in western Sicily in February 2018 caused widespread hydraulic damage. No fatalities or injuries were reported. Database ponti fluviali danneggiati di D'Angelo, Ballio & Ravazzani (2025), IJDRR 'Geomorphologic risk factors for river bridges', suppl. S3, record P093 (accuratezza diagnosi dec=0.5): processo = erosione verticale (scour) + carico idraulico sulla struttura; componenti danneggiate = impalcato; evidenza di sormonto = no. Nota: discrepanza di coordinate tra i due database, abbinamento per data con candidato unico."
"IT18.08.01","morandi-genoa-2018","2018-08-14","Genova","Genova","210","genova","Genova","validated","Liguria","44.426","8.8885","urban area","Municipality of Genova","Motorway","TC","43","11","false","Human-induced","Material","No identifiable external trigger","","Cable / hanger / pylon","Needs review","","High","true","Ponte Morandi","Cable-stayed","Prestressed concrete","1967","1967","1967","Flagship","Total collapse of the Polcevera Viaduct (Morandi Bridge) in Genoa on 14 August 2018, involving multiple spans and causing 43 fatalities and 11 injuries. The collapse occurred without a clearly identifiable external trigger and is generally associated with structural deterioration and maintenance-related deficiencies."
"IT18.08.02","bologna-a14-fire-2018","2018-08-06","Bologna","Bologna","237","bologna","Bologna","validated","Emilia-Romagna","44.535","11.347","road","Via Emilia","Motorway","TC","0","0","true","Human-induced","Fire and Explosion","Fire / explosion","Other documented mode","Deck / superstructure","Documented","","High","true","","Beam bridge","Prestressed concrete","1990","1990","1990","Flagship","Total collapse of an overpass along the A14 motorway interchange in Bologna on 6 August 2018 following a tanker truck explosion and intense fire. The collapse caused severe disruption to the motorway network. Casualties associated with the explosion event are not directly attributed to the structural collapse in the present database."
"IT18.10.01","uta-2018","2018-10-10","Uta","Cagliari","292","cagliari","Cagliari","validated","Sardegna","39.2764","8.9523","waterway","Rio Coccodi","Municipal","TC","0","0","true","Natural","Hydraulic","Flood","Scour","Multiple components","Documented","{""trigger"":""flood"",""failure_process"":""scour"",""component_involved"":""multiple_components"",""evidence_level"":""documented"",""taxonomy_version"":""hydraulic-v2""}","Medium","true","","Beam bridge","Reinforced concrete","","","","Standard","Total collapse of a municipal bridge over the Rio Coccodi near Uta (Cagliari, Sardinia) on 10 October 2018, triggered by the extreme flood that struck the Cagliari hinterland following 250 mm of rainfall in 24 hours. The same event caused the collapse of the SS195 bridge at Capoterra and forced the evacuation of 49 residents from Uta. No fatalities directly attributed to this collapse. Database ponti fluviali danneggiati di D'Angelo, Ballio & Ravazzani (2025), IJDRR 'Geomorphologic risk factors for river bridges', suppl. S3, record P174 (accuratezza diagnosi dec=1): processo = erosione verticale (scour); componenti danneggiate = pile, impalcato; evidenza di sormonto = no."
"IT18.10.02","capoterra-2018","2018-10-10","Capoterra","Cagliari","292","cagliari","Cagliari","validated","Sardegna","39.164","9.03","waterway","Rio Santa Lucia","National","PC","0","0","true","Natural","Hydraulic","Flood","Overtopping / hydrodynamic action","Multiple components","Probable","{""trigger"":""flood"",""failure_process"":""overtopping_or_hydrodynamic_action"",""component_involved"":""multiple_components"",""evidence_level"":""probable"",""taxonomy_version"":""hydraulic-v2""}","High","true","","Beam bridge","Reinforced concrete","","","","Standard","Partial collapse of the bridge over the Rio Santa Lucia on the SS195 Sulcitana national road connecting Cagliari to Capoterra and Pula (Sardinia) on 10 October 2018 at approximately 17:30, triggered by the overflow of the Rio Santa Lucia during an extreme rainfall event (250 mm/24h at Capoterra, half the annual average). ANAS had closed the SS195 in the hours prior to the collapse due to a large sinkhole that had opened at the Rumianca jetty area. The collapse cut the national road in two, isolating the Capoterra area. Capoterra was already known for a deadly 2008 flood. The broader event caused 1 fatality and the evacuation of 57 residents from the area. No injuries directly attributed to this specific collapse. Esondazione del Rio Santa Lucia con rottura degli argini: le acque scalzarono la sede stradale e la corrente asporto' un tratto del ponte, tagliando in due la SS195 (fonti ANSA/stampa nazionale)."
"IT18.10.03","fierozzo-sant-orsola-2018","2018-10-28","Fierozzo Sant'Orsola","Trento","22","trento","Trento","validated","Trentino-Alto Adige (Trentino-Südtirol)","46.1222","11.3319","waterway","Fersina stream","Provincial/Regional","TC","0","0","true","Natural","Hydraulic","Flood","Overtopping / hydrodynamic action","Deck / superstructure","Probable","{""trigger"":""flood"",""failure_process"":""overtopping_or_hydrodynamic_action"",""component_involved"":""deck_or_superstructure"",""evidence_level"":""probable"",""taxonomy_version"":""hydraulic-v2""}","High","true","","Beam bridge","Reinforced concrete","","","","Standard","Total collapse of a provincial/regional bridge over the Fersina stream near Fierozzo (Trento, Trentino-Alto Adige) on 28-29 October 2018, triggered by the extreme hydraulic loading of the Tempesta Vaia storm system that struck northeastern Italy with record rainfall and wind gusts exceeding 200 km/h. The Fersina valley was severely affected by flooding and landslides during the storm. No fatalities directly attributed to this collapse. Database ponti fluviali danneggiati di D'Angelo, Ballio & Ravazzani (2025), IJDRR 'Geomorphologic risk factors for river bridges', suppl. S3, record P121 (accuratezza diagnosi dec=0.5): processo = carico idraulico sulla struttura; componenti danneggiate = impalcato; evidenza di sormonto = yes."
"IT18.10.04","stramentizzo-2018","2018-10-29","Stramentizzo","Trento","22","trento","Trento","validated","Trentino-Alto Adige (Trentino-Südtirol)","46.2396","11.419","waterway","Rio Piazzina","Provincial/Regional","TC","0","0","true","Natural","Hydraulic","Flood","Overtopping / hydrodynamic action","Multiple components","Documented","{""trigger"":""flood"",""failure_process"":""overtopping_or_hydrodynamic_action"",""component_involved"":""multiple_components"",""evidence_level"":""documented"",""taxonomy_version"":""hydraulic-v2""}","High","true","","Beam bridge","Reinforced concrete","","","","Standard","Total collapse of a provincial/regional bridge over the Rio Piazzina near Stramentizzo (Trento, Trentino-Alto Adige) on 29 October 2018, caused by the extreme hydraulic forces generated by Tempesta Vaia. The Rio Piazzina, a minor tributary in the Val di Fiemme area, was overwhelmed by the record rainfall associated with the storm. No fatalities directly attributed to this collapse. Database ponti fluviali danneggiati di D'Angelo, Ballio & Ravazzani (2025), IJDRR 'Geomorphologic risk factors for river bridges', suppl. S3, record P118 (accuratezza diagnosi dec=1): processo = carico idraulico sulla struttura; componenti danneggiate = rilevato di accesso, impalcato; evidenza di sormonto = yes."
"IT18.10.05","comeglians-2018","2018-10-29","Comeglians","Udine","30","udine","Udine","validated","Friuli-Venezia Giulia","46.5175","12.8653","waterway","Degano stream","Provincial/Regional","PC","0","0","true","Natural","Hydraulic","Flood","Bank erosion / embankment failure","Approach embankment","Documented","{""trigger"":""flood"",""failure_process"":""bank_erosion_or_embankment_failure"",""component_involved"":""approach_embankment"",""evidence_level"":""documented"",""taxonomy_version"":""hydraulic-v2""}","High","true","","Beam bridge","Reinforced concrete","","","","Standard","Partial collapse of a provincial/regional bridge over the Degano stream near Comeglians (Udine, Friuli-Venezia Giulia) on 29-30 October 2018, caused by the Tempesta Vaia storm system. The Carnia region, including Comeglians, was among the most severely affected areas in Friuli, with seven people evacuated and the entire area losing electricity for several days. The Degano river and its tributaries overflowed, damaging or destroying multiple infrastructure elements. No fatalities directly attributed to this collapse. Database ponti fluviali danneggiati di D'Angelo, Ballio & Ravazzani (2025), IJDRR 'Geomorphologic risk factors for river bridges', suppl. S3, record P119 (accuratezza diagnosi dec=1): processo = erosione del rilevato in alveo/golena; componenti danneggiate = rilevato di accesso; evidenza di sormonto = no."
"IT18.10.06","pizzighettone-2018","2018-10-30","Pizzighettone","Cremona","19","cremona","Cremona","validated","Lombardia","45.1869","9.7792","waterway","Adda river","Cycle-pedestrian","TC","0","0","true","Natural","Hydraulic","Flood","Debris accumulation / obstruction","Pier / foundation","Documented","{""trigger"":""flood"",""failure_process"":""debris_accumulation_or_obstruction"",""component_involved"":""pier_foundation"",""evidence_level"":""documented"",""taxonomy_version"":""hydraulic-v2""}","High","true","","Beam bridge","Steel","","","","Standard","Total collapse of a cycle-pedestrian bridge over the Adda river at Pizzighettone (Cremona, Lombardy) on 30 October 2018, caused by the extreme flooding of the Adda river during the Tempesta Vaia event and its downstream hydrological consequences. The Adda reached exceptionally high levels as snowmelt and intense rainfall from the Alpine catchment propagated downstream. The cycle-pedestrian bridge, which connected the historic walled town of Pizzighettone across the river, was swept away by the floodwaters. No fatalities or injuries were reported. Per almeno due giorni un'enorme massa di alberi, tronchi e ramaglie trasportata dalla piena dell'Adda si accumulo' sotto i piloni della passerella; il 30/10/2018 alle 8:35 la pressione dell''isola galleggiante' di detriti fece cedere le pile centrali (fonti locali e AIPo). [Il database Polimi (D'Angelo et al. 2025, S3, record P096, dec=1) classifica invece il processo come: carico idraulico sulla struttura.]"
"IT18.10.07","cavalese-2018","2018-10-30","Cavalese","Trento","22","trento","Trento","validated","Trentino-Alto Adige (Trentino-Südtirol)","46.2802","11.4522","waterway","Aviso stream","Municipal","TC","0","0","true","Natural","Hydraulic","Flood","Scour","Multiple components","Documented","{""trigger"":""flood"",""failure_process"":""scour"",""component_involved"":""multiple_components"",""evidence_level"":""documented"",""taxonomy_version"":""hydraulic-v2""}","High","true","","Beam bridge","Reinforced concrete","","","","Standard","Total collapse of a municipal bridge over the Aviso stream near Cavalese (Trento, Trentino-Alto Adige) on 29-30 October 2018, caused by the Tempesta Vaia storm system. Cavalese, in the Val di Fiemme, was one of the most severely affected municipalities in Trentino during Vaia: the Aviso torrent and its tributaries overwhelmed their banks, destroying infrastructure and isolating communities. The broader Vaia event caused 2 deaths in Trentino and over 500 evacuations across the province. No fatalities directly attributed to this specific collapse. Database ponti fluviali danneggiati di D'Angelo, Ballio & Ravazzani (2025), IJDRR 'Geomorphologic risk factors for river bridges', suppl. S3, record P145 (accuratezza diagnosi dec=1): processo = erosione verticale (scour); componenti danneggiate = pile, impalcato; evidenza di sormonto = no."
"IT19.03.01","carimate-2019","2019-03-18","Carimate","Como","13","como","Como","validated","Lombardia","45.693","9.11201","road","Via dei Giovi","Provincial/Regional","PC","0","0","true","Human-induced","Impact","Vehicle impact","Knocked down by external action","Deck / superstructure","Documented","","High","true","","Beam bridge","Reinforced concrete","","","","Standard","Partial collapse (severe structural damage requiring full demolition and rebuilding) of the overpass on the SP 32 Novedratese at km 8.890 in Carimate (Como, Lombardy) on 18 March 2019, caused by the impact of a heavy goods vehicle transporting an excavator with an oversized load that struck the intrados of the bridge while travelling on the underlying via dei Giovi. All RC carrying beams were damaged, with rebar severed along the entire span. The Provincia di Como ordered the immediate total closure of the Novedratese for a minimum of three months and proceeded with demolition and full reconstruction of the bridge deck. No fatalities or injuries were reported. The closure caused severe traffic disruption across the Canturino and Brianza areas for several months."
"IT19.10.01","caprita-d-orba-2019","2019-10-22","Caprita d'Orba","Alessandria","6","alessandria","Alessandria","validated","Piemonte","44.7135","8.6821","waterway","Albedosa stream","Provincial/Regional","TC","1","0","true","Natural","Hydraulic","Flood","Scour","Multiple components","Probable","{""trigger"":""flood"",""failure_process"":""scour"",""component_involved"":""multiple_components"",""evidence_level"":""probable"",""taxonomy_version"":""hydraulic-v2""}","High","true","","Beam bridge","Reinforced concrete","","","","Standard","Total collapse of the bridge over the Rio Albedosa on the SP 155 (Pratalborato fraction of Capriata d'Orba, Alessandria, Piemonte) during the night of 21-22 October 2019, triggered by an extreme flood following record rainfall (425 mm/24h at Gavi, the highest in 100 years). One fatality was recorded: Fabrizio Torre, 52, a transport driver from Sale, whose vehicle was swept away by floodwaters near the collapsed bridge. His passenger, a Brazilian national, survived by clinging to a tree. The SP 155 — a key link between Novi Ligure and Ovada — remained closed for several months pending construction of a provisional Bailey bridge, which reopened in February 2020. Database ponti fluviali danneggiati di D'Angelo, Ballio & Ravazzani (2025), IJDRR 'Geomorphologic risk factors for river bridges', suppl. S3, record P134 (accuratezza diagnosi dec=0.5): processo = erosione verticale (scour) + erosione laterale di sponda; componenti danneggiate = spalle, rilevato di accesso, impalcato; evidenza di sormonto = no."
"IT19.11.01","savona-2019","2019-11-24","Savona","Savona","9","savona","Savona","validated","Liguria","44.2945","8.4334","valley","Madonna del Monte","Motorway","TC","0","0","true","Natural","Landslide","Landslide / slope failure","Knocked down by external action","Pier / foundation","Documented","","High","true","Viadotto Madonna del Monte","Beam bridge","Reinforced concrete","1960","1960","1960","Flagship","Total collapse of the northbound carriageway of the Viadotto Madonna del Monte on the A6 Torino-Savona motorway near Savona (Liguria) on 24 November 2019 at approximately 14:05, caused by a landslide of over 15,000 m³ that detached from an adjacent hillside not classified as at-risk in the regional hydrogeological risk maps and struck a bridge pillar, bringing down approximately 20-40 metres of bridge deck. A tragedy was narrowly averted when security guard Daniele Cassol stopped oncoming traffic — including a bus — on the brink of the collapsed section. No fatalities or injuries were reported. The bridge was rebuilt in an extraordinary 88 days by Autostrada dei Fiori and reopened in February 2020, becoming a symbol of rapid infrastructure recovery."
"IT19.12.01","castellammare-2019","2019-12-21","Castellammare","Napoli","263","napoli","Napoli","validated","Campania","40.7327","14.4777","waterway","Sarno river","Cycle-pedestrian","TC","0","0","true","Natural","Hydraulic","Flood","Overtopping / hydrodynamic action","Entire structure","Probable","{""trigger"":""flood"",""failure_process"":""overtopping_or_hydrodynamic_action"",""component_involved"":""entire_structure"",""evidence_level"":""probable"",""taxonomy_version"":""hydraulic-v2""}","High","true","","Beam bridge","Reinforced concrete","","","","Standard","Total collapse of a pedestrian bridge over the Sarno river on via Ripuaria in Castellammare di Stabia (Naples, Campania) on 21 December 2019, triggered by the overflow of the Sarno river during severe rainfall. The bridge, which had reportedly been out of use for some years, was destroyed by the rising river; debris from the collapsed structure threatened to block the river flow. The Campania Protezione Civile confirmed no injuries. Municipal technical staff and the Consorzio Bacino del Sarno were alerted and the Genio Civile coordinated the emergency response. Il Sarno ruppe gli argini in via Ripuaria (22/12/2019) e la piena travolse la passerella pedonale dismessa; le macerie in alveo crearono poi un effetto diga, rimosso dal Genio Civile nel gennaio 2020."
"IT20.04.01","gonessa-2020","2020-04-02","Gonessa","Sud Sardegna","111","sud-sardegna","Sud Sardegna","validated","Sardegna","39.2886","8.439","urban area","Municipality of Gonessa","Municipal","TC","0","0","true","Human-induced","Overload","Exceptional overload","Overstress","Deck / superstructure","Probable","","Medium","true","","Beam bridge","Reinforced concrete","","","","Standard","Total collapse of a municipal bridge near Gonessa (Sud Sardegna, Sardinia) in April 2020, triggered by overload from a heavy vehicle exceeding the structural load capacity of the bridge. No fatalities or injuries were reported. The structure was a small municipal crossing typical of the rural Sardinian road network."
"IT20.04.02","albiano-magra-2020","2020-04-08","Albiano Magra","Massa Carrara","45","massa-carrara","Massa-Carrara","validated","Toscana","44.1741","9.9252","waterway","Magra river","Provincial/Regional","TC","0","2","true","Natural","Landslide","Landslide / slope failure","Other documented mode","Pier / foundation","Probable","","High","true","Ponte Emilio Barsanti","Arch bridge","Reinforced concrete","1960","1960","1960","Standard","Total collapse of the Ponte Emilio Barsanti at Albiano Magra on 8 April 2020. Court-appointed expert findings reported during the subsequent proceedings identified long-term movement of a pre-existing landslide/paleolandslide affecting the bridge alignment as a principal collapse factor, with construction/reconstruction and monitoring issues also considered contributing. Classified as Landslide; the detailed structural failure process remains general."
"IT20.05.01","abbadia-san-salvatore-2020","2020-05-02","Abbadia San Salvatore","Siena","52","siena","Siena","validated","Toscana","42.871","11.7402","waterway","Paglia river","Provincial/Regional","TC","0","0","true","Natural","Hydraulic","Flood","Scour","Multiple components","Documented","{""trigger"":""flood"",""failure_process"":""scour"",""component_involved"":""multiple_components"",""evidence_level"":""documented"",""taxonomy_version"":""hydraulic-v2""}","Medium","true","","Beam bridge","Reinforced concrete","","","","Standard","Total collapse of a provincial/regional bridge over the Paglia river near Abbadia San Salvatore (Siena, Tuscany) in May 2020, triggered by hydraulic phenomena following intense rainfall. No fatalities or injuries were reported. Database ponti fluviali danneggiati di D'Angelo, Ballio & Ravazzani (2025), IJDRR 'Geomorphologic risk factors for river bridges', suppl. S3, record P184 (accuratezza diagnosi dec=1): processo = erosione verticale (scour); componenti danneggiate = pile, impalcato; evidenza di sormonto = no."
"IT20.09.01","santa-maria-di-galeria-2020","2020-09-25","Santa Maria di Galeria","Roma","258","roma","Roma","validated","Lazio","41.9723","12.3069","waterway","Arrone stream","Municipal","TC","0","1","true","Human-induced","Overload","Exceptional overload","Overstress","Deck / superstructure","Probable","","High","true","","Beam bridge","Reinforced concrete","","","","Standard","Total collapse of a municipal bridge over the Arrone stream near Santa Maria di Galeria (Rome, Lazio) in September 2020, triggered by overload from a heavy vehicle that exceeded the load capacity of the structure. One injury was reported. The collapse interrupted local road connections in the area northwest of Rome."
"IT20.10.01","gaby-2020","2020-10-03","Gaby","Aosta","7","aosta","Aosta","validated","Valle d'Aosta (Valle d'Aoste)","45.7133","7.8816","waterway","Niel stream","Provincial/Regional","TC","0","0","true","Natural","Hydraulic","Flood","Bank erosion / embankment failure","Multiple components","Probable","{""trigger"":""flood"",""failure_process"":""bank_erosion_or_embankment_failure"",""component_involved"":""multiple_components"",""evidence_level"":""probable"",""taxonomy_version"":""hydraulic-v2""}","High","true","","Beam bridge","Reinforced concrete","","","","Standard","Total collapse of a provincial/regional bridge over the Niel stream near Gaby (Aosta, Valle d'Aosta) on 2-3 October 2020, triggered by the extreme flash flood that struck northwestern Italy with record rainfall exceeding 600 mm in 24 hours in some locations. The collapse was explicitly reported by the Valle d'Aosta civil protection authorities during the emergency, isolating the Gaby area. No fatalities directly attributed to this specific collapse. Database ponti fluviali danneggiati di D'Angelo, Ballio & Ravazzani (2025), IJDRR 'Geomorphologic risk factors for river bridges', suppl. S3, record P154 (accuratezza diagnosi dec=0.5): processo = erosione laterale di sponda; componenti danneggiate = rilevato di accesso, impalcato; evidenza di sormonto = no."
"IT20.10.02","piedicavallo-2020","2020-10-03","Piedicavallo","Biella","96","biella","Biella","validated","Piemonte","45.6883","7.9523","waterway","Cervaro stream","Cycle-pedestrian","TC","0","0","true","Natural","Hydraulic","Flood","Overtopping / hydrodynamic action","Multiple components","Probable","{""trigger"":""flood"",""failure_process"":""overtopping_or_hydrodynamic_action"",""component_involved"":""multiple_components"",""evidence_level"":""probable"",""taxonomy_version"":""hydraulic-v2""}","High","true","","Beam bridge","Reinforced concrete","","","","Standard","Total collapse of a cycle-pedestrian bridge over the Cervaro stream near Piedicavallo (Biella, Piemonte) on 2-3 October 2020, during the catastrophic flood that broke historical rainfall records in Piemonte (610 mm/24h recorded at Piedicavallo itself). No fatalities directly attributed to this collapse. Database ponti fluviali danneggiati di D'Angelo, Ballio & Ravazzani (2025), IJDRR 'Geomorphologic risk factors for river bridges', suppl. S3, record P155 (accuratezza diagnosi dec=0.5): processo = carico idraulico sulla struttura; componenti danneggiate = pile, impalcato; evidenza di sormonto = si."
"IT20.10.03","crevacuore-2020","2020-10-03","Crevacuore","Biella","96","biella","Biella","validated","Piemonte","45.6893","8.257","waterway","Strona stream","Provincial/Regional","PC","0","0","true","Natural","Hydraulic","Flood","Bank erosion / embankment failure","","Probable","{""trigger"":""flood"",""failure_process"":""bank_erosion_or_embankment_failure"",""component_involved"":null,""evidence_level"":""probable"",""taxonomy_version"":""hydraulic-v2""}","High","true","","Beam bridge","Reinforced concrete","","","","Standard","Partial collapse of a provincial/regional bridge over the Strona stream near Crevacuore (Biella, Piemonte) on 2-3 October 2020, caused by the extreme hydraulic loading associated with the October 2020 northwestern Italy flood event. No fatalities or injuries were reported. Rapporto ARPA Piemonte 'Evento del 2-3 ottobre 2020' (rev 1.1, 14/10/2020, p. 80): nelle valli Sessera e Mosso i processi principali si svilupparono a carico dei corsi d'acqua principali e dei rii secondari, con tracimazioni ed erosioni spondali diffuse e danni alla viabilità nei comuni di Pray, Coggiola e Crevacuore; la Fig. 77 documenta i danni a Crevacuore sul T. Strona di Postua (zona ex cartiera). Il crollo parziale del ponte non è descritto singolarmente nel rapporto: l'attribuzione del processo (erosione spondale/tracimazione) al manufatto è inferita dal contesto documentato nel comune sul medesimo corso d'acqua — associazione da confermare, quindi evidenza 'Probable'."
"IT20.10.04","piacenza-2020","2020-10-03","Corte Brugnatella","Piacenza","33","piacenza","Piacenza","validated","Emilia-Romagna","44.6891","9.328","waterway","Trebbia river","National","TC","0","0","true","Natural","Landslide","Landslide / slope failure","Other documented mode","Abutment","Probable","","High","true","Ponte Lenzino","Arch bridge","Masonry","","","","Standard","Total collapse of Ponte Lenzino on the SS45 over the Trebbia on 3 October 2020. Early prosecution hypotheses focused on foundation scour, but the 2026 GUP decision, relying on court-expert evidence, attributed the collapse to movement of the Carisasca landslide acting on the Genoa-side abutment and rejected river erosion as the governing cause. Classified here as Landslide; the detailed structural process is retained as Other documented mode."
"IT20.10.05","romagnano-sesia-2020","2020-10-03","Romagnano Sesia","Novara","3","novara","Novara","validated","Piemonte","45.6366","8.3729","waterway","Sesia river","Provincial/Regional","TC","0","0","true","Natural","Hydraulic","Flood","Scour","Pier / foundation","Documented","{""trigger"":""flood"",""failure_process"":""scour"",""component_involved"":""pier_foundation"",""evidence_level"":""documented"",""taxonomy_version"":""hydraulic-v2""}","High","true","","Beam bridge","Reinforced concrete","","","","Standard","Total collapse of a provincial/regional bridge over the Sesia river connecting Romagnano Sesia and Gattinara (Novara, Piemonte) on 3 October 2020. The bridge had been closed overnight as a precaution, was briefly reopened when conditions appeared to improve, then collapsed at approximately 13:30 — the collapse was broadcast in near-real time during a Facebook live session by the two mayors. One person died in the Sesia river floods nearby, but not directly from this collapse. The event was widely reported nationally. Rapporto ARPA Piemonte 'Evento del 2-3 ottobre 2020' (rev 1.1, 14/10/2020, pp. 69-75): il ponte tra Gattinara e Romagnano crollò il 3 ottobre per il cedimento di una pila; il rapporto inquadra il collasso tra le gravi ripercussioni dell'erosione del fondo alveo sulle opere, in un tratto in cui le passate estrazioni di inerti hanno prodotto un abbassamento del fondo di circa 2 m dagli anni '70 con progressiva riduzione della sezione (Fig. 56); la mappatura Copernicus EMS segnala il ponte sulla SP142 seriamente danneggiato (Fig. 41). Contesto: colmi mai registrati sul Sesia (Borgosesia oltre 4 m sopra il livello di pericolo, portata >3000 mc/s). Nota temporale: il rapporto colloca il crollo nella mattina del 3/10, mentre le cronache lo riprendono alle 13:30-13:45 circa, dopo chiusura precauzionale la sera del 2/10 e riapertura alle 12:30."
"IT20.10.06","vessalico-2020","2020-10-03","Vessalico","Imperia","8","imperia","Imperia","validated","Liguria","44.0449","7.9605","waterway","Arroscia stream","Provincial/Regional","TC","0","0","true","Natural","Hydraulic","Flood","Other documented hydraulic process","Deck / superstructure","Documented","{""trigger"":""flood"",""failure_process"":""other_documented_hydraulic_process"",""component_involved"":""deck_or_superstructure"",""evidence_level"":""documented"",""taxonomy_version"":""hydraulic-v2""}","High","true","Ponte Manfredi","Beam bridge","Reinforced concrete","","","","Standard","Total collapse of the Ponte Manfredi over the Arroscia stream near Vessalico (Imperia, Liguria) during the October 2020 flood event affecting the Ponente Ligure. The collapse was explicitly named in national media coverage of the disaster. No fatalities directly attributed to this collapse. Database ponti fluviali danneggiati di D'Angelo, Ballio & Ravazzani (2025), IJDRR 'Geomorphologic risk factors for river bridges', suppl. S3, record P159 (accuratezza diagnosi dec=1): processo = altro processo (es. colata detritica/frana); componenti danneggiate = impalcato; evidenza di sormonto = yes."
"IT20.10.07","bagnasco-2020","2020-10-03","Bagnasco","Cuneo","4","cuneo","Cuneo","validated","Piemonte","44.2961","8.0426","waterway","Tanaro river","Cycle-pedestrian","TC","0","0","true","Natural","Hydraulic","Flood","Overtopping / hydrodynamic action","Deck / superstructure","Documented","{""trigger"":""flood"",""failure_process"":""overtopping_or_hydrodynamic_action"",""component_involved"":""deck_or_superstructure"",""evidence_level"":""documented"",""taxonomy_version"":""hydraulic-v2""}","High","true","","Arch bridge","Masonry","","","","Standard","Total/functional collapse of Bagnasco's historic 'ponte romano' during the October 2020 Tanaro flood. Contemporary sources explicitly record the collapse; the official ARPA event report documents overtopping and damage to the upper arches, supporting overtopping/hydrodynamic action as the governing process. The affected component is retained as Deck / superstructure."
"IT20.10.08","ventimiglia-2020","2020-10-03","Ventimiglia","Imperia","8","imperia","Imperia","validated","Liguria","43.789","7.6057","waterway","Roia river","Cycle-pedestrian","TC","0","0","true","Natural","Hydraulic","Flood","Scour","Multiple components","Probable","{""trigger"":""flood"",""failure_process"":""scour"",""component_involved"":""multiple_components"",""evidence_level"":""probable"",""taxonomy_version"":""hydraulic-v2""}","High","true","Passerella Squarciafichi","Beam bridge","Steel","","","","Standard","Total collapse of the Passerella Squarciafichi cycle-pedestrian bridge over the Roia river in Ventimiglia (Imperia, Liguria) on 2-3 October 2020, caused by the extreme flooding of the Roia river during the October 2020 Ponente Ligure flood event. The structure was described as a symbol of the city. No fatalities directly attributed to this collapse. Database ponti fluviali danneggiati di D'Angelo, Ballio & Ravazzani (2025), IJDRR 'Geomorphologic risk factors for river bridges', suppl. S3, record P162 (accuratezza diagnosi dec=0.5): processo = erosione verticale (scour); componenti danneggiate = pile, spalle, rilevato di accesso, impalcato; evidenza di sormonto = no."
"IT20.10.09","valdieri-2020","2020-10-03","Valdieri","Cuneo","4","cuneo","Cuneo","validated","Piemonte","44.2056","7.2706","waterway","Gesso stream","Municipal","TC","0","0","true","Natural","Hydraulic","Flood","Bank erosion / embankment failure","Multiple components","Documented","{""trigger"":""flood"",""failure_process"":""bank_erosion_or_embankment_failure"",""component_involved"":""multiple_components"",""evidence_level"":""documented"",""taxonomy_version"":""hydraulic-v2""}","Medium","true","","Beam bridge","Reinforced concrete","","","","Standard","Total collapse of a municipal bridge over the Gesso stream near Valdieri (Cuneo, Piemonte) on 2-3 October 2020, caused by the extreme hydraulic loading during the record-breaking October 2020 flood event in the Cuneo Alps. No fatalities directly attributed to this collapse. Database ponti fluviali danneggiati di D'Angelo, Ballio & Ravazzani (2025), IJDRR 'Geomorphologic risk factors for river bridges', suppl. S3, record P167 (accuratezza diagnosi dec=1): processo = erosione laterale di sponda; componenti danneggiate = spalle, rilevato di accesso, impalcato; evidenza di sormonto = si."
"IT20.10.10","valstrona-2020","2020-10-03","Valstrona","Verbania","103","verbano-cusio-ossola","Verbania","name_mismatch_coordinates_resolved","Piemonte","45.9055","8.328","waterway","Strona stream","Municipal","TC","0","0","true","Natural","Hydraulic","Flood","Scour","Multiple components","Documented","{""trigger"":""flood"",""failure_process"":""scour"",""component_involved"":""multiple_components"",""evidence_level"":""documented"",""taxonomy_version"":""hydraulic-v2""}","Medium","true","","Beam bridge","Reinforced concrete","","","","Standard","Total collapse of a municipal bridge over the Strona stream near Valstrona (Verbania, Piemonte) on 2-3 October 2020, triggered by the extreme flood affecting the Verbano-Cusio-Ossola area where rainfall records were broken (630 mm/24h at Sambughetto). No fatalities directly attributed to this collapse. Database ponti fluviali danneggiati di D'Angelo, Ballio & Ravazzani (2025), IJDRR 'Geomorphologic risk factors for river bridges', suppl. S3, record P186 (accuratezza diagnosi dec=1): processo = erosione verticale (scour); componenti danneggiate = spalle, impalcato; evidenza di sormonto = no."
"IT20.10.12","roma-2020","2020-10-03","Roma","Roma","258","roma","Roma","validated","Lazio","41.8378","12.4812","road","Via Laurentina","Cycle-pedestrian","TC","0","0","true","Human-induced","Impact","Vehicle impact","Knocked down by external action","Deck / superstructure","Documented","","High","true","","Beam bridge","Timber","","","","Standard","Total collapse of a cycle-pedestrian wooden overpass on via Laurentina near Piazzale Ardigò in Rome (Lazio) on 8 October 2020, caused by a crane truck that accidentally struck the underside of the timber bridge while manoeuvring on the road below, splitting the structure in two. The bridge was unoccupied at the time and no injuries were reported. Roma Capitale coordinated restoration works, with the missing span reinstalled in 2021."
"IT20.10.13","picinisco-2020","2020-10-15","Picinisco","Frosinone","60","frosinone","Frosinone","validated","Lazio","41.6224","13.8572","waterway","Mollarino stream","Municipal","PC","0","0","true","Natural","Hydraulic","Flood","Bank erosion / embankment failure","Approach embankment","Documented","{""trigger"":""flood"",""failure_process"":""bank_erosion_or_embankment_failure"",""component_involved"":""approach_embankment"",""evidence_level"":""documented"",""taxonomy_version"":""hydraulic-v2""}","Medium","true","","Beam bridge","Reinforced concrete","","","","Standard","Partial collapse of a municipal bridge over the Mollarino stream near Picinisco (Frosinone, Lazio) on 19 October 2020, triggered by hydraulic phenomena. No fatalities or injuries were reported. Database ponti fluviali danneggiati di D'Angelo, Ballio & Ravazzani (2025), IJDRR 'Geomorphologic risk factors for river bridges', suppl. S3, record P164 (accuratezza diagnosi dec=1): processo = erosione laterale di sponda; componenti danneggiate = rilevato di accesso; evidenza di sormonto = no."
"IT20.10.14","varallo-camasco-2020-1","2020-10-03","Varallo","Vercelli","2","vercelli","Vercelli","validated","Piemonte","45.828","8.215","waterway","Pianale stream","Municipal","TC","0","0","true","Natural","Hydraulic","Flood","Debris flow / solid transport","Entire structure","Probable","{""trigger"":""flood"",""failure_process"":""debris_flow_or_solid_transport"",""component_involved"":""entire_structure"",""evidence_level"":""probable"",""taxonomy_version"":""hydraulic-v2""}","High","false","","Beam bridge","Reinforced concrete","","","","Standard","Total collapse (washout) of one of three bridges over the Pianale stream between the hamlets of Camasco and Corte e Costa in Varallo (Vercelli, Piemonte) on 2-3 October 2020, during the record-breaking Sesia basin flood. The three bridges were washed away by the flood of the Pianale stream and Nono torrent, in a sector where the ARPA Piemonte event report describes hyperconcentrated flows and debris flows along the entire minor network. The three collapses are documented collectively in the report (see B20.10.14-B20.10.16); structural details are not available. No fatalities attributed to these collapses. Rapporto ARPA Piemonte 'Evento del 2-3 ottobre 2020' (rev 1.1, 14/10/2020, p. 70, Fig. 57b e 58): la piena del Rio Pianale e del T. Nono provoco' l'asportazione di tre ponti sul rio Pianale tra Camasco e la frazione Corte e Costa (comune di Varallo). Il rapporto inquadra i processi sui tributari del medio-basso Sesia come trasporto iperconcentrato (piene con elevato trasporto di fondo) e colate detritiche lungo tutto il reticolato minore, con effetti parossistici proprio sui torrenti Nono e Mastallone (p. 69): l'attribuzione 'Debris flow / solid transport' e' inferita da questo contesto documentato, non dichiarata per il singolo manufatto - evidenza 'Probable'. I tre ponti sono documentati collettivamente e non sono distinguibili singolarmente nel rapporto: questa scheda e' uno dei tre record (B20.10.14-B20.10.16); tipologia strutturale, materiale e coordinate puntuali non desumibili (posizione approssimata sul tratto Camasco-Corte e Costa, exact_location FALSE)."
"IT20.10.15","varallo-camasco-2020-2","2020-10-03","Varallo","Vercelli","2","vercelli","Vercelli","validated","Piemonte","45.828","8.215","waterway","Pianale stream","Municipal","TC","0","0","true","Natural","Hydraulic","Flood","Debris flow / solid transport","Entire structure","Probable","{""trigger"":""flood"",""failure_process"":""debris_flow_or_solid_transport"",""component_involved"":""entire_structure"",""evidence_level"":""probable"",""taxonomy_version"":""hydraulic-v2""}","High","false","","Beam bridge","Reinforced concrete","","","","Standard","Total collapse (washout) of one of three bridges over the Pianale stream between the hamlets of Camasco and Corte e Costa in Varallo (Vercelli, Piemonte) on 2-3 October 2020, during the record-breaking Sesia basin flood. The three bridges were washed away by the flood of the Pianale stream and Nono torrent, in a sector where the ARPA Piemonte event report describes hyperconcentrated flows and debris flows along the entire minor network. The three collapses are documented collectively in the report (see B20.10.14-B20.10.16); structural details are not available. No fatalities attributed to these collapses. Rapporto ARPA Piemonte 'Evento del 2-3 ottobre 2020' (rev 1.1, 14/10/2020, p. 70, Fig. 57b e 58): la piena del Rio Pianale e del T. Nono provoco' l'asportazione di tre ponti sul rio Pianale tra Camasco e la frazione Corte e Costa (comune di Varallo). Il rapporto inquadra i processi sui tributari del medio-basso Sesia come trasporto iperconcentrato (piene con elevato trasporto di fondo) e colate detritiche lungo tutto il reticolato minore, con effetti parossistici proprio sui torrenti Nono e Mastallone (p. 69): l'attribuzione 'Debris flow / solid transport' e' inferita da questo contesto documentato, non dichiarata per il singolo manufatto - evidenza 'Probable'. I tre ponti sono documentati collettivamente e non sono distinguibili singolarmente nel rapporto: questa scheda e' uno dei tre record (B20.10.14-B20.10.16); tipologia strutturale, materiale e coordinate puntuali non desumibili (posizione approssimata sul tratto Camasco-Corte e Costa, exact_location FALSE)."
"IT20.10.16","varallo-camasco-2020-3","2020-10-03","Varallo","Vercelli","2","vercelli","Vercelli","validated","Piemonte","45.828","8.215","waterway","Pianale stream","Municipal","TC","0","0","true","Natural","Hydraulic","Flood","Debris flow / solid transport","Entire structure","Probable","{""trigger"":""flood"",""failure_process"":""debris_flow_or_solid_transport"",""component_involved"":""entire_structure"",""evidence_level"":""probable"",""taxonomy_version"":""hydraulic-v2""}","High","false","","Beam bridge","Reinforced concrete","","","","Standard","Total collapse (washout) of one of three bridges over the Pianale stream between the hamlets of Camasco and Corte e Costa in Varallo (Vercelli, Piemonte) on 2-3 October 2020, during the record-breaking Sesia basin flood. The three bridges were washed away by the flood of the Pianale stream and Nono torrent, in a sector where the ARPA Piemonte event report describes hyperconcentrated flows and debris flows along the entire minor network. The three collapses are documented collectively in the report (see B20.10.14-B20.10.16); structural details are not available. No fatalities attributed to these collapses. Rapporto ARPA Piemonte 'Evento del 2-3 ottobre 2020' (rev 1.1, 14/10/2020, p. 70, Fig. 57b e 58): la piena del Rio Pianale e del T. Nono provoco' l'asportazione di tre ponti sul rio Pianale tra Camasco e la frazione Corte e Costa (comune di Varallo). Il rapporto inquadra i processi sui tributari del medio-basso Sesia come trasporto iperconcentrato (piene con elevato trasporto di fondo) e colate detritiche lungo tutto il reticolato minore, con effetti parossistici proprio sui torrenti Nono e Mastallone (p. 69): l'attribuzione 'Debris flow / solid transport' e' inferita da questo contesto documentato, non dichiarata per il singolo manufatto - evidenza 'Probable'. I tre ponti sono documentati collettivamente e non sono distinguibili singolarmente nel rapporto: questa scheda e' uno dei tre record (B20.10.14-B20.10.16); tipologia strutturale, materiale e coordinate puntuali non desumibili (posizione approssimata sul tratto Camasco-Corte e Costa, exact_location FALSE)."
"IT20.10.17","campertogno-2020","2020-10-03","Campertogno","Vercelli","2","vercelli","Vercelli","validated","Piemonte","45.797745","8.030963","waterway","Sesia river","Cycle-pedestrian","TC","0","0","true","Natural","Hydraulic","Flood","Bank erosion / embankment failure","Entire structure","Documented","{""trigger"":""flood"",""failure_process"":""bank_erosion_or_embankment_failure"",""component_involved"":""entire_structure"",""evidence_level"":""documented"",""taxonomy_version"":""hydraulic-v2""}","High","false","","Beam bridge","Steel","","","","Standard","Total collapse (complete washout) of the footbridge over the Sesia river at Campertogno (Vercelli, Piemonte) on 2-3 October 2020. Bank erosion by the Sesia river, which reached unprecedented levels throughout the basin (5.2 m peak at Campertogno vs a 4.0 m danger threshold), damaged the road to the local campsite and completely removed the footbridge, as documented by the ARPA Piemonte event report. No fatalities attributed to this collapse. Rapporto ARPA Piemonte 'Evento del 2-3 ottobre 2020' (rev 1.1, 14/10/2020, p. 71, Fig. 59): a Campertogno l'erosione di sponda ad opera del Sesia causo' danni alla via di collegamento al campeggio e l'asportazione completa della passerella sul torrente. Meccanismo (erosione spondale) e distruzione completa del manufatto documentati dalla didascalia del rapporto: evidenza 'Documented'. Contesto: colmi mai registrati sul Sesia da monte a valle (a Campertogno colmo 5,2 m alle 03:30 UTC del 3/10 contro livello di pericolo 4,0 m, Tab. 5). Tipologia strutturale e materiale non desumibili dal rapporto; coordinate approssimate (zona campeggio di Campertogno, exact_location FALSE)."
"IT20.10.18","ormea-barchi-2020","2020-10-03","Ormea","Cuneo","4","cuneo","Cuneo","validated","Piemonte","44.15","7.911","waterway","Tanaro river","Municipal","TC","0","0","true","Natural","Hydraulic","Flood","","Entire structure","Unspecified","{""trigger"":""flood"",""failure_process"":null,""component_involved"":""entire_structure"",""evidence_level"":""unspecified"",""taxonomy_version"":""hydraulic-v2""}","High","false","Ponte di Barchi","Beam bridge","Reinforced concrete","","","","Standard","Total collapse (complete washout) of the bridge at loc. Barchi in Ormea (Cuneo, Piemonte) over the Tanaro river on 2-3 October 2020. The bridge, rebuilt after the November 1994 flood, was completely washed away by the Tanaro flood, which exceeded the 2016 historical reference levels in the upper valley (estimated return period >200 years). Documented by the ARPA Piemonte event report. No fatalities attributed to this collapse. Rapporto ARPA Piemonte 'Evento del 2-3 ottobre 2020' (rev 1.1, 14/10/2020, p. 93, Fig. 100): a Ormea, loc. Barchi, il ponte - ricostruito dopo l'alluvione del 1994 - fu completamente asportato dalla piena del Tanaro. Il crollo e la causa idraulica sono quindi documentati da fonte tecnica, ma il meccanismo di dettaglio non e' specificato; per l'alta Val Tanaro il rapporto indica in generale numerosi ponti gravemente danneggiati o abbattuti 'sia per l'erosione delle spalle sia per il sormonto delle acque in piena' (p. 92), senza attribuzione al singolo manufatto: processo ed evidenza restano 'Unspecified'. Contesto idrometrico: a Ponte di Nava e Garessio superati i riferimenti storici del 2016, TR stimato >200 anni (Tab. 6). Coordinate approssimate (concentrico di Ormea, exact_location FALSE)."
"IT20.10.19","entracque-2020","2020-10-03","Entracque","Cuneo","4","cuneo","Cuneo","validated","Piemonte","44.17564","7.38625","waterway","Gesso della Barra stream","Municipal","PC","0","0","true","Natural","Hydraulic","Flood","Bank erosion / embankment failure","Abutment","Documented","{""trigger"":""flood"",""failure_process"":""bank_erosion_or_embankment_failure"",""component_involved"":""abutment"",""evidence_level"":""documented"",""taxonomy_version"":""hydraulic-v2""}","High","false","","Beam bridge","Reinforced concrete","","","","Standard","Partial collapse of the bridge providing access to the Vallone di Monte Colombo just downstream of San Giacomo di Entracque (Cuneo, Piemonte) on 2-3 October 2020: left-bank erosion by the Gesso della Barra torrent, in violent flood, removed the bridge abutment. The valley road was also washed away for stretches of hundreds of metres, isolating the hamlet of San Giacomo. Documented by the ARPA Piemonte event report. No fatalities or injuries reported. Rapporto ARPA Piemonte 'Evento del 2-3 ottobre 2020' (rev 1.1, 14/10/2020, p. 89, Fig. 93a): subito a valle di San Giacomo di Entracque, lungo il Gesso della Barra, un'erosione della sponda sinistra asporto' la spalla del ponte utilizzato per accedere al Vallone di Monte Colombo. Meccanismo (erosione spondale) e componente coinvolta (spalla) esplicitamente documentati: evidenza 'Documented'; crollo parziale (PC). Contesto: violenta attivita' torrentizia lungo il T. Gesso della Barra con asportazione della strada del vallone per tratti di centinaia di metri e isolamento di San Giacomo (p. 89, Fig. 92). Tipologia strutturale e materiale non desumibili; coordinate approssimate (zona San Giacomo di Entracque, exact_location FALSE)."
"IT20.11.01","pallanzeno-2020","2020-11-06","Pallanzeno","Verbania","103","verbano-cusio-ossola","Verbania","name_mismatch_coordinates_resolved","Piemonte","46.0439","8.2616","waterway","Enel canal","Municipal","TC","0","0","true","Human-induced","Overload","Exceptional overload","Overstress","Deck / superstructure","Probable","","High","true","","Beam bridge","Reinforced concrete","","","","Standard","Total collapse of a municipal bridge over the Enel hydroelectric canal near Pallanzeno (Verbania, Piemonte) on 6 November 2020, triggered by the transit of a heavily loaded truck transporting cleaning material for the Rio Valmaggia. The structure may have been weakened by the October 2020 flood. The truck remained suspended on the collapsed bridge overnight; the driver was unharmed. Enel, owner of the canal, undertook reconstruction of a new permanent bridge inaugurated in 2024."
"IT20.11.02","crotone-2020","2020-11-22","Crotone","Crotone","101","crotone","Crotone","validated","Calabria","39.1979","17.1091","waterway","Neto river","National","PC","0","0","true","Natural","Hydraulic","Flood","Scour","","Documented","{""trigger"":""flood"",""failure_process"":""scour"",""component_involved"":null,""evidence_level"":""documented"",""taxonomy_version"":""hydraulic-v2""}","Medium","true","","Beam bridge","Reinforced concrete","","","","Standard","Partial collapse of a national bridge over the Neto river near Crotone (Calabria) in November 2020, triggered by hydraulic phenomena following intense rainfall. No fatalities or injuries were reported. Database ponti fluviali danneggiati di D'Angelo, Ballio & Ravazzani (2025), IJDRR 'Geomorphologic risk factors for river bridges', suppl. S3, record P172 (accuratezza diagnosi dec=1): processo = erosione verticale (scour); componenti danneggiate = non specificate; evidenza di sormonto = no."
"IT20.11.03","melissa-2020","2020-11-22","Melissa","Crotone","101","crotone","Crotone","validated","Calabria","39.3237","17.0212","waterway","Iornito stream","Municipal","TC","0","0","true","Natural","Hydraulic","Flood","Bank erosion / embankment failure","Multiple components","Documented","{""trigger"":""flood"",""failure_process"":""bank_erosion_or_embankment_failure"",""component_involved"":""multiple_components"",""evidence_level"":""documented"",""taxonomy_version"":""hydraulic-v2""}","Medium","true","","Beam bridge","Reinforced concrete","","","","Standard","Total collapse of a municipal bridge over the Iornito stream near Melissa (Crotone, Calabria) in November 2020, triggered by hydraulic phenomena. No fatalities or injuries were reported. Database ponti fluviali danneggiati di D'Angelo, Ballio & Ravazzani (2025), IJDRR 'Geomorphologic risk factors for river bridges', suppl. S3, record P173 (accuratezza diagnosi dec=1): processo = erosione del rilevato in alveo/golena; componenti danneggiate = spalle, rilevato di accesso, impalcato; evidenza di sormonto = no."
"IT20.11.04","bitti-2020","2020-11-28","Bitti","Nuoro","91","nuoro","Nuoro","validated","Sardegna","40.5046","9.2988","waterway","Rio de Malò","Provincial/Regional","PC","0","0","true","Natural","Hydraulic","Flood","Bank erosion / embankment failure","Approach embankment","Documented","{""trigger"":""flood"",""failure_process"":""bank_erosion_or_embankment_failure"",""component_involved"":""approach_embankment"",""evidence_level"":""documented"",""taxonomy_version"":""hydraulic-v2""}","Medium","true","","Beam bridge","Reinforced concrete","","","","Standard","Partial collapse of a provincial/regional bridge over the Rio de Malò near Bitti (Nuoro, Sardinia) in November 2020, triggered by hydraulic phenomena associated with severe rainfall affecting central Sardinia. No fatalities or injuries were reported. Database ponti fluviali danneggiati di D'Angelo, Ballio & Ravazzani (2025), IJDRR 'Geomorphologic risk factors for river bridges', suppl. S3, record P175 (accuratezza diagnosi dec=1): processo = erosione del rilevato in alveo/golena; componenti danneggiate = rilevato di accesso; evidenza di sormonto = si."
"IT20.12.01","pavullo-nel-frignano-2020","2020-12-06","Pavullo nel Frignano","Modena","36","modena","Modena","validated","Emilia-Romagna","44.3566","10.9222","waterway","Panaro river","Provincial/Regional","TC","0","0","true","Natural","Hydraulic","Flood","Scour","Pier / foundation","Documented","{""trigger"":""flood"",""failure_process"":""scour"",""component_involved"":""pier_foundation"",""evidence_level"":""documented"",""taxonomy_version"":""hydraulic-v2""}","Medium","true","","Beam bridge","Reinforced concrete","","","","Standard","Total collapse of a provincial/regional bridge over the Panaro river near Pavullo nel Frignano (Modena, Emilia-Romagna) in December 2020, triggered by hydraulic phenomena. No fatalities or injuries were reported. Database ponti fluviali danneggiati di D'Angelo, Ballio & Ravazzani (2025), IJDRR 'Geomorphologic risk factors for river bridges', suppl. S3, record P176 (accuratezza diagnosi dec=1): processo = erosione verticale (scour); componenti danneggiate = pile; evidenza di sormonto = no."
"IT20.12.02","gosaldo-2020-1","2020-12-06","Gosaldo","Belluno","25","belluno","Belluno","validated","Veneto","46.2141","11.9876","waterway","Mis stream","Cycle-pedestrian","TC","0","0","true","Natural","Hydraulic","Flood","Bank erosion / embankment failure","Multiple components","Probable","{""trigger"":""flood"",""failure_process"":""bank_erosion_or_embankment_failure"",""component_involved"":""multiple_components"",""evidence_level"":""probable"",""taxonomy_version"":""hydraulic-v2""}","Medium","true","","Beam bridge","Reinforced concrete","","","","Standard","Total collapse of a cycle-pedestrian bridge over the Mis stream near Gosaldo (Belluno, Veneto) in December 2020, triggered by hydraulic phenomena. No fatalities or injuries were reported. Gosaldo sustained two bridge collapses simultaneously during the same hydraulic event. Database ponti fluviali danneggiati di D'Angelo, Ballio & Ravazzani (2025), IJDRR 'Geomorphologic risk factors for river bridges', suppl. S3, record P177 (accuratezza diagnosi dec=0.5): processo = erosione laterale di sponda; componenti danneggiate = spalle, rilevato di accesso, impalcato; evidenza di sormonto = no."
"IT20.12.03","gosaldo-2020-2","2020-12-06","Gosaldo","Belluno","25","belluno","Belluno","validated","Veneto","46.2197","11.9924","waterway","Mis stream","Municipal","TC","0","0","true","Natural","Hydraulic","Flood","","","Unspecified","{""trigger"":""flood"",""failure_process"":null,""component_involved"":null,""evidence_level"":""unspecified"",""taxonomy_version"":""hydraulic-v2""}","Medium","true","","Beam bridge","Reinforced concrete","","","","Standard","Total collapse of a second municipal bridge over the Mis stream near Gosaldo (Belluno, Veneto) in December 2020, triggered by the same hydraulic event that caused the simultaneous collapse of the cycle-pedestrian bridge in the same municipality. No fatalities or injuries were reported. Piena documentata; meccanismo di dettaglio non ricostruibile dalle fonti disponibili."
"IT21.05.01","la-spezia-2021","2021-05-12","La Spezia","La Spezia","11","la-spezia","La Spezia","validated","Liguria","44.1038","9.8578","waterway","Darsena di Pagliari","Provincial/Regional","TC","0","0","true","Human-induced","Material","Movable bridge operation","Fatigue","Connection / joint","Documented","","High","true","Ponte della Darsena di Pagliari","Beam bridge","Steel","2010","2010","2010","Standard","Total collapse of the bascule bridge (ponte levatoio) at the Darsena di Pagliari in La Spezia (Liguria) on 12 May 2021, during a closing manoeuvre after allowing a vessel to exit the marina. The collapse is attributed to the failure of one of the hydraulic pistons responsible for lowering the bridge deck. The structure, inaugurated in 2010 by the Port Authority at a cost of over 9 million euros as part of the Pagliari marina development, was 21 metres long with a 14-metre mast. No fatalities or injuries were reported, as the area is routinely closed to traffic during bridge operations. The Port Authority immediately sequestered the structure for judicial investigation for alleged culpable collapse."
"IT21.08.01","comacchio-2021","2021-08-29","Comacchio","Ferrara","38","ferrara","Ferrara","validated","Emilia-Romagna","44.6656","12.2222","waterway","Logonovo canal","Municipal","TC","0","0","false","Human-induced","Material","No identifiable external trigger","","Deck / superstructure","Probable","","High","true","","Beam bridge","Reinforced concrete","","","","Standard","Total collapse of the bridge over the Logonovo canal along via della Salina near Comacchio (Ferrara, Emilia-Romagna) on 28 August 2021, due to structural deterioration. Municipal technical staff had carried out an inspection the previous day and immediately closed the structure after detecting signs of imminent failure; the bridge collapsed the following morning. No fatalities or injuries were reported. The collapse isolated the historic Saline di Comacchio — an important tourist and ecological site — and disrupted local mussel farming operations for over a year while reconstruction was planned."
"IT21.10.01","roma-2021","2021-10-02","Roma","Roma","258","roma","Roma","validated","Lazio","41.872","12.4721","waterway","Tevere river","Municipal","TC","0","0","true","Human-induced","Fire and Explosion","Fire / explosion","Other documented mode","Deck / superstructure","Documented","","High","true","Ponte dell'Industria","Truss","Steel","1863","1863","1863","Standard","Total collapse of a lateral service gallery of the Ponte dell'Industria (Ponte di Ferro) over the Tevere river in Rome on the night of 2-3 October 2021, triggered by a large fire that started from makeshift encampments beneath the bridge and spread to gas and electrical service conduits running along the structure. A lateral pedestrian and utility gallery approximately 50 metres long collapsed into the river; the main vehicular deck, though severely damaged, did not collapse. No fatalities or injuries were reported. The bridge, built in 1863 and an important connection between the Ostiense and Marconi districts, was reopened to vehicles on 12 December 2021 following emergency repairs."
"IT21.10.02","quiliano-2021","2021-10-04","Quiliano","Savona","9","savona","Savona","validated","Liguria","44.2998","8.4099","waterway","Quazzola stream","Municipal","TC","0","0","true","Natural","Hydraulic","Flood","Scour","Multiple components","Documented","{""trigger"":""flood"",""failure_process"":""scour"",""component_involved"":""multiple_components"",""evidence_level"":""documented"",""taxonomy_version"":""hydraulic-v2""}","Medium","true","","Beam bridge","Reinforced concrete","","","","Standard","Total collapse of a municipal bridge over the Quazzola stream in via Tecci near Quiliano (Savona, Liguria) on 4 October 2021, triggered by the extreme flash flood that struck the Savona hinterland during a severe rainfall event. The structure connected two residential properties across the stream and its collapse left two families isolated. The event occurred during a major flood that also caused the overflow of the Erro and Letimbro rivers and widespread infrastructure damage across the Savona province. Database ponti fluviali danneggiati di D'Angelo, Ballio & Ravazzani (2025), IJDRR 'Geomorphologic risk factors for river bridges', suppl. S3, record P190 (accuratezza diagnosi dec=1): processo = erosione verticale (scour); componenti danneggiate = pile, impalcato; evidenza di sormonto = no."
"IT21.12.01","alcamo-2021","2021-12-11","Alcamo","Trapani","81","trapani","Trapani","validated","Sicilia","38.0214","12.9047","waterway","San Bartolomeo river","National","TC","0","0","true","Natural","Hydraulic","Flood","Scour","Pier / foundation","Documented","{""trigger"":""flood"",""failure_process"":""scour"",""component_involved"":""pier_foundation"",""evidence_level"":""documented"",""taxonomy_version"":""hydraulic-v2""}","High","true","Ponte San Bartolomeo","Beam bridge","Reinforced concrete","","","","Standard","Total collapse of the Ponte San Bartolomeo on the SS187 state road near Alcamo Marina (Trapani, Sicily) on the night of 10-11 December 2021, triggered by the failure of the central pillar following extreme flooding of the San Bartolomeo river during heavy rainfall in western Sicily. The structure, already known to be in deteriorating condition and previously subject to emergency works in 2019, collapsed while a vehicle was approaching and narrowly avoided being swept away. No fatalities or injuries were reported. The SS187 was closed immediately; ANAS and the Sicilian Region coordinated provisional replacement works. Cedimento della pila centrale per scalzamento durante la piena del San Bartolomeo; caso citato dalla letteratura tecnica (FABRE 2022)."
"IT22.02.01","guastacconcio-2022","2022-02-13","Guastacconcio","Chieti","69","chieti","Chieti","validated","Abruzzo","42.1854","14.4812","waterway","Sangro river","Provincial/Regional","TC","0","0","false","Natural","Hydraulic","No identifiable external trigger","Scour","Pier / foundation","Documented","{""trigger"":null,""failure_process"":""scour"",""component_involved"":""pier_foundation"",""evidence_level"":""documented"",""taxonomy_version"":""hydraulic-v2""}","High","true","Ponte Guastacconcio","Beam bridge","Reinforced concrete","1950","1950","1950","Standard","Total collapse of Ponte Guastacconcio over the Sangro on 13 February 2022 after prior closure for progressive settlement of the central pier. Parliamentary records link the pre-collapse deformation to repeated Sangro floods and riverbed lowering; D'Angelo, Ballio & Ravazzani (2025), record P192, classifies vertical erosion/scour. The final collapse occurred without a discrete flood at the time, so triggered remains FALSE."
"IT22.08.01","brescia-2022","2022-08-24","Brescia","Brescia","17","brescia","Brescia","validated","Lombardia","45.5507","10.1937","road","Via Volturno","Provincial/Regional","PC","0","0","true","Human-induced","Impact","Vehicle impact","Knocked down by external action","Deck / superstructure","Documented","","High","true","Ponte di Via Volturno","Beam bridge","Prestressed concrete","","","","Standard","Partial collapse of the Via Volturno overpass over the western ring road (tangenziale Ovest) in Brescia on 24 August 2022, caused by the impact of a heavy goods vehicle transporting a crane whose boom struck the underside of the bridge deck. Five reinforced concrete beams were destroyed in the impact. The structure, one of the most heavily trafficked crossings in the city with approximately 80,000 vehicles per day, was closed immediately and the city traffic network was severely disrupted. No fatalities or injuries were reported. Temporary shoring works involving 250 props were installed and load tests were carried out before partial reopening."
"IT22.09.01","arcevia-2022-1","2022-09-15","Arcevia","Ancona","42","ancona","Ancona","validated","Marche","43.5304","12.9934","waterway","Misa river","Municipal","TC","0","0","true","Natural","Hydraulic","Flood","Scour","Multiple components","Probable","{""trigger"":""flood"",""failure_process"":""scour"",""component_involved"":""multiple_components"",""evidence_level"":""probable"",""taxonomy_version"":""hydraulic-v2""}","High","true","","Beam bridge","Reinforced concrete","","","","Standard","Total collapse of a municipal bridge over the Misa river near Arcevia (Ancona, Marche) on 15 September 2022, triggered by the catastrophic flash flood that struck the Marche region. The bridge was destroyed by the extreme hydraulic forces associated with the Misa river in full spate following exceptional rainfall exceeding 400 mm in a few hours in the Cantiano area. No fatalities directly attributed to this collapse. Database ponti fluviali danneggiati di D'Angelo, Ballio & Ravazzani (2025), IJDRR 'Geomorphologic risk factors for river bridges', suppl. S3, record P194 (accuratezza diagnosi dec=0.5): processo = erosione verticale (scour) + erosione laterale di sponda + carico idraulico sulla struttura; componenti danneggiate = spalle, rilevato di accesso, impalcato; evidenza di sormonto = si."
"IT22.09.02","ostra-vetere-2022-1","2022-09-15","Ostra Vetere","Ancona","42","ancona","Ancona","validated","Marche","43.5895","13.0927","waterway","Misa river","Provincial/Regional","TC","0","0","true","Natural","Hydraulic","Flood","Scour","Multiple components","Documented","{""trigger"":""flood"",""failure_process"":""scour"",""component_involved"":""multiple_components"",""evidence_level"":""documented"",""taxonomy_version"":""hydraulic-v2""}","High","true","","Beam bridge","Reinforced concrete","","","","Standard","Total collapse of a provincial/regional bridge over the Misa river near Ostra Vetere (Ancona, Marche) on 15 September 2022, triggered by the catastrophic flash flood affecting the Marche region. The event caused severe disruption to local road connections in the Senigallia hinterland during one of the most destructive hydraulic events ever recorded in the region. Database ponti fluviali danneggiati di D'Angelo, Ballio & Ravazzani (2025), IJDRR 'Geomorphologic risk factors for river bridges', suppl. S3, record P195 (accuratezza diagnosi dec=1): processo = erosione verticale (scour); componenti danneggiate = pile, impalcato; evidenza di sormonto = yes."
"IT22.09.03","ostra-vetere-2022-2","2022-09-15","Ostra Vetere","Ancona","42","ancona","Ancona","validated","Marche","43.6108","13.0433","waterway","Nevola river","Provincial/Regional","TC","0","0","true","Natural","Hydraulic","Flood","Overtopping / hydrodynamic action","Multiple components","Documented","{""trigger"":""flood"",""failure_process"":""overtopping_or_hydrodynamic_action"",""component_involved"":""multiple_components"",""evidence_level"":""documented"",""taxonomy_version"":""hydraulic-v2""}","High","true","","Beam bridge","Reinforced concrete","","","","Standard","Total collapse of a provincial/regional bridge over the Nevola river near Ostra Vetere (Ancona, Marche) on 15 September 2022. The Nevola, normally a small watercourse, became one of the main vectors of destruction during the 15 September 2022 Marche flood, causing multiple bridge collapses and 13 fatalities across the affected municipalities. Database ponti fluviali danneggiati di D'Angelo, Ballio & Ravazzani (2025), IJDRR 'Geomorphologic risk factors for river bridges', suppl. S3, record P196 (accuratezza diagnosi dec=1): processo = carico idraulico sulla struttura; componenti danneggiate = spalle, impalcato; evidenza di sormonto = yes."
"IT22.09.04","cantiano-2022-1","2022-09-15","Cantiano","Pesaro Urbino","41","pesaro-e-urbino","Pesaro Urbino","name_mismatch_coordinates_resolved","Marche","43.4757","12.5955","waterway","Bevano stream","Municipal","TC","0","0","true","Natural","Hydraulic","Flood","Overtopping / hydrodynamic action","Deck / superstructure","Probable","{""trigger"":""flood"",""failure_process"":""overtopping_or_hydrodynamic_action"",""component_involved"":""deck_or_superstructure"",""evidence_level"":""probable"",""taxonomy_version"":""hydraulic-v2""}","High","true","","Beam bridge","Reinforced concrete","","","","Standard","Total collapse of a municipal bridge over the Bevano stream near Cantiano (Pesaro-Urbino, Marche) on 15 September 2022. Cantiano was the epicentre of the flood event, recording over 419 mm of rainfall in a few hours — a record for the Marche region — which caused total destruction of local infrastructure including roads, bridges and buildings. Database ponti fluviali danneggiati di D'Angelo, Ballio & Ravazzani (2025), IJDRR 'Geomorphologic risk factors for river bridges', suppl. S3, record P198 (accuratezza diagnosi dec=0.5): processo = carico idraulico sulla struttura; componenti danneggiate = impalcato; evidenza di sormonto = yes."
"IT22.09.05","serra-sant-abbondio-2022","2022-09-15","Serra Sant'Abbondio","Pesaro Urbino","41","pesaro-e-urbino","Pesaro Urbino","name_mismatch_coordinates_resolved","Marche","43.4963","12.7912","waterway","Cesano river","Municipal","TC","0","0","true","Natural","Hydraulic","Flood","Scour","Multiple components","Documented","{""trigger"":""flood"",""failure_process"":""scour"",""component_involved"":""multiple_components"",""evidence_level"":""documented"",""taxonomy_version"":""hydraulic-v2""}","High","true","","Beam bridge","Reinforced concrete","","","","Standard","Total collapse of a municipal bridge over the Cesano river near Serra Sant'Abbondio (Pesaro-Urbino, Marche) on 15 September 2022, triggered by the exceptional hydraulic loading associated with the Marche flood event. The municipality was among the most severely affected in the Pesaro-Urbino province during the September 2022 disaster. Database ponti fluviali danneggiati di D'Angelo, Ballio & Ravazzani (2025), IJDRR 'Geomorphologic risk factors for river bridges', suppl. S3, record P199 (accuratezza diagnosi dec=1): processo = erosione verticale (scour) + carico idraulico sulla struttura; componenti danneggiate = spalle, rilevato di accesso, impalcato; evidenza di sormonto = si."
"IT22.09.06","arcevia-2022-2","2022-09-15","Arcevia","Ancona","42","ancona","Ancona","validated","Marche","43.5166","12.9511","waterway","Acquaviva stream","Municipal","TC","0","0","true","Natural","Hydraulic","Flood","Bank erosion / embankment failure","Multiple components","Documented","{""trigger"":""flood"",""failure_process"":""bank_erosion_or_embankment_failure"",""component_involved"":""multiple_components"",""evidence_level"":""documented"",""taxonomy_version"":""hydraulic-v2""}","High","true","","Beam bridge","Reinforced concrete","","","","Standard","Total collapse of a municipal bridge over the Acquaviva stream near Arcevia (Ancona, Marche) on 15 September 2022. Arcevia was one of the municipalities most severely affected by the 15 September 2022 Marche flood, sustaining multiple bridge collapses and road interruptions simultaneously. Database ponti fluviali danneggiati di D'Angelo, Ballio & Ravazzani (2025), IJDRR 'Geomorphologic risk factors for river bridges', suppl. S3, record P209 (accuratezza diagnosi dec=1): processo = erosione laterale di sponda; componenti danneggiate = spalle, rilevato di accesso, impalcato; evidenza di sormonto = si."
"IT22.09.07","monterosso-stazione-2022","2022-09-15","Monterosso Stazione","Ancona","42","ancona","Ancona","validated","Marche","43.462","12.8198","waterway","Sanguerone stream","Municipal","TC","0","0","true","Natural","Hydraulic","Flood","Bank erosion / embankment failure","Multiple components","Documented","{""trigger"":""flood"",""failure_process"":""bank_erosion_or_embankment_failure"",""component_involved"":""multiple_components"",""evidence_level"":""documented"",""taxonomy_version"":""hydraulic-v2""}","High","true","","Beam bridge","Reinforced concrete","","","","Standard","Total collapse of a municipal bridge over the Sanguerone stream near Monterosso Stazione, fraction of Sassoferrato (Ancona, Marche) on 15 September 2022. The Sanguerone, a minor tributary in the Misa catchment, experienced extreme flash flooding during the September 2022 event causing multiple collapses in the Sassoferrato area. Database ponti fluviali danneggiati di D'Angelo, Ballio & Ravazzani (2025), IJDRR 'Geomorphologic risk factors for river bridges', suppl. S3, record P210 (accuratezza diagnosi dec=1): processo = erosione laterale di sponda + carico idraulico sulla struttura; componenti danneggiate = spalle, rilevato di accesso, impalcato; evidenza di sormonto = no."
"IT22.09.08","cantiano-2022-2","2022-09-15","Cantiano","Pesaro Urbino","41","pesaro-e-urbino","Pesaro Urbino","name_mismatch_coordinates_resolved","Marche","43.4702","12.6271","waterway","Bevano stream","Cycle-pedestrian","TC","0","0","true","Natural","Hydraulic","Flood","Overtopping / hydrodynamic action","Deck / superstructure","Documented","{""trigger"":""flood"",""failure_process"":""overtopping_or_hydrodynamic_action"",""component_involved"":""deck_or_superstructure"",""evidence_level"":""documented"",""taxonomy_version"":""hydraulic-v2""}","High","true","","Beam bridge","Reinforced concrete","","","","Standard","Total collapse of a cycle-pedestrian bridge over the Bevano stream near Cantiano (Pesaro-Urbino, Marche) on 15 September 2022, caused by the extreme hydraulic loading associated with the September 2022 Marche flood. The structure was one of multiple bridges destroyed in the Cantiano area, which received the highest recorded rainfall during the event. Database ponti fluviali danneggiati di D'Angelo, Ballio & Ravazzani (2025), IJDRR 'Geomorphologic risk factors for river bridges', suppl. S3, record P211 (accuratezza diagnosi dec=1): processo = carico idraulico sulla struttura; componenti danneggiate = impalcato; evidenza di sormonto = si."
"IT22.09.09","sassoferrato-2022-1","2022-09-15","Sassoferrato","Ancona","42","ancona","Ancona","validated","Marche","43.4613","12.8404","waterway","Sanguerone stream","Municipal","TC","0","0","true","Natural","Hydraulic","Flood","Bank erosion / embankment failure","Multiple components","Documented","{""trigger"":""flood"",""failure_process"":""bank_erosion_or_embankment_failure"",""component_involved"":""multiple_components"",""evidence_level"":""documented"",""taxonomy_version"":""hydraulic-v2""}","High","true","","Beam bridge","Reinforced concrete","","","","Standard","Total collapse of a municipal bridge over the Sanguerone stream near Sassoferrato (Ancona, Marche) on 15 September 2022. The Sanguerone, a minor tributary of the Misa, was severely affected by flash flooding during the September 2022 disaster causing at least two bridge collapses in the Sassoferrato municipal area. Database ponti fluviali danneggiati di D'Angelo, Ballio & Ravazzani (2025), IJDRR 'Geomorphologic risk factors for river bridges', suppl. S3, record P212 (accuratezza diagnosi dec=1): processo = erosione laterale di sponda; componenti danneggiate = spalle, rilevato di accesso, impalcato; evidenza di sormonto = si."
"IT22.09.10","sassoferrato-2022-2","2022-09-15","Sassoferrato","Ancona","42","ancona","Ancona","validated","Marche","43.4562","12.8487","waterway","Sanguerone stream","Municipal","TC","0","0","true","Natural","Hydraulic","Flood","Bank erosion / embankment failure","Multiple components","Documented","{""trigger"":""flood"",""failure_process"":""bank_erosion_or_embankment_failure"",""component_involved"":""multiple_components"",""evidence_level"":""documented"",""taxonomy_version"":""hydraulic-v2""}","High","true","","Beam bridge","Reinforced concrete","","","","Standard","Total collapse of a second municipal bridge over the Sanguerone stream near Sassoferrato (Ancona, Marche) on 15 September 2022, triggered by the same extreme hydraulic event that caused the simultaneous collapse of multiple bridges in the area during the catastrophic Marche regional flood. Database ponti fluviali danneggiati di D'Angelo, Ballio & Ravazzani (2025), IJDRR 'Geomorphologic risk factors for river bridges', suppl. S3, record P213 (accuratezza diagnosi dec=1): processo = erosione laterale di sponda + carico idraulico sulla struttura; componenti danneggiate = spalle, rilevato di accesso, impalcato; evidenza di sormonto = si."
"IT22.10.01","novara-2022","2022-10-09","Novara","Novara","3","novara","Novara","validated","Piemonte","45.444","8.637","urban area","Municipality of Novara","Provincial/Regional","PC","0","0","false","Human-induced","Material","No identifiable external trigger","Other documented mode","Approach embankment","Needs review","","High","true","Cavalcavia XXV Aprile","Beam bridge","Prestressed concrete","","","","Standard","Partial collapse of the Cavalcavia XXV Aprile in Novara (Piemonte) on 9 October 2022, involving the detachment of a retaining wall section. The structure, which had shown signs of foundation deterioration since at least 2013 and had been subject to emergency consolidation works in 2015, was not among the bridges flagged as high-risk by the municipal authorities. The carriageway had already been reduced to two lanes. One vehicle was involved but no serious injuries were reported. The event prompted immediate closure and renewed debate on bridge maintenance across the city."
"IT22.11.01","laino-castello-2022","2022-11-17","Laino Castello","Cosenza","78","cosenza","Cosenza","coordinate_mismatch","Calabria","39.976696","16.022494","waterway","Paraturo stream","Provincial/Regional","TC","0","0","true","Natural","Hydraulic","Flood","","","Unspecified","{""trigger"":""flood"",""failure_process"":null,""component_involved"":null,""evidence_level"":""unspecified"",""taxonomy_version"":""hydraulic-v2""}","Medium","true","","Beam bridge","Reinforced concrete","1990","1990","1990","Standard","Total collapse of a provincial/regional bridge on the Paraturo stream near Laino Castello (Cosenza, Calabria) on 17 November 2022, triggered by intense rainfall and consequent hydraulic loading. The structure, built approximately 30 years earlier by the Consorzio di Bonifica del Pollino in reinforced concrete, connected the Calabrian municipality to Rotonda (Basilicata). No fatalities or injuries were reported, but residents were left isolated following the collapse. Piena documentata; meccanismo di dettaglio non ricostruibile dalle fonti disponibili."
"IT22.11.02","varazze-2022","2022-11-25","Varazze","Savona","9","savona","Savona","validated","Liguria","44.363","8.5937","road","via Vignetta","Municipal","PC","0","0","true","Human-induced","Impact","Vehicle impact","Knocked down by external action","Deck / superstructure","Documented","","High","true","Cavalcavia Vignetta","Beam bridge","Reinforced concrete","","","","Standard","Partial collapse of a municipal overpass in via Vignetta near Varazze (Savona, Liguria) on 25 November 2022, caused by the impact of a heavy goods vehicle transporting an excavator that struck the underside of the bridge deck while travelling on the A10 motorway below. The structure suffered irreparable damage and was subsequently demolished. No fatalities or injuries were reported. A provisional Bailey bridge was installed within one week to restore access to approximately 40 residents who had been cut off."
"IT22.12.01","monteverdi-marittimo-2022","2022-12-01","Monteverdi Marittimo","Pisa","50","pisa","Pisa","validated","Toscana","43.188","10.7254","road","SP329","Provincial/Regional","TC","0","0","false","Human-induced","Material","No identifiable external trigger","","Pier / foundation","Probable","","Medium","true","","Beam bridge","Reinforced concrete","","","","Standard","Total collapse of a provincial/regional bridge on the SP329 near Monteverdi Marittimo (Pisa, Tuscany) on the night of 1 December 2022, caused by the sudden failure of a pillar. The structure connected the town centre to the hamlet of Canneto. No fatalities or injuries were reported; the collapse occurred at night with no vehicles in transit. The road remained closed for several months while a temporary Bailey bridge was installed."
"IT22.12.02","terme-vigliatore-2022","2022-12-03","Terme Vigliatore","Messina","283","messina","Messina","validated","Sicilia","38.1372","15.1652","waterway","Mazzarrà stream","Provincial/Regional","PC","0","0","true","Natural","Hydraulic","Flood","","","Unspecified","{""trigger"":""flood"",""failure_process"":null,""component_involved"":null,""evidence_level"":""unspecified"",""taxonomy_version"":""hydraulic-v2""}","High","true","Ponte Termini","Arch bridge","Masonry","","","","Standard","Partial collapse of Ponte Termini near Terme Vigliatore (Sicily) on 3 December 2022 following severe hydraulic phenomena associated with intense flooding of the Mazzarà stream during an extreme rainfall event. No fatalities or injuries were reported Piena documentata; meccanismo di dettaglio non ricostruibile dalle fonti disponibili."
"IT22.12.03","chiusa-sclafani-2022","2022-12-16","Chiusa Sclafani","Palermo","282","palermo","Palermo","validated","Sicilia","37.6785","13.2721","waterway","Sosio river","Provincial/Regional","TC","0","0","false","Human-induced","Material","No identifiable external trigger","Other documented mode","Deck / superstructure","Documented","","High","true","Ponte Tredici Luci","Arch bridge","Masonry","1910","1910","1910","Flagship","Total collapse of Ponte Tredici Luci near Chiusa Sclafani (Sicily) on 16 December 2022 caused by progressive long-term structural deterioration associated with water infiltration through the deteriorated bridge deck waterproofing system. The prolonged infiltration process led to internal damage and eventual collapse of two masonry arches. No fatalities or injuries were reported."
"IT22.12.04","bellante-2022","2022-12-29","Bellante","Teramo","67","teramo","Teramo","validated","Abruzzo","42.7723","13.8001","waterway","Salinello river","Provincial/Regional","TC","0","0","false","Human-induced","Design and Construction","No identifiable external trigger","Other documented mode","Abutment","Documented","","High","true","Ponte di Collerenti","Beam bridge","Reinforced concrete","1940","1940","1940","Flagship","Total collapse of the Collerenti bridge over the Salinello between Bellante and Sant'Omero on 29 December 2022, initiated by failure of the Bellante-side abutment. Initial inspections considered overload, but court-appointed experts later identified a construction defect as the predominant predisposing factor, with rainfall-related erosion and heavy-vehicle traffic as contributing/accelerating factors. No vehicle was crossing at the instant of failure; no discrete trigger is assigned."
"IT23.01.01","molina-aterno-2023","2023-01-18","Molina Aterno","L'Aquila","66","l-aquila","L'Aquila","validated","Abruzzo","42.1528","13.7286","waterway","Aterno river","Municipal","TC","0","0","true","Natural","Hydraulic","Flood","Scour","Pier / foundation","Probable","{""trigger"":""flood"",""failure_process"":""scour"",""component_involved"":""pier_foundation"",""evidence_level"":""probable"",""taxonomy_version"":""hydraulic-v2""}","High","true","","Beam bridge","Reinforced concrete","","","","Standard","Total collapse of the bridge at Molina Aterno (Abruzzo) on 18 January 2023 following severe hydraulic phenomena associated with intense flooding and scour processes affecting the Aterno river. No fatalities or injuries were reported. Processi di scour sull'Aterno indicati dalle fonti dell'evento."
"IT23.01.02","promano-2023","2023-01-30","Promano","Perugia","54","perugia","Perugia","validated","Umbria","43.359835","12.276775","road","E35","Municipal","PC","0","0","true","Human-induced","Impact","Vehicle impact","Knocked down by external action","Deck / superstructure","Documented","","High","true","","Beam bridge","Reinforced concrete","1970","1970","1970","Standard","Partial collapse of Ponte di Promano near Città di Castello (Umbria) on 30 January 2023 following impact from an overheight heavy vehicle. No fatalities or injuries were reported."
"IT23.05.01","longobucco-ortiano-ii-2023","2023-05-03","Longobucco","Cosenza","78","cosenza","Cosenza","validated","Calabria","39.4675","16.6754","waterway","Trionto river","National","TC","0","0","true","Natural","Hydraulic","Flood","Scour","Pier / foundation","Documented","{""trigger"":""flood"",""failure_process"":""scour"",""component_involved"":""pier_foundation"",""evidence_level"":""documented"",""taxonomy_version"":""hydraulic-v2""}","High","true","Viadotto Ortiano II","Beam bridge","Prestressed concrete","2014","2014","2014","Flagship","Total collapse of the Ortiano II bridge near Longobucco (Calabria) on 3 May 2023 following extreme hydraulic and scour phenomena affecting the Trionto river during severe flooding. The collapse occurred shortly after the bridge opening and did not cause fatalities or injuries. D'Angelo et al. (2025), Structure and Infrastructure Engineering, case study con sopralluogo degli autori: crollo della terza campata del viadotto Ortiano II (SS177, 7 campate x30 m, in esercizio dal 2016) alle ~18:00 del 03/05/2023 per scalzamento della fondazione della pila 3: pile prive di fondazioni profonde (plinti 8,70x7,40x2,00 m su rilevato in massi), plinti gia' parzialmente scoperti da piene precedenti (foto dal 2021); un affioramento roccioso in destra deviava la corrente verso le pile 3 e 4 con vortici e scavo dell'alveo; moto roto-traslazionale della pila verso l'alveo e caduta dell'impalcato in semplice appoggio. Ponte chiuso al traffico ~1 ora prima del crollo: nessuna vittima."
"IT23.05.02","san-martino-in-argine-2023","2023-05-17","Molinella","Bologna","237","bologna","Bologna","validated","Emilia-Romagna","44.5781","11.5954","waterway","Idice stream","Provincial/Regional","TC","0","0","true","Natural","Hydraulic","Flood","Scour","Multiple components","Documented","{""trigger"":""flood"",""failure_process"":""scour"",""component_involved"":""multiple_components"",""evidence_level"":""documented"",""taxonomy_version"":""hydraulic-v2""}","High","true","Ponte della Motta","Beam bridge","Reinforced concrete","1958","1958","1958","Standard","Total collapse of a provincial bridge near San Martino in Argine (Emilia-Romagna) on 17 May 2023 following severe hydraulic phenomena associated with extreme flooding of the Idice stream during the 2023 Emilia-Romagna flood event. No fatalities or injuries were reported. D'Angelo et al. (2025), Structure and Infrastructure Engineering, case study con sopralluogo degli autori: rottura dell'argine destro dell'Idice ~700 m a valle del ponte della Motta (breccia >100 m, poco dopo mezzanotte del 16/05/2023) -> aumento della pendenza e della velocita' -> incisione generalizzata dell'alveo a monte stimata in ~4 m -> scalzamento dei corpi arginali; le spalle, immorsate negli argini e su fondazioni superficiali (a differenza delle pile su pali), collassarono trascinando due delle tre campate principali; la terza cadde poco dopo, verosimilmente per scalzamento delle pile residue (dati idrometro ARPAE sul ponte fino al collasso; ponte Gerber del 1958, 5 campate, ~100 m). [Il database Polimi (D'Angelo et al. 2025, S3, record P202, dec=1) classifica invece il processo come: erosione laterale di sponda.]"
"IT23.05.03","prada-2023","2023-05-18","Faenza","Ravenna","39","ravenna","Ravenna","validated","Emilia-Romagna","44.3369","12.0227","waterway","Magni canal","Provincial/Regional","TC","0","0","true","Natural","Hydraulic","Flood","Bank erosion / embankment failure","Multiple components","Probable","{""trigger"":""flood"",""failure_process"":""bank_erosion_or_embankment_failure"",""component_involved"":""multiple_components"",""evidence_level"":""probable"",""taxonomy_version"":""hydraulic-v2""}","Medium","true","","Beam bridge","Reinforced concrete","","","","Standard","Total collapse of a provincial bridge in the Prada area near Ravenna (Emilia-Romagna) on 18 May 2023 following severe hydraulic phenomena associated with extreme flooding during the 2023 Emilia-Romagna flood event. No fatalities or injuries were reported. Database ponti fluviali danneggiati di D'Angelo, Ballio & Ravazzani (2025), IJDRR 'Geomorphologic risk factors for river bridges', suppl. S3, record P203 (accuratezza diagnosi dec=0.5): processo = erosione laterale di sponda; componenti danneggiate = spalle, impalcato; evidenza di sormonto = yes."
"IT23.05.04","gambellara-2023","2023-05-18","Ravenna","Ravenna","39","ravenna","Ravenna","validated","Emilia-Romagna","44.3202","12.1592","waterway","Fosso Ghiaia canal","Municipal","TC","0","0","true","Natural","Hydraulic","Flood","Bank erosion / embankment failure","Multiple components","Documented","{""trigger"":""flood"",""failure_process"":""bank_erosion_or_embankment_failure"",""component_involved"":""multiple_components"",""evidence_level"":""documented"",""taxonomy_version"":""hydraulic-v2""}","High","true","","Beam bridge","Reinforced concrete","","","","Standard","Total collapse of a municipal bridge in the Gambellara area of Ravenna (Emilia-Romagna) on 18 May 2023 following severe hydraulic phenomena associated with extreme flooding of the Fosso Ghiaia canal during the 2023 Emilia-Romagna flood event. No fatalities or injuries were reported. Database ponti fluviali danneggiati di D'Angelo, Ballio & Ravazzani (2025), IJDRR 'Geomorphologic risk factors for river bridges', suppl. S3, record P208 (accuratezza diagnosi dec=1): processo = erosione laterale di sponda; componenti danneggiate = spalle, impalcato; evidenza di sormonto = si."
"IT23.05.05","modigliana-2023","2023-05-19","Modigliana","Forli'-Cesena","40","forli-cesena","Forlì Cesena","validated","Emilia-Romagna","44.1707","11.8139","waterway","Marzeno stream","Municipal","TC","0","0","true","Natural","Hydraulic","Flood","Bank erosion / embankment failure","Multiple components","Documented","{""trigger"":""flood"",""failure_process"":""bank_erosion_or_embankment_failure"",""component_involved"":""multiple_components"",""evidence_level"":""documented"",""taxonomy_version"":""hydraulic-v2""}","High","true","","Beam bridge","Reinforced concrete","","","","Standard","Total collapse of a municipal bridge near Modigliana (Emilia-Romagna) on 19 May 2023 following severe hydraulic phenomena associated with extreme rainfall and flooding of the Marzeno stream during the 2023 Emilia-Romagna flood event. No fatalities or injuries were reported. Database ponti fluviali danneggiati di D'Angelo, Ballio & Ravazzani (2025), IJDRR 'Geomorphologic risk factors for river bridges', suppl. S3, record P204 (accuratezza diagnosi dec=1): processo = erosione laterale di sponda; componenti danneggiate = spalle, rilevato di accesso, impalcato; evidenza di sormonto = no."
"IT23.05.06","monterenzio-2023","2023-05-24","Monterenzio","Bologna","237","bologna","Bologna","validated","Emilia-Romagna","44.2742","11.4589","waterway","Sillaro river","Municipal","TC","0","0","true","Natural","Hydraulic","Flood","Scour","Multiple components","Documented","{""trigger"":""flood"",""failure_process"":""scour"",""component_involved"":""multiple_components"",""evidence_level"":""documented"",""taxonomy_version"":""hydraulic-v2""}","High","true","","Beam bridge","Reinforced concrete","","","","Standard","Total collapse of a municipal bridge near Monterenzio (Emilia-Romagna) on 24 May 2023 following severe hydraulic phenomena associated with extreme rainfall and flooding of the Sillaro river during the 2023 Emilia-Romagna flood event. No fatalities or injuries were reported. Database ponti fluviali danneggiati di D'Angelo, Ballio & Ravazzani (2025), IJDRR 'Geomorphologic risk factors for river bridges', suppl. S3, record P205 (accuratezza diagnosi dec=1): processo = erosione verticale (scour); componenti danneggiate = pile, impalcato; evidenza di sormonto = no."
"IT23.05.07","fontanelice-santerno-2023","2023-05-17","Fontanelice","Bologna","237","bologna","Bologna","coordinate_mismatch","Emilia-Romagna","44.2637","11.6792","waterway","Santerno river","Municipal","TC","0","0","true","Natural","Hydraulic","Flood","Scour","Multiple components","Documented","{""trigger"":""flood"",""failure_process"":""scour"",""component_involved"":""multiple_components"",""evidence_level"":""documented"",""taxonomy_version"":""hydraulic-v2""}","Medium","false","","Beam bridge","Reinforced concrete","","","","Standard","Total collapse of a road bridge over the Santerno river near Fontanelice (Bologna) during the May 2023 Emilia-Romagna floods. Event documented in the Polimi river-bridge failure database (record P206, dec=1); exact day within the 16-18 May 2023 event to be confirmed. D'Angelo, Ballio & Ravazzani (2025), 'Geomorphologic risk factors for river bridges', IJDRR, database supplementare S3, record P206 (dec=1): crollo totale di ponte stradale sul Santerno presso Fontanelice durante l'alluvione dell'Emilia-Romagna; processo = erosione verticale (scour) + erosione laterale di sponda; componenti danneggiate = impalcato e pile; sormonto = no. Giorno indicativo (evento 16-18/05/2023): data esatta da precisare."
"IT23.07.01","coltano-2023","2023-07-27","Coltano","Pisa","50","pisa","Pisa","validated","Toscana","43.664198","10.37062","road","SP58","Provincial/Regional","PC","0","0","true","Human-induced","Impact","Vehicle impact","Knocked down by external action","Deck / superstructure","Documented","","High","true","","Beam bridge","Reinforced concrete","","","","Standard","Partial collapse of a provincial overpass near Coltano (Tuscany) on 27 July 2023 following impact from an overheight vehicle along the SP58 roadway. No fatalities or injuries were reported."
"IT23.09.01","riolo-terme-2023","2023-09-09","Riolo Terme","Ravenna","39","ravenna","Ravenna","validated","Emilia-Romagna","44.273694","11.718159","waterway","Senio river","Cycle-pedestrian","TC","0","0","true","Human-induced","Design and Construction","Static load test","Overstress","Entire structure","Documented","","High","true","","Cable-stayed","Steel","2017","2017","2017","Standard","Total collapse of the new cycle-pedestrian footbridge at Borgo Rivola (Riolo Terme) during static load testing in September 2023. The structure failed under the water-tank test load; subsequent technical reporting by the designer discusses design errors and reconstruction. Classified as Design and Construction with Static load test trigger and Overstress process. The hydraulic record reported at the same location is not used to override this distinct load-test event."
"IT23.10.01","terenzo-2023","2023-10-30","Terenzo","Parma","34","parma","Parma","validated","Emilia-Romagna","44.649","10.1218","waterway","Sporzana stream","Municipal","TC","0","0","true","Natural","Hydraulic","Flood","","","Unspecified","{""trigger"":""flood"",""failure_process"":null,""component_involved"":null,""evidence_level"":""unspecified"",""taxonomy_version"":""hydraulic-v2""}","Medium","true","","Beam bridge","Reinforced concrete","","","","Standard","Total collapse of a municipal bridge near Terenzo (Emilia-Romagna) on 30 October 2023 following severe hydraulic phenomena associated with intense rainfall and flooding of the Sporzana stream. No fatalities or injuries were reported. Piena documentata; meccanismo di dettaglio non ricostruibile dalle fonti disponibili."
"IT23.11.01","vaiano-2023","2023-11-04","Vaiano","Prato","100","prato","Prato","validated","Toscana","43.9445","11.1252","waterway","Bisenzio river","Cycle-pedestrian","TC","0","0","true","Natural","Hydraulic","Flood","","","Unspecified","{""trigger"":""flood"",""failure_process"":null,""component_involved"":null,""evidence_level"":""unspecified"",""taxonomy_version"":""hydraulic-v2""}","High","true","","Beam bridge","Steel","","","","Standard","Total collapse of a cycle-pedestrian bridge near Vaiano (Tuscany) on 4 November 2023 following severe hydraulic phenomena associated with intense rainfall and flooding of the Bisenzio river. No fatalities or injuries were reported. Piena documentata; meccanismo di dettaglio non ricostruibile dalle fonti disponibili. [Contesto: piena record del Bisenzio del 02-03/11/2023 (idrometro di Gamberame: 5,93 m, massimo storico, ~575 m3/s) con ingenti danni a Vaiano e Cantagallo (fonte AdB Appennino Settentrionale); meccanismo del singolo attraversamento non documentato.]"
"IT23.11.02","lamporecchio-2023","2023-11-04","Lamporecchio","Pistoia","47","pistoia","Pistoia","validated","Toscana","43.8168","10.8969","waterway","Lamporecchio stream","Municipal","TC","2","0","true","Natural","Hydraulic","Flood","","","Unspecified","{""trigger"":""flood"",""failure_process"":null,""component_involved"":null,""evidence_level"":""unspecified"",""taxonomy_version"":""hydraulic-v2""}","High","true","","Beam bridge","Reinforced concrete","","","","Standard","Total collapse of a municipal bridge near Lamporecchio (Tuscany) on 4 November 2023 following severe hydraulic phenomena associated with intense rainfall and flash flooding of the Lamporecchio stream. The collapse caused 2 fatalities after a vehicle was swept away during the flood event. Piena documentata; meccanismo di dettaglio non ricostruibile dalle fonti disponibili. [Aggiornamento: il crollo del ponte a Lamporecchio travolse e uccise una coppia di coniugi la sera del 02/11/2023; la Procura di Pistoia ha indagato 5 persone tra dirigenti del Consorzio di bonifica Basso Valdarno e funzionari comunali; il meccanismo di collasso non risulta ancora pubblicato.]"
"IT24.05.01","santa-sofia-2024","2024-05-02","Santa Sofia","Forli'-Cesena","40","forli-cesena","Forlì Cesena","validated","Emilia-Romagna","43.912","11.8619","waterway","Bidente river","Municipal","TC","0","0","true","Natural","Landslide","Landslide / slope failure","Knocked down by external action","","Probable","","Medium","true","","Beam bridge","Reinforced concrete","","","","Standard","Total collapse of a municipal bridge near Santa Sofia (Emilia-Romagna) on 2 May 2024 following landslide phenomena triggered by prolonged rainfall and slope instability affecting the Bidente river valley. No fatalities or injuries were reported."
"IT24.05.02","cavenago-di-brianza-2024","2024-05-15","Cavenago di Brianza","Monza e della Brianza","108","monza-e-della-brianza","Monza e Brianza","validated","Lombardia","45.5878","9.4349","waterway","Rio della Pissanegra","Municipal","TC","0","0","true","Natural","Hydraulic","Flood","","","Unspecified","{""trigger"":""flood"",""failure_process"":null,""component_involved"":null,""evidence_level"":""unspecified"",""taxonomy_version"":""hydraulic-v2""}","Medium","true","","Beam bridge","Reinforced concrete","","","","Standard","Total collapse of a municipal bridge near Cavenago di Brianza (Lombardy) on 15 May 2024 following severe hydraulic phenomena associated with intense rainfall and flooding of the Rio della Pissanegra. No fatalities or injuries were reported. Piena documentata; meccanismo di dettaglio non ricostruibile dalle fonti disponibili."
"IT24.05.03","malo-2024","2024-05-16","Malo","Vicenza","24","vicenza","Vicenza","validated","Veneto","45.6528","11.4121","waterway","Orolo stream","Municipal","TC","0","0","true","Natural","Hydraulic","Flood","","","Unspecified","{""trigger"":""flood"",""failure_process"":null,""component_involved"":null,""evidence_level"":""unspecified"",""taxonomy_version"":""hydraulic-v2""}","Medium","true","","Beam bridge","Reinforced concrete","","","","Standard","Total collapse of a municipal bridge near Malo (Veneto) on 16 May 2024 following severe hydraulic phenomena associated with intense rainfall and flooding of the Orolo stream. No fatalities or injuries were reported. Piena documentata; meccanismo di dettaglio non ricostruibile dalle fonti disponibili."
"IT24.06.01","cogne-2024","2024-06-29","Cogne","Aosta","7","aosta","Aosta","validated","Valle d'Aosta (Valle d'Aoste)","45.6307","7.32","waterway","Grand Eyvia stream","Municipal","TC","0","0","true","Natural","Hydraulic","Flood","Debris flow / solid transport","Entire structure","Documented","{""trigger"":""flood"",""failure_process"":""debris_flow_or_solid_transport"",""component_involved"":""entire_structure"",""evidence_level"":""documented"",""taxonomy_version"":""hydraulic-v2""}","High","true","","Beam bridge","Reinforced concrete","","","","Standard","Total collapse of a municipal bridge near Cogne (Valle d'Aosta) on 29 June 2024 following severe hydraulic phenomena associated with extreme flooding and debris flow activity affecting the Grand Eyvia stream. No fatalities or injuries were reported. Colata detritica e trasporto solido eccezionale sul Grand Eyvia documentati (evento di Cogne, giugno 2024)."
"IT24.09.01","mattie-2024","2024-09-05","Mattie","Torino","201","torino","Torino","validated","Piemonte","45.1264","7.137","waterway","Gerardo stream","Municipal","TC","0","0","true","Natural","Hydraulic","Flood","","","Unspecified","{""trigger"":""flood"",""failure_process"":null,""component_involved"":null,""evidence_level"":""unspecified"",""taxonomy_version"":""hydraulic-v2""}","Medium","true","","Beam bridge","Reinforced concrete","","","","Standard","Total collapse of a municipal bridge near Mattie (Piedmont) on 5 September 2024 following severe hydraulic phenomena associated with intense rainfall and flooding of the Gerardo stream. No fatalities or injuries were reported. Piena documentata; meccanismo di dettaglio non ricostruibile dalle fonti disponibili."
"IT24.10.01","sasso-marconi-2024","2024-10-20","Sasso Marconi","Bologna","237","bologna","Bologna","validated","Emilia-Romagna","44.4449","11.1994","waterway","Olivetta stream","Municipal","TC","0","0","true","Natural","Hydraulic","Flood","","","Unspecified","{""trigger"":""flood"",""failure_process"":null,""component_involved"":null,""evidence_level"":""unspecified"",""taxonomy_version"":""hydraulic-v2""}","High","true","","Arch bridge","Masonry","","","","Standard","Total collapse of a bridge near Sasso Marconi (Emilia-Romagna) on 20 October 2024 following intense hydraulic phenomena associated with flooding of the Olivetta stream. No fatalities or injuries were reported. Piena documentata; meccanismo di dettaglio non ricostruibile dalle fonti disponibili. [Aggiornamento: crollo del ponte sul torrente Olivetta in loc. Molino di Pramarano (via Boschi) con cedimento del piano stradale adiacente, eventi del 18-19/10/2024; 15 famiglie isolate, demolizione e by-pass realizzati dal Genio ferrovieri dell'Esercito (ANSA); meccanismo non specificato dalle fonti.]"
"IT24.10.02","san-pietro-e-maida-2024","2024-10-21","San Pietro e Maida","Catanzaro","79","catanzaro","Catanzaro","validated","Calabria","38.8751","16.3263","waterway","Cottola stream","Provincial/Regional","TC","0","0","true","Natural","Hydraulic","Flood","","","Unspecified","{""trigger"":""flood"",""failure_process"":null,""component_involved"":null,""evidence_level"":""unspecified"",""taxonomy_version"":""hydraulic-v2""}","Medium","true","","Beam bridge","Reinforced concrete","","","","Standard","Total collapse of a provincial bridge near San Pietro a Maida (Calabria) on 21 October 2024 following severe hydraulic phenomena associated with intense rainfall and flooding of the Cottola stream. No fatalities or injuries were reported. Piena documentata; meccanismo di dettaglio non ricostruibile dalle fonti disponibili."
"IT24.10.03","carcare-2024","2024-10-27","Carcare","Savona","9","savona","Savona","validated","Liguria","44.3584","8.2901","waterway","Bormida di Pallare stream","Cycle-pedestrian","TC","0","0","true","Natural","Hydraulic","Flood","","","Unspecified","{""trigger"":""flood"",""failure_process"":null,""component_involved"":null,""evidence_level"":""unspecified"",""taxonomy_version"":""hydraulic-v2""}","High","true","","Beam bridge","Reinforced concrete","","","","Standard","Total collapse of a cycle-pedestrian bridge near Carcare (Liguria) on 27 October 2024 following severe hydraulic phenomena associated with flooding of the Bormida di Pallare river. No fatalities or injuries were reported. Piena documentata; meccanismo di dettaglio non ricostruibile dalle fonti disponibili."
"IT25.04.01","mongrado-2025","2025-04-17","Mongrado","Biella","96","biella","Biella","validated","Piemonte","45.5126","8.0249","waterway","Elvo stream","Municipal","TC","0","0","true","Natural","Hydraulic","Flood","","","Unspecified","{""trigger"":""flood"",""failure_process"":null,""component_involved"":null,""evidence_level"":""unspecified"",""taxonomy_version"":""hydraulic-v2""}","High","true","Ponte Gilino","Beam bridge","Reinforced concrete","1970","1970","1970","Standard","Total collapse of Ponte Gilino, a municipal bridge near Mongrado (Piedmont), on 17 April 2025 following severe hydraulic phenomena associated with intense rainfall and flooding of the Elvo stream. No fatalities or injuries were reported. Piena documentata; meccanismo di dettaglio non ricostruibile dalle fonti disponibili."
"IT25.04.02","valdagno-2025","2025-04-18","Valdagno","Vicenza","24","vicenza","Vicenza","validated","Veneto","45.6321","11.308","waterway","Agno stream","Municipal","TC","2","0","true","Natural","Hydraulic","Flood","Scour","Multiple components","Probable","{""trigger"":""flood"",""failure_process"":""scour"",""component_involved"":""multiple_components"",""evidence_level"":""probable"",""taxonomy_version"":""hydraulic-v2""}","High","true","Ponte dei Nori","Beam bridge","Masonry","1905","1905","1905","Flagship","Total collapse of a municipal bridge near Valdagno (Vicenza, Veneto) triggered by hydraulic phenomena. The event caused 2 fatalities. Scalzamento/svuotamento in corrispondenza di impalcato e rampa (voragine nella sede stradale) durante la piena eccezionale dell'Agno; inchiesta per crollo colposo in corso."
"IT25.07.01","san-martino-in-passiria-2025","2025-07-24","San Martino in Passiria","Bolzano","21","bolzano","Bolzano","validated","Trentino-Alto Adige (Trentino-Südtirol)","46.7697","11.2134","waterway","Valclava stream","Municipal","TC","0","0","true","Natural","Hydraulic","Flood","","","Unspecified","{""trigger"":""flood"",""failure_process"":null,""component_involved"":null,""evidence_level"":""unspecified"",""taxonomy_version"":""hydraulic-v2""}","Medium","true","","Beam bridge","Reinforced concrete","","","","Standard","Total collapse of a municipal bridge near San Martino in Passiria (Sud Tirol) on 24 July 2025, following severe hydraulic phenomena associated with intense rainfall and flooding of the Agno stream Piena documentata; meccanismo di dettaglio non ricostruibile dalle fonti disponibili."
"IT26.03.01","viadotto-navicelli-2026","2026-03-06","Pisa","Pisa","50","pisa","Pisa","coordinate_mismatch","Toscana","43.5838","10.3058","waterway","Canale dei Navicelli","National","PC","0","0","true","Human-induced","Material","Movable bridge operation","Fracture","Connection / joint","Documented","","High","true","Viadotto Navicelli (FI-PI-LI)","Beam bridge","Steel","1990","1990","1990","Standard","Partial collapse (mechanical failure) of the movable lifting span of the Viadotto Navicelli on the FI-PI-LI expressway at Calambrone (Pisa/Livorno border) on 6 March 2026, caused by the sudden failure of one of the two steel hinges of the lifting mechanism. No hydraulic cause and no casualties (road and canal traffic were both interrupted for a routine lift at the time). Distinct from the 23 April 2014 event on the same bridge (B14.04.01). Project dates to 1990 (Italia '90 investment plan), tested/commissioned in 2004."
"IT26.04.01","montenero-di-bisaccia-2026","2026-04-02","Montenero di Bisaccia","Campobasso","70","campobasso","Campobasso","validated","Molise","42.0589065018491","14.7961973412529","waterway","Trigno","National","TC","1","0","true","Natural","Hydraulic","Flood","Scour","Pier / foundation","Probable","{""trigger"":""flood"",""failure_process"":""scour"",""component_involved"":""pier_foundation"",""evidence_level"":""probable"",""taxonomy_version"":""hydraulic-v2""}","High","true","Ponte sul Trigno","Beam bridge","Reinforced concrete","1970","1970","1970","Flagship","Total collapse of the SS16 bridge over the Trigno river near Montenero di Bisaccia (Molise) on 2 April 2026 following severe hydraulic phenomena associated with extreme flooding and scour processes affecting the riverbed during a major storm event. One person was reported missing following the collapse. Ipotesi tecnica prevalente: scalzamento di una pila in alveo durante la piena del Trigno; indagine della Procura di Larino in corso (2026)."
